0 38 0 18.915165 0 0
0 38 1 4.728791 0 0
0 31 2 4.728791 0 0
0 38 2 8.364117 0 0
0 38 3 3.803583 0 0
0 15 4 2.847978 0 0
0 38 4 28.479784 0 0
0 5 5 42.411415 0 0
0 38 5 18.677551 0 0
0 11 6 171.833466 0 0
0 38 6 13.336092 0 0
0 5 7 515.662170 0 0
0 22 7 4.728791 0 0
0 38 7 548.539795 0 0
0 39 7 9.457582 0 0
0 7 8 28.372749 0 0
0 11 8 945.758240 0 0
0 15 8 28.372749 0 0
0 19 8 14.186375 0 0
0 23 8 56.745499 0 0
0 35 8 9.457582 0 0
0 36 8 70.931870 0 0
0 38 8 18.915165 0 0
0 39 8 56.745499 0 0
3 25 8 28.372749 0 0
0 3 9 945.758240 0 0
0 5 9 56.745499 0 0
0 7 9 23.643959 0 0
0 15 9 4.728791 0 0
0 18 9 33.101543 0 0
0 19 9 14.186375 0 0
0 35 9 33.101543 0 0
0 38 9 23.643959 0 0
0 42 9 99.304626 0 0
0 10 10 870.097656 0 0
0 15 10 66.203087 0 0
0 38 10 37.830330 0 0
0 42 10 52.016701 0 0
0 43 10 472.879120 0 0
3 0 10 137.134949 0 0
0 14 11 14.186375 0 0
0 15 11 47.287918 0 0
0 19 11 23.643959 0 0
0 35 11 70.931870 0 0
0 38 11 99.304626 0 0
3 16 11 435.048828 0 0
0 10 12 70.931870 0 0
0 19 12 99.304626 0 0
0 38 12 359.388153 0 0
0 39 12 14.186375 0 0
0 35 13 28.372749 0 0
0 38 13 56.745499 0 0
0 6 14 18.915165 0 0
0 11 14 52.016701 0 0
0 39 14 89.847038 0 0
0 42 14 33.101543 0 0
0 9 15 42.559120 0 0
0 10 15 18.915165 0 0
0 15 15 52.016701 0 0
0 23 15 9.457582 0 0
0 38 15 28.372749 0 0
0 42 16 18.915165 0 0
0 47 19 23.643959 1 0
0 42 0 52.016701 0 0
0 42 1 9.457582 0 0
0 42 2 47.287918 0 0
0 44 2 14.186375 0 0
0 39 3 18.915165 0 0
0 42 3 7.318602 0 0
0 39 4 3.803583 0 0
0 42 4 5.695957 0 0
0 43 4 59.807549 0 0
0 38 5 22.836916 0 0
0 39 5 94.610069 0 0
0 42 5 186.775482 0 0
0 27 6 127.007339 0 0
0 35 6 14.942039 0 0
0 39 6 4.445364 0 0
0 42 6 168.923828 0 0
0 43 6 275.612579 0 0
0 15 7 47.287918 0 0
0 38 7 42.559120 0 0
0 39 7 359.388153 0 0
0 42 7 643.115662 0 0
0 11 8 4.728791 0 0
0 38 8 4.728791 0 0
0 39 8 14.186375 0 0
0 42 8 274.269897 0 0
0 11 9 179.694077 0 0
0 19 9 33.101543 0 0
0 23 9 397.218506 0 0
0 35 9 236.439560 0 0
0 38 9 510.709503 0 0
0 39 9 42.559120 0 0
0 40 9 23.643959 0 0
0 42 9 9.457582 0 0
2 5 9 42.559120 0 0
0 11 10 37.830330 0 0
0 28 10 586.370178 0 0
0 38 10 4.728791 0 0
0 39 10 255.354752 0 0
0 42 10 18.915165 0 0
0 43 10 18.915165 0 0
0 46 10 137.134949 0 0
1 33 10 472.879120 0 0
0 35 11 397.218506 0 0
0 36 11 118.219780 0 0
0 38 11 14.186375 0 0
0 39 11 89.847038 0 0
0 42 11 66.203087 0 0
0 43 11 80.389458 0 0
3 17 11 89.847038 0 0
0 35 12 137.134949 0 0
0 36 12 18.915165 0 0
0 39 12 37.830330 0 0
0 42 12 23.643959 0 0
0 45 12 80.389458 0 0
0 11 13 217.524414 0 0
0 15 13 4.728791 0 0
0 19 13 56.745499 0 0
0 36 13 56.745499 0 0
0 38 13 23.643959 0 0
0 39 13 33.101543 0 0
0 42 13 23.643959 0 0
0 43 13 99.304626 0 0
0 46 13 42.559120 0 0
0 19 14 33.101543 0 0
0 35 14 42.559120 0 0
0 39 14 18.915165 0 0
0 42 14 42.559120 0 0
2 6 14 70.931870 0 0
0 23 15 28.372749 0 0
0 34 15 23.643959 0 0
0 38 15 9.457582 0 0
0 41 15 14.186375 0 0
0 42 15 61.474293 0 0
0 35 17 70.931870 0 0
0 39 17 23.643959 0 0
0 43 18 42.559120 0 0
0 9 19 23.643959 0 0
0 40 19 14.186375 0 0
4 30 19 23.643959 1 0
0 14 0 8.364117 0 0
4 30 0 8.890727 0 0
0 14 1 9.457582 0 0
0 14 2 14.186375 0 0
0 19 2 61.474293 0 0
0 7 3 28.372749 0 0
0 14 3 42.559120 0 0
0 14 4 18.915165 0 0
0 15 4 3.136544 0 0
0 17 4 3.803583 0 0
0 14 5 28.479784 0 0
4 29 5 8.543936 0 0
0 9 6 3.262416 0 0
0 11 6 45.673832 0 0
0 14 6 201.717545 0 0
0 15 6 18.677551 0 0
0 22 6 14.942039 0 0
0 25 6 675.695312 0 0
0 10 7 23.643959 0 0
0 14 7 14.186375 0 0
0 15 7 510.709503 0 0
0 19 7 236.439560 0 0
0 9 8 52.016701 0 0
0 10 8 4.728791 0 0
0 14 8 108.762207 0 0
0 15 8 718.776306 0 0
0 18 8 80.389458 0 0
0 19 8 4.728791 0 0
0 22 8 14.186375 0 0
0 10 9 28.372749 0 0
0 13 9 718.776306 0 0
0 14 9 217.524414 0 0
0 15 9 89.847038 0 0
0 18 9 14.186375 0 0
6 40 9 61.474293 0 0
0 8 10 89.847038 0 0
0 10 10 18.915165 0 0
0 11 10 236.439560 0 0
0 14 10 198.609253 0 0
0 15 10 28.372749 0 0
3 9 10 4.728791 0 0
0 5 11 42.559120 0 0
0 10 11 61.474293 0 0
0 14 11 217.524414 0 0
0 15 11 118.219780 0 0
0 19 11 4.728791 0 0
0 35 11 397.218506 0 0
1 34 11 198.609253 0 0
0 8 12 18.915165 0 0
0 14 12 47.287918 0 0
0 15 12 28.372749 0 0
0 19 12 14.186375 0 0
0 11 13 23.643959 0 0
0 12 13 14.186375 0 0
0 13 13 9.457582 0 0
0 14 13 42.559120 0 0
0 22 13 9.457582 0 0
0 23 13 9.457582 0 0
1 32 13 80.389458 0 0
0 13 14 42.559120 0 0
0 14 14 33.101543 0 0
0 15 14 33.101543 0 0
0 18 14 66.203087 0 0
0 22 14 14.186375 0 0
2 16 14 14.186375 0 0
0 9 15 14.186375 0 0
0 14 15 33.101543 0 0
0 21 15 9.457582 0 0
1 0 15 28.372749 0 0
0 10 16 33.101543 0 0
0 11 16 37.830330 0 0
0 9 17 61.474293 0 0
0 10 17 42.559120 0 0
0 14 17 9.457582 0 0
0 22 18 89.847038 0 0
0 1 20 47.287918 1 0
0 14 0 47.287918 0 0
0 18 0 37.830330 0 0
0 14 1 9.457582 0 0
0 15 1 18.915165 0 0
0 14 2 9.457582 0 0
0 15 2 4.182058 0 0
0 18 2 1.045515 0 0
0 14 3 5.705375 0 0
0 14 4 3.803583 0 0
0 15 4 5.695957 0 0
0 18 4 14.239892 0 0
0 10 5 14.239892 0 0
0 14 5 55.461082 0 0
0 15 5 216.659576 0 0
0 14 6 33.619587 0 0
0 15 6 22.413061 0 0
0 17 6 22.226820 0 0
0 18 6 480.099335 0 0
0 19 6 22.226820 0 0
2 1 6 359.388153 0 0
0 14 7 146.592545 0 0
0 15 7 4.728791 0 0
0 18 7 293.185089 0 0
0 19 7 42.559120 0 0
0 37 7 548.539795 0 0
0 14 8 255.354752 0 0
0 15 8 47.287918 0 0
0 17 8 9.457582 0 0
0 18 8 14.186375 0 0
0 19 8 643.115662 0 0
0 21 8 321.557831 0 0
0 22 8 61.474293 0 0
0 10 9 179.694077 0 0
0 14 9 99.304626 0 0
0 15 9 14.186375 0 0
0 17 9 18.915165 0 0
0 18 9 9.457582 0 0
5 46 9 472.879120 0 0
5 47 9 293.185089 0 0
0 12 10 9.457582 0 0
0 14 10 108.762207 0 0
0 15 10 14.186375 0 0
0 18 10 274.269897 0 0
0 23 10 28.372749 0 0
0 13 11 198.609253 0 0
0 14 11 4.728791 0 0
0 15 11 18.915165 0 0
0 18 11 160.778915 0 0
0 21 11 70.931870 0 0
0 38 11 14.186375 0 0
0 15 12 14.186375 0 0
0 18 12 14.186375 0 0
0 13 13 137.134949 0 0
0 14 13 14.186375 0 0
0 17 13 42.559120 0 0
0 33 13 61.474293 0 0
0 35 13 56.745499 0 0
0 13 14 9.457582 0 0
0 15 14 14.186375 0 0
0 19 14 70.931870 0 0
0 9 15 9.457582 0 0
0 14 15 28.372749 0 0
6 39 15 37.830330 0 0
0 10 17 4.728791 0 0
0 12 17 4.728791 0 0
0 36 18 9.457582 0 0
0 37 18 42.559120 0 0
5 27 19 80.389458 1 0
0 14 0 37.830330 0 0
0 14 1 9.457582 0 0
0 14 2 87.922127 0 0
0 18 2 5.227573 0 0
0 14 3 15.214334 0 0
0 14 4 28.479784 0 0
0 14 5 5.695957 0 0
0 18 5 110.922165 0 0
0 14 6 108.329788 0 0
0 14 7 373.410583 0 0
0 11 8 13.336092 0 0
0 14 8 718.776306 0 0
0 15 8 794.437012 0 0
0 17 8 4.728791 0 0
0 18 8 794.437012 0 0
0 21 8 52.016701 0 0
0 0 9 18.915165 0 0
0 9 9 89.847038 0 0
0 10 9 37.830330 0 0
0 12 9 9.457582 0 0
0 13 9 28.372749 0 0
0 14 9 179.694077 0 0
0 6 10 42.559120 0 0
0 9 10 52.016701 0 0
0 10 10 1097.079590 0 0
0 13 10 99.304626 0 0
0 14 10 14.186375 0 0
0 15 10 9.457582 0 0
0 21 10 33.101543 0 0
0 22 10 794.437012 0 0
0 26 10 108.762207 0 0
0 10 11 9.457582 0 0
0 11 11 14.186375 0 0
0 13 11 4.728791 0 0
0 14 11 80.389458 0 0
0 15 11 179.694077 0 0
0 23 11 42.559120 0 0
0 3 12 548.539795 0 0
0 4 12 179.694077 0 0
0 5 12 37.830330 0 0
0 11 12 4.728791 0 0
0 14 12 23.643959 0 0
0 15 12 66.203087 0 0
0 14 13 14.186375 0 0
0 15 13 179.694077 0 0
0 23 13 9.457582 0 0
0 39 13 80.389458 0 0
5 45 13 23.643959 0 0
0 14 14 9.457582 0 0
0 15 14 179.694077 0 0
0 17 14 33.101543 0 0
0 19 14 23.643959 0 0
0 14 15 14.186375 0 0
0 18 15 42.559120 0 0
5 43 15 127.677376 0 0
0 16 16 23.643959 0 0
0 19 16 14.186375 0 0
0 20 16 14.186375 0 0
0 23 18 14.186375 0 0
5 43 25 89.847038 0 0
0 12 26 111.900894 1 0
0 39 0 33.101543 0 0
0 39 1 4.728791 0 0
0 39 2 9.457582 0 0
0 44 2 79.929207 0 0
0 37 3 2.091029 0 0
0 39 3 3.803583 0 0
0 39 4 48.415634 0 0
0 23 5 11.391913 0 0
0 35 5 13.049665 0 0
0 38 5 123.971832 0 0
0 39 5 463.203247 0 0
0 30 6 8.890727 0 0
0 39 6 22.226820 0 0
0 42 6 26.672184 0 0
0 38 7 675.695312 0 0
0 39 7 9.457582 0 0
0 42 7 1021.419006 0 0
0 45 7 37.830330 0 0
0 38 8 4.728791 0 0
0 39 8 1172.740356 0 0
0 42 8 14.186375 0 0
0 43 8 33.101543 0 0
0 44 8 118.219780 0 0
4 20 8 718.776306 0 0
0 33 9 47.287918 0 0
0 35 9 14.186375 0 0
0 37 9 28.372749 0 0
0 38 9 9.457582 0 0
0 39 9 14.186375 0 0
0 11 10 118.219780 0 0
0 27 10 14.186375 0 0
0 35 10 643.115662 0 0
0 36 10 18.915165 0 0
0 39 10 9.457582 0 0
0 41 10 14.186375 0 0
0 42 10 18.915165 0 0
0 44 10 359.388153 0 0
2 10 10 37.830330 0 0
0 18 11 160.778915 0 0
0 33 11 61.474293 0 0
0 35 11 18.915165 0 0
0 36 11 14.186375 0 0
0 38 11 28.372749 0 0
0 39 11 61.474293 0 0
0 42 11 28.372749 0 0
0 23 12 397.218506 0 0
0 33 12 56.745499 0 0
0 35 12 118.219780 0 0
0 38 12 23.643959 0 0
0 39 12 14.186375 0 0
0 40 12 23.643959 0 0
0 44 12 146.592545 0 0
0 45 12 52.016701 0 0
0 10 13 9.457582 0 0
0 35 13 23.643959 0 0
0 36 13 42.559120 0 0
0 39 13 52.016701 0 0
0 40 13 28.372749 0 0
0 44 13 127.677376 0 0
0 46 13 42.559120 0 0
0 20 14 42.559120 0 0
0 33 14 14.186375 0 0
0 36 14 23.643959 0 0
0 37 14 14.186375 0 0
0 39 14 9.457582 0 0
0 40 14 9.457582 0 0
0 7 15 70.931870 0 0
0 38 15 18.915165 0 0
0 39 15 42.559120 0 0
0 39 16 9.457582 0 0
3 20 16 28.372749 0 0
2 29 24 33.101543 1 0
0 38 0 8.364117 0 0
5 44 0 28.372749 0 0
0 35 1 4.728791 0 0
0 38 2 127.677376 0 0
0 35 3 8.890727 0 0
0 38 3 26.672184 0 0
0 40 3 4.728791 0 0
0 35 4 4.728791 0 0
0 38 4 23.643959 0 0
0 39 4 2.091029 0 0
0 11 5 3.803583 0 0
0 35 5 5.695957 0 0
0 38 5 123.971832 0 0
1 11 5 32.624168 0 0
2 16 5 9.787251 0 0
0 22 6 63.503670 0 0
0 35 6 231.601624 0 0
0 38 6 41.090607 0 0
0 39 6 22.226820 0 0
3 12 6 337.847656 0 0
0 11 7 337.847656 0 0
0 19 7 14.186375 0 0
0 35 7 274.269897 0 0
0 36 7 718.776306 0 0
0 38 7 127.677376 0 0
0 39 7 61.474293 0 0
0 15 8 33.101543 0 0
0 33 8 359.388153 0 0
0 35 8 37.830330 0 0
0 36 8 510.709503 0 0
0 38 8 61.474293 0 0
0 39 8 61.474293 0 0
0 40 8 9.457582 0 0
0 42 8 321.557831 0 0
0 35 9 61.474293 0 0
0 36 9 510.709503 0 0
0 38 9 42.559120 0 0
0 42 9 9.457582 0 0
0 35 10 99.304626 0 0
0 38 10 548.539795 0 0
0 39 10 4.728791 0 0
0 42 10 37.830330 0 0
0 46 10 61.474293 0 0
1 34 10 293.185089 0 0
0 19 11 472.879120 0 0
0 27 11 89.847038 0 0
0 33 11 47.287918 0 0
0 35 11 80.389458 0 0
0 38 11 14.186375 0 0
0 39 11 14.186375 0 0
0 40 11 37.830330 0 0
0 11 12 397.218506 0 0
0 15 12 4.728791 0 0
0 33 12 4.728791 0 0
0 35 12 18.915165 0 0
0 38 12 9.457582 0 0
0 39 12 37.830330 0 0
0 11 13 61.474293 0 0
0 15 13 56.745499 0 0
0 35 13 52.016701 0 0
0 38 13 37.830330 0 0
0 39 13 18.915165 0 0
0 45 13 14.186375 0 0
0 35 14 118.219780 0 0
0 38 14 217.524414 0 0
0 42 14 18.915165 0 0
3 20 14 4.728791 0 0
0 15 15 37.830330 0 0
0 22 15 66.203087 0 0
0 35 15 18.915165 0 0
0 36 15 56.745499 0 0
0 38 15 56.745499 0 0
0 7 16 108.762207 0 0
0 35 16 4.728791 0 0
0 38 16 127.677376 0 0
0 45 16 33.101543 0 0
0 1 17 47.287918 0 0
0 35 17 9.457582 0 0
0 38 17 33.101543 0 0
4 21 17 9.457582 0 0
4 26 17 99.304626 0 0
5 46 19 33.101543 1 0
0 14 0 37.830330 0 0
0 18 0 23.643959 0 0
1 14 0 14.186375 0 0
0 9 1 9.457582 0 0
0 14 1 37.830330 0 0
0 14 2 61.474293 0 0
0 18 2 4.728791 0 0
0 14 3 47.287918 0 0
0 11 4 8.364117 0 0
0 14 4 2.091029 0 0
0 16 4 4.182058 0 0
0 18 4 32.330460 0 0
0 14 5 11.410750 0 0
0 10 6 8.543936 0 0
0 11 6 17.087872 0 0
0 14 6 123.971832 0 0
0 18 6 7.471019 0 0
0 38 6 93.387741 0 0
4 31 6 108.329788 0 0
5 27 6 216.659576 0 0
0 13 7 960.198669 0 0
0 14 7 42.559120 0 0
0 15 7 47.287918 0 0
0 18 7 718.776306 0 0
0 19 7 643.115662 0 0
0 21 7 9.457582 0 0
0 14 8 33.101543 0 0
0 15 8 1097.079590 0 0
0 17 8 28.372749 0 0
0 18 8 160.778915 0 0
0 20 8 9.457582 0 0
0 21 8 9.457582 0 0
0 22 8 127.677376 0 0
5 45 8 61.474293 0 0
0 10 9 42.559120 0 0
0 11 9 472.879120 0 0
0 14 9 9.457582 0 0
0 15 9 4.728791 0 0
0 16 9 14.186375 0 0
0 18 9 14.186375 0 0
0 42 9 14.186375 0 0
0 14 10 236.439560 0 0
0 17 10 18.915165 0 0
0 18 10 23.643959 0 0
0 14 11 118.219780 0 0
0 18 11 14.186375 0 0
0 19 11 179.694077 0 0
0 5 12 28.372749 0 0
0 14 12 70.931870 0 0
0 15 12 217.524414 0 0
0 17 12 28.372749 0 0
0 19 12 4.728791 0 0
0 38 12 28.372749 0 0
6 3 12 28.372749 0 0
0 10 13 28.372749 0 0
0 14 13 80.389458 0 0
0 17 13 28.372749 0 0
0 18 13 23.643959 0 0
0 5 14 9.457582 0 0
0 14 14 80.389458 0 0
0 17 14 23.643959 0 0
0 18 14 56.745499 0 0
0 19 14 37.830330 0 0
0 14 15 179.694077 0 0
0 17 15 23.643959 0 0
0 18 15 47.287918 0 0
5 26 15 18.915165 0 0
5 30 15 137.134949 0 0
0 18 16 33.101543 0 0
0 20 16 9.457582 0 0
5 47 16 61.474293 0 0
0 14 17 33.101543 0 0
0 18 17 14.186375 0 0
0 13 18 9.457582 0 0
0 13 19 14.186375 0 0
4 25 21 14.186375 1 0
0 14 0 28.372749 0 0
0 14 1 4.728791 0 0
0 14 2 23.643959 0 0
0 14 3 12.546175 0 0
0 14 4 3.803583 0 0
0 14 5 48.415634 0 0
0 15 5 88.085251 0 0
0 14 6 283.898743 0 0
0 15 6 889.072693 0 0
0 19 6 17.781454 0 0
0 39 6 945.758240 0 0
0 10 7 127.677376 0 0
0 13 7 4.728791 0 0
0 14 7 4.728791 0 0
0 15 7 47.287918 0 0
0 18 7 61.474293 0 0
0 9 8 1097.079590 0 0
0 14 8 274.269897 0 0
0 15 8 108.762207 0 0
0 17 8 14.186375 0 0
0 18 8 870.097656 0 0
4 25 8 217.524414 0 0
0 10 9 14.186375 0 0
0 13 9 9.457582 0 0
0 14 9 99.304626 0 0
0 15 9 4.728791 0 0
0 18 9 794.437012 0 0
0 19 9 9.457582 0 0
0 38 9 23.643959 0 0
5 46 9 70.931870 0 0
0 5 10 47.287918 0 0
0 10 10 23.643959 0 0
0 14 10 23.643959 0 0
0 15 10 217.524414 0 0
0 17 10 42.559120 0 0
0 18 10 4.728791 0 0
0 5 11 4.728791 0 0
0 9 11 18.915165 0 0
0 10 11 14.186375 0 0
0 14 11 4.728791 0 0
0 14 12 359.388153 0 0
0 15 12 99.304626 0 0
0 18 12 47.287918 0 0
0 22 12 89.847038 0 0
0 8 13 9.457582 0 0
0 12 13 14.186375 0 0
0 15 13 18.915165 0 0
0 18 13 14.186375 0 0
0 2 14 23.643959 0 0
0 14 15 23.643959 0 0
0 19 15 9.457582 0 0
0 15 16 70.931870 0 0
0 14 17 61.474293 0 0
0 14 18 28.372749 0 0
5 47 18 18.915165 1 0
0 33 0 14.186375 0 0
0 39 0 9.457582 0 0
0 39 1 80.389458 0 0
0 27 2 18.915165 0 0
0 39 2 28.372749 0 0
0 39 3 9.457582 0 0
0 39 4 18.915165 0 0
0 39 5 12.546175 0 0
0 38 6 2.091029 0 0
0 39 6 3.803583 0 0
0 45 6 19.935848 0 0
0 35 7 19.935848 0 0
0 39 7 9.787251 0 0
0 42 7 141.949371 0 0
0 39 8 302.284760 0 0
0 42 8 14.186375 0 0
3 24 8 435.048828 0 0
0 23 9 37.830330 0 0
0 33 9 23.643959 0 0
0 35 9 586.370178 0 0
0 36 9 56.745499 0 0
0 39 9 945.758240 0 0
0 42 9 108.762207 0 0
0 23 10 66.203087 0 0
0 27 10 18.915165 0 0
0 35 10 89.847038 0 0
0 38 10 28.372749 0 0
0 39 10 643.115662 0 0
0 40 10 14.186375 0 0
0 42 10 37.830330 0 0
0 45 10 33.101543 0 0
0 36 11 37.830330 0 0
0 38 11 4.728791 0 0
0 39 11 643.115662 0 0
0 40 11 108.762207 0 0
0 42 11 255.354752 0 0
0 43 11 42.559120 0 0
2 4 11 28.372749 0 0
0 5 12 9.457582 0 0
0 15 12 397.218506 0 0
0 19 12 33.101543 0 0
0 39 12 160.778915 0 0
0 42 12 28.372749 0 0
0 43 12 23.643959 0 0
0 46 12 28.372749 0 0
3 18 12 28.372749 0 0
0 38 13 255.354752 0 0
0 39 13 70.931870 0 0
0 43 13 47.287918 0 0
0 44 13 42.559120 0 0
2 2 13 118.219780 0 0
5 46 13 52.016701 0 0
0 4 14 9.457582 0 0
0 15 14 4.728791 0 0
0 42 14 47.287918 0 0
0 35 15 47.287918 0 0
0 38 15 80.389458 0 0
0 39 15 14.186375 0 0
0 42 15 14.186375 0 0
0 16 16 66.203087 0 0
0 39 16 14.186375 0 0
0 42 16 9.457582 0 0
3 23 16 9.457582 0 0
0 37 17 18.915165 0 0
2 6 18 9.457582 0 0
0 46 20 61.474293 1 0
0 39 0 23.643959 0 0
0 41 0 37.830330 0 0
0 39 1 14.186375 0 0
0 39 2 2.091029 0 0
0 39 3 1.045515 0 0
0 38 4 5.705375 0 0
0 39 4 5.695957 0 0
0 42 4 42.411415 0 0
0 11 5 14.942039 0 0
0 35 5 216.659576 0 0
0 39 5 7.471019 0 0
0 37 6 186.705292 0 0
0 39 6 4.445364 0 0
0 42 6 302.284760 0 0
0 43 6 23.643959 0 0
0 35 7 1172.740356 0 0
0 39 7 18.915165 0 0
0 12 8 108.762207 0 0
0 33 8 255.354752 0 0
0 36 8 870.097656 0 0
0 38 8 23.643959 0 0
0 39 8 14.186375 0 0
0 43 8 47.287918 0 0
0 35 9 99.304626 0 0
0 36 9 1021.419006 0 0
0 39 9 9.457582 0 0
0 40 9 56.745499 0 0
0 43 9 66.203087 0 0
0 19 10 586.370178 0 0
0 35 10 42.559120 0 0
0 36 10 42.559120 0 0
0 38 10 37.830330 0 0
0 39 10 37.830330 0 0
0 40 10 23.643959 0 0
0 42 10 9.457582 0 0
0 44 10 472.879120 0 0
0 35 11 56.745499 0 0
0 36 11 70.931870 0 0
0 39 11 33.101543 0 0
0 40 11 52.016701 0 0
0 11 12 33.101543 0 0
0 34 12 179.694077 0 0
0 36 12 9.457582 0 0
0 39 12 33.101543 0 0
0 43 12 18.915165 0 0
0 35 13 80.389458 0 0
0 39 13 14.186375 0 0
0 7 14 28.372749 0 0
0 38 14 9.457582 0 0
0 39 14 14.186375 0 0
0 35 15 66.203087 0 0
0 39 15 37.830330 0 0
1 3 15 28.372749 0 0
2 5 15 14.186375 0 0
0 43 16 23.643959 0 0
0 45 16 118.219780 0 0
0 40 18 61.474293 0 0
2 20 18 80.389458 0 0
0 33 20 14.186375 1 0
0 19 0 14.186375 0 0
0 38 1 23.643959 0 0
0 19 2 18.915165 0 0
0 15 3 14.186375 0 0
0 19 3 2.091029 0 0
0 38 3 5.705375 0 0
0 19 4 59.807549 0 0
0 38 4 6.524833 0 0
0 11 5 19.574501 0 0
0 15 5 110.922165 0 0
0 19 5 373.550964 0 0
0 20 5 141.949371 0 0
0 23 5 4.445364 0 0
0 35 5 373.410583 0 0
0 38 5 111.134087 0 0
0 15 6 8.890727 0 0
0 19 6 4.445364 0 0
0 22 6 66.680458 0 0
0 38 6 604.569519 0 0
4 28 6 160.778915 0 0
0 15 7 718.776306 0 0
0 19 7 14.186375 0 0
0 23 7 160.778915 0 0
0 38 7 718.776306 0 0
0 15 8 397.218506 0 0
0 19 8 14.186375 0 0
0 38 8 397.218506 0 0
0 11 9 89.847038 0 0
0 15 9 255.354752 0 0
0 19 9 127.677376 0 0
0 22 9 4.728791 0 0
0 38 9 52.016701 0 0
0 15 10 108.762207 0 0
0 19 10 14.186375 0 0
0 23 10 397.218506 0 0
0 38 10 18.915165 0 0
6 19 10 236.439560 0 0
0 11 11 14.186375 0 0
0 15 11 108.762207 0 0
0 27 11 89.847038 0 0
0 33 11 61.474293 0 0
0 38 11 47.287918 0 0
4 40 11 14.186375 0 0
0 10 12 37.830330 0 0
0 19 12 9.457582 0 0
0 23 12 89.847038 0 0
0 31 12 14.186375 0 0
0 37 12 18.915165 0 0
0 38 12 4.728791 0 0
0 39 12 14.186375 0 0
6 32 12 4.728791 0 0
0 15 13 4.728791 0 0
0 19 13 9.457582 0 0
0 38 13 127.677376 0 0
0 15 14 9.457582 0 0
0 19 14 160.778915 0 0
0 38 14 61.474293 0 0
0 19 15 99.304626 0 0
0 23 15 4.728791 0 0
0 35 15 18.915165 0 0
0 19 16 42.559120 0 0
0 23 16 4.728791 0 0
0 26 16 14.186375 0 0
0 38 16 14.186375 0 0
0 18 17 4.728791 0 0
0 39 18 9.457582 0 0
0 38 20 18.915165 0 0
0 22 23 146.851135 1 0
0 15 0 18.915165 0 0
0 38 0 4.182058 0 0
0 10 1 2.091029 0 0
0 15 1 11.410750 0 0
0 38 2 11.410750 0 0
0 15 3 11.391913 0 0
0 38 4 9.787251 0 0
0 15 5 186.775482 0 0
0 38 5 444.536346 0 0
0 11 6 22.226820 0 0
0 15 6 89.847038 0 0
0 19 6 321.557831 0 0
0 23 6 42.559120 0 0
0 34 6 23.643959 0 0
0 35 6 14.186375 0 0
0 36 6 217.524414 0 0
0 38 6 56.745499 0 0
0 11 7 870.097656 0 0
0 15 7 14.186375 0 0
0 19 7 870.097656 0 0
0 38 7 160.778915 0 0
0 15 8 586.370178 0 0
0 19 8 179.694077 0 0
0 33 8 14.186375 0 0
0 38 8 9.457582 0 0
0 42 8 643.115662 0 0
6 1 8 18.915165 0 0
0 11 9 18.915165 0 0
0 15 9 435.048828 0 0
0 18 9 9.457582 0 0
0 19 9 28.372749 0 0
0 38 9 146.592545 0 0
0 6 10 18.915165 0 0
0 7 10 23.643959 0 0
0 11 10 28.372749 0 0
0 14 10 4.728791 0 0
0 15 10 255.354752 0 0
0 19 10 4.728791 0 0
0 38 10 127.677376 0 0
0 39 10 18.915165 0 0
0 10 11 47.287918 0 0
0 11 11 23.643959 0 0
0 15 11 397.218506 0 0
0 35 11 28.372749 0 0
0 38 11 146.592545 0 0
0 3 12 23.643959 0 0
0 11 12 18.915165 0 0
0 15 12 28.372749 0 0
0 38 12 14.186375 0 0
0 43 12 33.101543 0 0
0 11 13 28.372749 0 0
0 13 13 56.745499 0 0
0 15 13 80.389458 0 0
0 38 13 99.304626 0 0
0 42 13 14.186375 0 0
0 15 14 42.559120 0 0
0 20 14 18.915165 0 0
0 33 14 28.372749 0 0
0 38 14 23.643959 0 0
0 19 15 18.915165 0 0
0 38 15 28.372749 0 0
0 24 16 14.186375 0 0
0 0 19 23.643959 0 0
0 11 19 14.186375 0 0
0 46 21 18.915165 1 0
0 15 0 18.915165 0 0
0 15 1 28.372749 0 0
0 15 2 14.186375 0 0
0 15 3 2.091029 0 0
0 14 4 3.803583 0 0
0 15 4 22.783827 0 0
0 14 5 101.134911 0 0
0 15 5 11.206531 0 0
0 20 5 313.782867 0 0
0 14 6 44.453640 0 0
0 15 6 204.486740 0 0
0 19 6 17.781454 0 0
0 5 7 80.389458 0 0
0 10 7 217.524414 0 0
0 15 7 4.728791 0 0
0 9 8 9.457582 0 0
0 13 8 56.745499 0 0
0 14 8 359.388153 0 0
0 15 8 9.457582 0 0
0 18 8 14.186375 0 0
0 33 8 160.778915 0 0
4 29 8 198.609253 0 0
0 14 9 14.186375 0 0
0 15 9 14.186375 0 0
0 17 9 33.101543 0 0
0 18 9 510.709503 0 0
0 21 9 9.457582 0 0
0 10 10 52.016701 0 0
0 13 10 14.186375 0 0
0 14 10 99.304626 0 0
0 15 10 70.931870 0 0
0 19 10 198.609253 0 0
0 9 11 397.218506 0 0
0 10 11 52.016701 0 0
0 14 11 18.915165 0 0
0 15 11 9.457582 0 0
0 18 11 118.219780 0 0
0 21 11 293.185089 0 0
0 22 11 28.372749 0 0
4 29 11 4.728791 0 0
0 14 12 47.287918 0 0
0 15 12 179.694077 0 0
0 18 12 274.269897 0 0
0 19 12 217.524414 0 0
0 10 13 118.219780 0 0
0 14 13 47.287918 0 0
0 15 13 198.609253 0 0
0 18 13 472.879120 0 0
0 11 14 4.728791 0 0
0 14 14 9.457582 0 0
0 15 14 89.847038 0 0
0 18 14 255.354752 0 0
0 19 14 37.830330 0 0
0 10 15 70.931870 0 0
0 11 15 47.287918 0 0
0 13 15 9.457582 0 0
0 14 15 37.830330 0 0
0 15 15 70.931870 0 0
0 19 15 160.778915 0 0
2 4 15 56.745499 0 0
0 15 16 14.186375 0 0
0 16 16 14.186375 0 0
0 18 16 14.186375 0 0
0 19 16 52.016701 0 0
0 22 16 28.372749 0 0
0 8 17 14.186375 0 0
0 14 17 9.457582 0 0
0 15 17 14.186375 0 0
0 18 17 42.559120 0 0
0 19 17 33.101543 0 0
0 35 17 9.457582 0 0
0 14 18 18.915165 0 0
0 15 18 42.559120 1 0
0 18 0 18.915165 0 0
0 18 1 22.783827 0 0
0 18 2 31.971682 0 0
1 20 2 2.091029 0 0
0 18 3 3.803583 0 0
0 18 4 14.239892 0 0
0 14 5 26.099331 0 0
0 18 5 115.800812 0 0
0 21 5 240.049667 0 0
0 12 6 444.536346 0 0
0 15 6 48.898998 0 0
0 17 6 9.457582 0 0
0 18 6 47.287918 0 0
0 19 6 33.101543 0 0
0 22 6 1286.231323 0 0
0 9 7 56.745499 0 0
0 10 7 14.186375 0 0
0 14 7 14.186375 0 0
0 18 7 47.287918 0 0
0 22 7 586.370178 0 0
0 12 8 794.437012 0 0
0 14 8 80.389458 0 0
0 17 8 18.915165 0 0
0 18 8 61.474293 0 0
0 19 8 28.372749 0 0
0 23 8 794.437012 0 0
0 26 8 127.677376 0 0
0 14 9 14.186375 0 0
0 15 9 9.457582 0 0
0 17 9 66.203087 0 0
0 18 9 179.694077 0 0
0 19 9 108.762207 0 0
0 21 9 586.370178 0 0
0 22 9 42.559120 0 0
0 5 10 14.186375 0 0
0 14 10 14.186375 0 0
0 15 10 52.016701 0 0
0 18 10 28.372749 0 0
0 19 10 61.474293 0 0
0 22 10 255.354752 0 0
6 41 10 80.389458 0 0
0 12 11 4.728791 0 0
0 13 11 23.643959 0 0
0 14 11 28.372749 0 0
0 15 11 127.677376 0 0
0 18 11 23.643959 0 0
0 25 11 52.016701 0 0
0 18 12 28.372749 0 0
0 20 12 28.372749 0 0
0 14 13 23.643959 0 0
0 15 13 14.186375 0 0
0 17 13 56.745499 0 0
0 18 13 9.457582 0 0
0 10 14 28.372749 0 0
0 15 14 4.728791 0 0
0 16 14 18.915165 0 0
0 15 15 160.778915 0 0
0 17 15 18.915165 0 0
0 18 15 4.728791 0 0
0 19 15 14.186375 0 0
0 43 15 28.372749 0 0
0 15 16 14.186375 0 0
0 19 16 33.101543 0 0
0 16 17 23.643959 0 0
0 22 20 9.457582 0 0
0 26 21 33.101543 0 0
0 28 22 61.474293 0 0
1 4 24 9.457582 1 0
0 38 0 28.372749 0 0
0 38 1 108.762207 0 0
0 38 2 56.745499 0 0
0 38 3 23.643959 0 0
0 38 4 9.457582 0 0
0 2 5 4.728791 0 0
0 15 5 71.936279 0 0
0 38 5 2.091029 0 0
0 19 6 3.803583 0 0
0 38 6 25.631804 0 0
0 42 6 29.361746 0 0
0 15 7 108.329788 0 0
0 17 7 22.226820 0 0
0 19 7 53.344368 0 0
0 35 7 302.284760 0 0
0 38 7 198.609253 0 0
0 39 7 321.557831 0 0
0 18 8 435.048828 0 0
0 19 8 9.457582 0 0
0 38 8 9.457582 0 0
2 4 8 9.457582 0 0
2 13 8 198.609253 0 0
0 3 9 472.879120 0 0
0 38 9 118.219780 0 0
0 30 10 66.203087 0 0
0 38 10 33.101543 0 0
0 39 10 137.134949 0 0
0 23 11 18.915165 0 0
0 38 11 586.370178 0 0
0 19 12 14.186375 0 0
0 21 12 643.115662 0 0
0 23 12 47.287918 0 0
0 25 12 18.915165 0 0
0 36 12 397.218506 0 0
0 38 12 52.016701 0 0
0 42 12 47.287918 0 0
0 45 12 47.287918 0 0
3 23 12 33.101543 0 0
0 15 13 33.101543 0 0
0 19 13 321.557831 0 0
0 38 13 18.915165 0 0
0 42 13 28.372749 0 0
0 45 13 18.915165 0 0
0 9 14 28.372749 0 0
0 15 14 548.539795 0 0
0 19 14 14.186375 0 0
0 35 14 37.830330 0 0
0 38 14 18.915165 0 0
0 19 15 118.219780 0 0
0 36 15 118.219780 0 0
0 38 15 33.101543 0 0
0 19 16 236.439560 0 0
0 38 16 23.643959 0 0
0 39 16 18.915165 0 0
0 15 17 274.269897 0 0
0 21 17 14.186375 0 0
0 38 17 47.287918 0 0
0 39 17 23.643959 0 0
0 15 18 23.643959 0 0
0 32 18 37.830330 0 0
0 35 18 146.592545 0 0
0 38 18 9.457582 0 0
0 40 18 28.372749 0 0
0 42 18 4.728791 0 0
0 38 19 89.847038 0 0
0 39 20 108.762207 0 0
0 42 20 9.457582 0 0
0 43 20 18.915165 0 0
2 9 20 37.830330 0 0
2 10 20 9.457582 0 0
0 9 21 47.287918 0 0
0 22 21 118.219780 0 0
0 42 21 14.186375 0 0
0 43 21 14.186375 0 0
0 39 22 80.389458 0 0
2 0 22 23.643959 0 0
0 21 23 33.101543 0 0
0 39 23 19.154495 0 0
3 30 27 57.463482 1 0
0 38 0 3.262416 0 0
2 18 0 23.643959 0 0
0 38 1 80.389458 0 0
0 39 1 14.186375 0 0
0 38 2 3.136544 0 0
0 15 3 33.101543 0 0
0 38 3 3.136544 0 0
4 28 3 5.705375 0 0
0 38 4 1.901792 0 0
0 6 5 22.783827 0 0
0 15 5 29.361746 0 0
0 18 5 81.560402 0 0
0 38 5 127.007339 0 0
0 11 6 62.235096 0 0
0 15 6 57.789730 0 0
0 36 6 17.781454 0 0
0 38 6 302.284760 0 0
0 42 6 23.643959 0 0
5 37 6 28.372749 0 0
0 15 7 9.457582 0 0
0 25 7 718.776306 0 0
0 38 7 4.728791 0 0
0 42 7 321.557831 0 0
0 45 7 4.728791 0 0
3 20 7 718.776306 0 0
0 1 8 28.372749 0 0
0 15 8 4.728791 0 0
0 19 8 61.474293 0 0
0 35 8 18.915165 0 0
0 38 8 42.559120 0 0
0 40 8 33.101543 0 0
0 7 9 1021.419006 0 0
0 13 9 4.728791 0 0
0 14 9 18.915165 0 0
0 15 9 23.643959 0 0
0 18 9 9.457582 0 0
0 19 9 99.304626 0 0
0 38 9 23.643959 0 0
0 39 9 28.372749 0 0
0 11 10 359.388153 0 0
0 15 10 18.915165 0 0
0 18 10 118.219780 0 0
0 19 10 33.101543 0 0
0 35 10 28.372749 0 0
0 38 10 66.203087 0 0
0 39 10 37.830330 0 0
0 15 11 217.524414 0 0
0 23 11 23.643959 0 0
0 35 11 33.101543 0 0
0 38 11 9.457582 0 0
4 47 11 42.559120 0 0
0 15 12 255.354752 0 0
0 19 12 47.287918 0 0
0 23 12 4.728791 0 0
0 27 12 56.745499 0 0
0 38 12 18.915165 0 0
0 42 12 127.677376 0 0
0 15 13 14.186375 0 0
0 38 13 52.016701 0 0
0 39 13 9.457582 0 0
0 15 14 18.915165 0 0
0 19 14 9.457582 0 0
0 38 14 23.643959 0 0
5 44 14 28.372749 0 0
0 38 15 127.677376 0 0
0 3 16 80.389458 0 0
0 15 16 80.389458 0 0
0 18 16 23.643959 0 0
0 23 16 14.186375 0 0
0 38 16 47.287918 0 0
0 42 16 14.186375 0 0
0 38 18 9.457582 0 0
0 41 19 42.559120 1 0
0 15 0 37.830330 0 0
0 15 1 13.336092 0 0
0 15 2 9.457582 0 0
0 15 3 23.643959 0 0
0 15 4 23.643959 0 0
0 38 4 80.389458 0 0
0 15 5 3.136544 0 0
0 19 5 3.803583 0 0
3 12 5 5.695957 0 0
0 2 6 61.985916 0 0
0 3 6 100.858772 0 0
0 15 6 48.561630 0 0
0 19 6 408.973480 0 0
0 38 6 53.344368 0 0
0 15 7 18.915165 0 0
0 38 7 52.016701 0 0
0 13 8 510.709503 0 0
0 15 8 179.694077 0 0
0 19 8 359.388153 0 0
0 38 8 1021.419006 0 0
0 42 8 108.762207 0 0
0 7 9 9.457582 0 0
0 15 9 718.776306 0 0
0 16 9 472.879120 0 0
0 19 9 137.134949 0 0
0 22 9 37.830330 0 0
0 35 9 33.101543 0 0
0 37 9 293.185089 0 0
0 38 9 18.915165 0 0
0 15 10 14.186375 0 0
0 18 10 37.830330 0 0
0 19 10 37.830330 0 0
0 38 10 137.134949 0 0
4 27 10 146.592545 0 0
0 11 11 118.219780 0 0
0 15 11 66.203087 0 0
0 19 11 146.592545 0 0
0 42 11 89.847038 0 0
3 34 11 9.457582 0 0
0 11 12 255.354752 0 0
0 15 12 108.762207 0 0
0 19 12 14.186375 0 0
0 20 12 9.457582 0 0
0 38 12 236.439560 0 0
0 11 13 66.203087 0 0
0 15 13 89.847038 0 0
0 19 13 80.389458 0 0
0 38 13 89.847038 0 0
0 43 13 217.524414 0 0
0 17 14 99.304626 0 0
0 18 14 70.931870 0 0
0 19 14 4.728791 0 0
0 38 14 47.287918 0 0
0 15 15 18.915165 0 0
0 19 15 33.101543 0 0
0 23 15 18.915165 0 0
0 26 16 274.269897 0 0
0 38 16 28.372749 0 0
3 25 16 42.559120 0 0
3 29 16 28.372749 0 0
0 10 17 14.186375 0 0
0 29 17 37.830330 0 0
3 25 17 9.457582 0 0
0 15 18 18.915165 0 0
0 19 18 47.287918 0 0
0 35 18 14.186375 0 0
0 11 19 4.728791 0 0
0 19 20 23.643959 0 0
0 9 21 18.915165 0 0
0 15 23 31.924160 1 0
0 35 0 14.186375 0 0
1 43 0 7.318602 0 0
0 35 1 14.186375 0 0
0 35 2 42.559120 0 0
0 11 3 9.457582 0 0
0 35 3 47.287918 0 0
0 38 3 33.101543 0 0
0 1 4 9.457582 0 0
0 6 4 47.287918 0 0
0 35 4 37.830330 0 0
0 39 4 14.186375 0 0
0 35 5 2.091029 0 0
0 39 5 39.937630 0 0
0 35 6 39.871696 0 0
0 36 6 19.574501 0 0
0 38 6 123.971832 0 0
0 39 6 39.149002 0 0
0 42 6 44.826122 0 0
1 1 6 26.148571 0 0
0 15 7 254.014679 0 0
0 32 7 41.090607 0 0
0 33 7 675.695312 0 0
0 35 7 337.847656 0 0
0 36 7 643.115662 0 0
0 38 7 47.287918 0 0
0 39 7 23.643959 0 0
2 14 7 548.539795 0 0
3 13 7 14.186375 0 0
3 17 7 23.643959 0 0
0 15 8 18.915165 0 0
0 35 8 23.643959 0 0
0 36 8 870.097656 0 0
0 38 8 33.101543 0 0
0 39 8 99.304626 0 0
0 42 8 146.592545 0 0
0 11 9 47.287918 0 0
0 15 9 397.218506 0 0
0 35 9 14.186375 0 0
0 38 9 70.931870 0 0
0 39 9 255.354752 0 0
3 30 9 37.830330 0 0
0 6 10 9.457582 0 0
0 11 10 33.101543 0 0
0 23 10 794.437012 0 0
0 34 10 80.389458 0 0
0 35 10 99.304626 0 0
0 38 10 18.915165 0 0
0 39 10 70.931870 0 0
0 41 10 33.101543 0 0
0 42 10 9.457582 0 0
0 35 11 255.354752 0 0
0 39 11 89.847038 0 0
0 1 12 99.304626 0 0
0 32 12 4.728791 0 0
0 10 13 359.388153 0 0
0 19 13 108.762207 0 0
0 35 13 14.186375 0 0
0 37 13 4.728791 0 0
0 38 13 14.186375 0 0
0 45 13 33.101543 0 0
0 46 13 14.186375 0 0
4 45 13 18.915165 0 0
0 11 14 14.186375 0 0
2 5 14 14.186375 0 0
2 8 14 14.186375 0 0
0 36 15 28.372749 0 0
0 37 15 14.186375 0 0
3 16 15 18.915165 0 0
0 7 16 56.745499 0 0
0 37 16 14.186375 0 0
0 39 16 33.101543 0 0
0 39 17 18.915165 0 0
3 29 18 47.287918 0 0
0 3 19 118.219780 1 0
0 15 0 70.931870 0 0
0 15 1 33.101543 0 0
0 15 2 8.364117 0 0
0 26 2 19.017920 0 0
0 15 3 48.415634 0 0
0 14 4 22.783827 0 0
0 15 4 68.510750 0 0
0 14 5 33.619587 0 0
0 15 5 216.659576 0 0
0 9 6 93.352646 0 0
0 10 6 222.268173 0 0
0 14 6 4.728791 0 0
0 15 6 4.728791 0 0
0 17 6 160.778915 0 0
0 18 6 359.388153 0 0
0 19 6 18.915165 0 0
0 38 6 47.287918 0 0
5 46 6 23.643959 0 0
0 10 7 47.287918 0 0
0 11 7 42.559120 0 0
0 14 7 118.219780 0 0
0 15 7 236.439560 0 0
1 4 7 718.776306 0 0
0 11 8 42.559120 0 0
0 14 8 321.557831 0 0
0 15 8 718.776306 0 0
0 19 8 14.186375 0 0
0 10 9 80.389458 0 0
0 11 9 99.304626 0 0
0 14 9 435.048828 0 0
0 15 9 472.879120 0 0
0 4 10 4.728791 0 0
0 5 10 14.186375 0 0
0 8 10 18.915165 0 0
0 13 10 28.372749 0 0
0 14 10 47.287918 0 0
0 15 10 472.879120 0 0
0 17 10 47.287918 0 0
0 19 10 80.389458 0 0
0 38 10 127.677376 0 0
0 2 11 4.728791 0 0
0 10 11 89.847038 0 0
0 11 11 37.830330 0 0
0 14 11 198.609253 0 0
0 15 11 217.524414 0 0
0 14 12 18.915165 0 0
0 15 12 118.219780 0 0
0 23 12 37.830330 0 0
0 10 13 127.677376 0 0
0 15 13 56.745499 0 0
0 10 14 89.847038 0 0
0 14 14 37.830330 0 0
0 15 14 14.186375 0 0
0 17 14 61.474293 0 0
0 14 15 18.915165 0 0
0 15 15 33.101543 0 0
0 19 16 14.186375 0 0
0 35 16 37.830330 0 0
0 37 16 23.643959 0 0
0 19 17 47.287918 0 0
0 15 18 4.728791 0 0
0 38 19 118.219780 0 0
0 19 20 14.186375 0 0
0 15 21 47.287918 1 0
0 39 0 9.457582 0 0
0 39 1 28.372749 0 0
0 39 2 28.372749 0 0
0 46 2 33.101543 0 0
0 39 3 70.931870 0 0
0 35 4 4.728791 0 0
0 36 4 18.915165 0 0
0 39 4 2.091029 0 0
0 36 5 9.508960 0 0
0 39 5 8.543936 0 0
0 43 5 2.847978 0 0
0 7 6 42.411415 0 0
0 34 6 156.891434 0 0
0 35 6 14.942039 0 0
0 39 6 201.717545 0 0
0 33 7 13.336092 0 0
0 35 7 186.705292 0 0
0 39 7 84.461914 0 0
0 35 8 14.186375 0 0
0 36 8 9.457582 0 0
0 38 8 14.186375 0 0
0 39 8 945.758240 0 0
0 41 8 18.915165 0 0
0 43 8 548.539795 0 0
3 21 8 1286.231323 0 0
0 35 9 127.677376 0 0
0 36 9 89.847038 0 0
0 38 9 4.728791 0 0
0 39 9 1172.740356 0 0
0 40 9 18.915165 0 0
0 45 9 146.592545 0 0
1 35 9 146.592545 0 0
0 6 10 160.778915 0 0
0 35 10 33.101543 0 0
0 39 10 548.539795 0 0
0 40 10 18.915165 0 0
0 42 10 33.101543 0 0
0 43 10 14.186375 0 0
2 9 10 255.354752 0 0
0 11 11 198.609253 0 0
0 34 11 47.287918 0 0
0 35 11 14.186375 0 0
0 36 11 108.762207 0 0
0 39 11 4.728791 0 0
3 20 11 4.728791 0 0
4 31 11 28.372749 0 0
0 11 12 137.134949 0 0
0 15 12 160.778915 0 0
0 34 12 9.457582 0 0
0 35 12 9.457582 0 0
0 36 12 4.728791 0 0
0 38 12 127.677376 0 0
0 39 12 80.389458 0 0
0 33 13 18.915165 0 0
0 34 13 127.677376 0 0
0 35 13 14.186375 0 0
0 40 13 18.915165 0 0
3 20 13 47.287918 0 0
0 35 14 23.643959 0 0
0 43 14 89.847038 0 0
2 10 14 56.745499 0 0
0 36 15 66.203087 0 0
0 42 15 108.762207 0 0
0 35 16 70.931870 0 0
0 38 16 89.847038 0 0
0 39 16 9.457582 0 0
0 40 16 14.186375 0 0
0 39 17 18.915165 0 0
0 35 18 9.457582 0 0
0 19 20 9.457582 1 0
0 15 0 9.457582 0 0
0 42 0 28.372749 0 0
0 15 1 14.186375 0 0
0 15 2 2.091029 0 0
0 15 3 6.273088 0 0
0 42 3 3.803583 0 0
0 14 4 5.695957 0 0
0 15 4 6.524833 0 0
0 19 4 16.312084 0 0
0 15 5 3.735510 0 0
0 19 5 41.090607 0 0
0 14 6 18.677551 0 0
0 15 6 480.099335 0 0
0 18 6 8.890727 0 0
0 19 6 9.457582 0 0
0 22 6 472.879120 0 0
0 15 7 42.559120 0 0
0 18 7 179.694077 0 0
0 19 7 146.592545 0 0
0 14 8 945.758240 0 0
0 15 8 18.915165 0 0
0 17 8 52.016701 0 0
0 18 8 28.372749 0 0
0 19 8 472.879120 0 0
0 38 8 61.474293 0 0
0 9 9 160.778915 0 0
0 14 9 472.879120 0 0
0 15 9 9.457582 0 0
0 18 9 33.101543 0 0
0 19 9 14.186375 0 0
0 21 9 718.776306 0 0
0 22 9 66.203087 0 0
0 33 9 9.457582 0 0
0 38 9 33.101543 0 0
0 47 9 28.372749 0 0
5 46 9 18.915165 0 0
0 15 10 4.728791 0 0
0 18 10 4.728791 0 0
0 19 10 217.524414 0 0
0 38 10 52.016701 0 0
0 5 11 321.557831 0 0
0 11 11 4.728791 0 0
0 15 11 14.186375 0 0
0 18 11 28.372749 0 0
0 19 11 146.592545 0 0
0 14 12 52.016701 0 0
0 15 12 99.304626 0 0
0 18 12 33.101543 0 0
0 19 12 70.931870 0 0
0 20 12 23.643959 0 0
0 22 12 127.677376 0 0
0 26 12 23.643959 0 0
0 45 12 37.830330 0 0
0 10 13 89.847038 0 0
0 15 13 14.186375 0 0
0 18 13 14.186375 0 0
0 19 13 160.778915 0 0
0 38 13 23.643959 0 0
0 15 14 42.559120 0 0
0 16 14 4.728791 0 0
0 18 14 47.287918 0 0
0 19 14 9.457582 0 0
3 17 14 33.101543 0 0
6 32 14 61.474293 0 0
0 15 15 89.847038 0 0
0 18 15 9.457582 0 0
0 19 15 37.830330 0 0
0 15 16 89.847038 0 0
0 38 16 28.372749 0 0
0 15 17 23.643959 0 0
0 9 19 18.915165 0 0
0 18 19 28.372749 0 0
0 15 21 28.372749 0 0
0 18 22 14.186375 1 0
0 18 0 28.372749 0 0
0 15 1 28.372749 0 0
0 18 2 4.728791 0 0
0 19 2 18.915165 0 0
0 42 2 3.136544 0 0
0 15 3 5.705375 0 0
0 18 4 37.023716 0 0
0 19 4 8.543936 0 0
0 14 5 14.239892 0 0
0 15 5 176.170502 0 0
0 18 5 254.014679 0 0
0 10 6 7.471019 0 0
0 14 6 26.672184 0 0
0 15 6 480.099335 0 0
0 18 6 26.672184 0 0
0 19 6 56.745499 0 0
0 25 6 321.557831 0 0
0 11 7 274.269897 0 0
0 14 7 718.776306 0 0
0 15 7 80.389458 0 0
0 18 7 18.915165 0 0
0 19 7 14.186375 0 0
0 32 7 359.388153 0 0
1 1 7 397.218506 0 0
0 6 8 42.559120 0 0
0 14 8 236.439560 0 0
0 15 8 4.728791 0 0
0 18 8 14.186375 0 0
0 19 8 359.388153 0 0
0 23 8 510.709503 0 0
0 38 8 321.557831 0 0
0 10 9 89.847038 0 0
0 14 9 37.830330 0 0
0 15 9 9.457582 0 0
0 18 9 23.643959 0 0
0 22 9 179.694077 0 0
5 46 9 586.370178 0 0
0 9 10 99.304626 0 0
0 10 10 4.728791 0 0
0 14 10 108.762207 0 0
0 15 10 28.372749 0 0
0 18 10 127.677376 0 0
0 19 10 37.830330 0 0
0 20 10 236.439560 0 0
1 23 10 4.728791 0 0
0 10 11 9.457582 0 0
0 14 11 52.016701 0 0
0 15 11 217.524414 0 0
0 17 11 108.762207 0 0
0 18 11 198.609253 0 0
0 19 11 146.592545 0 0
0 42 11 99.304626 0 0
0 10 12 33.101543 0 0
0 11 12 9.457582 0 0
0 14 12 9.457582 0 0
0 15 12 37.830330 0 0
0 18 12 23.643959 0 0
0 19 12 179.694077 0 0
0 14 13 118.219780 0 0
0 19 13 33.101543 0 0
0 18 14 47.287918 0 0
0 19 14 66.203087 0 0
0 38 14 37.830330 0 0
0 14 15 42.559120 0 0
0 15 15 217.524414 0 0
0 18 15 33.101543 0 0
0 18 16 42.559120 0 0
0 19 16 37.830330 0 0
0 23 16 18.915165 0 0
0 22 17 4.728791 0 0
0 38 17 80.389458 0 0
5 44 17 14.186375 0 0
0 10 23 12.769663 1 0
0 18 0 9.457582 0 0
0 14 1 28.372749 0 0
0 18 2 18.915165 0 0
0 13 3 14.186375 0 0
0 14 3 37.830330 0 0
0 14 4 2.091029 0 0
0 18 4 3.803583 0 0
0 9 5 48.415634 0 0
0 14 5 45.673832 0 0
0 17 5 101.134911 0 0
0 41 5 11.206531 0 0
0 14 6 63.503670 0 0
0 18 6 53.344368 0 0
0 14 7 204.486740 0 0
0 18 7 13.336092 0 0
0 14 8 13.336092 0 0
0 18 8 179.694077 0 0
0 19 8 321.557831 0 0
0 22 8 548.539795 0 0
0 13 9 37.830330 0 0
0 14 9 80.389458 0 0
0 18 9 293.185089 0 0
0 21 9 14.186375 0 0
0 22 9 9.457582 0 0
0 14 10 4.728791 0 0
0 17 10 586.370178 0 0
0 18 10 80.389458 0 0
0 11 11 18.915165 0 0
0 13 11 9.457582 0 0
0 14 11 255.354752 0 0
0 17 11 146.592545 0 0
0 18 11 945.758240 0 0
6 34 11 9.457582 0 0
0 13 12 56.745499 0 0
0 14 12 643.115662 0 0
0 16 12 14.186375 0 0
0 17 12 14.186375 0 0
0 18 12 47.287918 0 0
0 24 12 217.524414 0 0
0 38 12 33.101543 0 0
0 13 13 56.745499 0 0
0 14 13 236.439560 0 0
0 17 13 9.457582 0 0
0 18 13 9.457582 0 0
5 44 13 14.186375 0 0
0 14 14 236.439560 0 0
0 15 14 66.203087 0 0
0 16 14 42.559120 0 0
0 17 14 80.389458 0 0
0 18 14 14.186375 0 0
0 20 14 9.457582 0 0
0 5 15 23.643959 0 0
0 11 15 56.745499 0 0
0 14 15 4.728791 0 0
0 17 16 18.915165 0 0
0 18 16 80.389458 0 0
0 14 17 80.389458 0 0
0 18 17 9.457582 0 0
0 22 17 37.830330 0 0
0 14 19 33.101543 0 0
0 9 20 33.101543 0 0
0 12 20 4.728791 0 0
6 34 20 47.287918 0 0
0 17 21 23.643959 0 0
4 18 21 33.101543 0 0
6 33 21 42.559120 0 0
0 18 23 51.078651 0 0
0 13 24 79.929207 1 0
0 38 0 29.361746 0 0
0 38 1 89.847038 0 0
0 38 2 14.186375 0 0
0 38 3 99.304626 0 0
4 46 3 2.091029 0 0
0 38 4 3.803583 0 0
0 11 5 11.391913 0 0
0 18 5 189.220139 0 0
0 38 5 283.898743 0 0
0 15 6 13.336092 0 0
0 19 6 17.781454 0 0
0 22 6 480.099335 0 0
0 38 6 14.186375 0 0
0 42 6 80.389458 0 0
0 35 7 61.474293 0 0
0 38 7 1172.740356 0 0
0 46 7 137.134949 0 0
0 15 8 80.389458 0 0
0 35 8 945.758240 0 0
0 38 8 47.287918 0 0
0 42 8 28.372749 0 0
0 11 9 33.101543 0 0
0 14 9 548.539795 0 0
0 15 9 9.457582 0 0
0 19 9 89.847038 0 0
0 35 9 9.457582 0 0
0 38 9 14.186375 0 0
0 42 9 14.186375 0 0
0 14 10 70.931870 0 0
0 15 10 718.776306 0 0
0 38 10 70.931870 0 0
0 39 10 14.186375 0 0
0 42 10 61.474293 0 0
4 31 10 274.269897 0 0
0 11 11 33.101543 0 0
0 15 11 66.203087 0 0
0 17 11 118.219780 0 0
0 19 11 56.745499 0 0
0 38 11 18.915165 0 0
0 42 11 23.643959 0 0
0 23 12 435.048828 0 0
0 25 12 9.457582 0 0
0 38 12 28.372749 0 0
1 1 12 42.559120 0 0
0 3 13 66.203087 0 0
0 18 13 4.728791 0 0
0 38 13 9.457582 0 0
0 42 13 52.016701 0 0
4 31 13 4.728791 0 0
0 15 15 37.830330 0 0
0 38 15 14.186375 0 0
0 45 15 47.287918 0 0
0 11 16 37.830330 0 0
0 39 16 56.745499 0 0
0 15 18 37.830330 0 0
0 38 18 9.457582 1 0
0 18 0 28.479784 0 0
0 18 1 14.186375 0 0
0 26 1 37.830330 0 0
0 3 2 18.915165 0 0
0 18 2 28.372749 0 0
5 46 2 14.186375 0 0
0 3 3 33.101543 0 0
0 15 3 14.186375 0 0
0 18 3 14.186375 0 0
0 19 3 14.186375 0 0
0 3 4 23.643959 0 0
0 18 4 9.457582 0 0
0 19 4 14.186375 0 0
0 3 5 89.847038 0 0
0 13 5 14.186375 0 0
0 14 5 31.971682 0 0
0 15 5 47.957523 0 0
0 17 5 39.964603 0 0
0 18 5 63.943363 0 0
0 3 6 55.950447 0 0
0 10 6 63.943363 0 0
0 13 6 167.851334 0 0
0 14 6 2.091029 0 0
0 15 6 3.803583 0 0
0 18 6 7.607167 0 0
0 19 6 25.631804 0 0
0 22 6 37.023716 0 0
0 3 7 16.312084 0 0
0 12 7 61.985916 0 0
0 13 7 75.035583 0 0
0 14 7 39.149002 0 0
0 15 7 14.942039 0 0
0 18 7 254.014679 0 0
0 19 7 70.974686 0 0
0 22 7 22.226820 0 0
0 38 7 13.336092 0 0
0 7 8 93.352646 0 0
0 14 8 746.821167 0 0
0 15 8 17.781454 0 0
0 18 8 275.612579 0 0
0 19 8 18.915165 0 0
0 22 8 33.101543 0 0
0 26 8 14.186375 0 0
0 38 8 108.762207 0 0
5 47 8 137.134949 0 0
0 7 9 510.709503 0 0
0 14 9 89.847038 0 0
0 18 9 23.643959 0 0
0 19 9 14.186375 0 0
0 22 9 14.186375 0 0
0 26 9 18.915165 0 0
0 38 9 321.557831 0 0
0 42 9 236.439560 0 0
1 2 9 397.218506 0 0
5 27 9 359.388153 0 0
0 13 10 80.389458 0 0
0 15 10 321.557831 0 0
0 18 10 14.186375 0 0
0 19 10 160.778915 0 0
0 23 10 47.287918 0 0
0 30 10 321.557831 0 0
0 33 10 160.778915 0 0
0 35 10 4.728791 0 0
5 27 10 66.203087 0 0
0 18 11 18.915165 0 0
0 19 11 42.559120 0 0
0 26 11 9.457582 0 0
0 33 11 118.219780 0 0
0 35 11 47.287918 0 0
1 2 11 47.287918 0 0
4 23 11 47.287918 0 0
5 26 11 33.101543 0 0
0 14 12 14.186375 0 0
0 16 12 28.372749 0 0
0 18 12 9.457582 0 0
0 19 12 56.745499 0 0
0 33 12 14.186375 0 0
0 35 12 33.101543 0 0
1 3 12 56.745499 0 0
5 26 12 9.457582 0 0
0 14 13 9.457582 0 0
0 18 13 37.830330 0 0
0 19 13 33.101543 0 0
0 22 13 42.559120 0 0
0 31 13 14.186375 0 0
0 33 13 9.457582 0 0
0 36 13 9.457582 0 0
5 21 13 14.186375 0 0
0 36 14 42.559120 0 0
5 21 14 18.915165 0 0
0 36 15 14.186375 0 0
5 20 15 28.372749 0 0
0 36 16 9.457582 0 0
5 16 16 118.219780 0 0
0 36 17 18.915165 0 0
5 16 17 14.186375 0 0
0 36 18 80.389458 0 0
0 34 19 56.745499 0 0
0 37 20 14.186375 0 0
0 37 21 18.915165 0 0
0 37 22 23.643959 0 0
3 24 24 23.643959 0 0
3 24 25 18.915165 0 0
3 24 26 33.101543 0 0
3 25 27 18.915165 0 0
3 25 28 18.915165 0 0
3 25 29 14.186375 0 0
3 25 30 18.915165 1 0
0 38 0 14.186375 0 0
0 15 1 2.091029 0 0
0 38 2 3.803583 0 0
0 15 3 22.783827 0 0
0 38 4 6.524833 0 0
0 15 5 85.916733 0 0
0 7 6 66.680458 0 0
0 11 6 18.915165 0 0
0 15 6 4.728791 0 0
0 33 6 9.457582 0 0
0 38 6 33.101543 0 0
0 42 6 198.609253 0 0
0 3 7 9.457582 0 0
0 11 7 52.016701 0 0
0 15 7 14.186375 0 0
0 38 7 321.557831 0 0
0 11 8 4.728791 0 0
0 15 8 108.762207 0 0
0 22 8 198.609253 0 0
0 38 8 14.186375 0 0
0 42 8 1097.079590 0 0
0 11 9 47.287918 0 0
0 15 9 794.437012 0 0
0 19 9 870.097656 0 0
0 35 9 70.931870 0 0
0 38 9 137.134949 0 0
0 39 9 586.370178 0 0
0 45 9 28.372749 0 0
0 7 10 4.728791 0 0
0 11 10 18.915165 0 0
0 15 10 118.219780 0 0
0 22 10 293.185089 0 0
0 33 10 37.830330 0 0
0 35 10 28.372749 0 0
0 38 10 99.304626 0 0
0 39 10 293.185089 0 0
0 9 11 9.457582 0 0
0 11 11 66.203087 0 0
0 15 11 80.389458 0 0
0 17 11 255.354752 0 0
0 23 11 18.915165 0 0
0 35 11 14.186375 0 0
0 38 11 14.186375 0 0
0 42 11 127.677376 0 0
4 30 11 52.016701 0 0
0 7 12 14.186375 0 0
0 11 12 14.186375 0 0
0 15 12 127.677376 0 0
0 19 12 4.728791 0 0
0 33 12 14.186375 0 0
0 35 12 18.915165 0 0
0 38 12 146.592545 0 0
0 7 13 33.101543 0 0
0 11 13 99.304626 0 0
0 14 13 23.643959 0 0
0 15 13 70.931870 0 0
0 33 13 4.728791 0 0
0 35 13 33.101543 0 0
0 38 13 179.694077 0 0
0 11 14 56.745499 0 0
0 19 14 28.372749 0 0
0 26 14 18.915165 0 0
0 30 14 9.457582 0 0
0 33 14 37.830330 0 0
0 11 15 70.931870 0 0
0 15 15 146.592545 0 0
0 42 15 9.457582 0 0
0 15 16 80.389458 0 0
0 15 18 47.287918 0 0
0 40 23 51.078651 1 0
0 14 0 8.890727 0 0
0 10 1 18.915165 0 0
0 14 1 18.915165 0 0
0 14 2 14.186375 0 0
0 14 3 66.203087 0 0
0 14 4 61.474293 0 0
0 18 4 23.643959 0 0
0 13 5 89.847038 0 0
0 14 5 28.372749 0 0
0 16 5 4.728791 0 0
6 32 5 17.773748 0 0
0 14 6 5.705375 0 0
0 15 6 15.214334 0 0
0 18 6 59.807549 0 0
0 45 6 101.134911 0 0
2 17 6 231.601624 0 0
4 29 6 44.826122 0 0
0 14 7 444.536346 0 0
0 18 7 604.569519 0 0
0 44 7 17.781454 0 0
2 4 7 643.115662 0 0
0 13 8 14.186375 0 0
0 14 8 179.694077 0 0
0 15 8 33.101543 0 0
0 17 8 945.758240 0 0
0 18 8 9.457582 0 0
0 19 8 9.457582 0 0
0 20 8 9.457582 0 0
0 22 8 397.218506 0 0
2 12 8 14.186375 0 0
0 14 9 108.762207 0 0
0 15 9 118.219780 0 0
0 19 9 198.609253 0 0
0 2 10 18.915165 0 0
0 12 10 28.372749 0 0
0 14 10 870.097656 0 0
0 15 10 23.643959 0 0
0 17 10 4.728791 0 0
0 18 10 28.372749 0 0
0 19 10 9.457582 0 0
0 10 11 236.439560 0 0
0 14 11 18.915165 0 0
0 15 11 14.186375 0 0
0 35 11 80.389458 0 0
6 32 11 52.016701 0 0
0 14 12 14.186375 0 0
0 15 12 118.219780 0 0
0 17 12 18.915165 0 0
0 18 12 14.186375 0 0
5 43 12 89.847038 0 0
0 14 13 70.931870 0 0
0 16 13 160.778915 0 0
0 18 13 99.304626 0 0
0 23 13 14.186375 0 0
0 25 13 18.915165 0 0
0 18 14 18.915165 0 0
0 38 14 9.457582 0 0
0 47 14 28.372749 0 0
2 8 14 9.457582 0 0
0 11 15 14.186375 0 0
0 14 15 99.304626 0 0
6 32 15 18.915165 0 0
0 10 16 28.372749 0 0
6 40 16 37.830330 0 0
0 7 18 47.287918 1 0
0 39 0 4.728791 0 0
0 39 1 137.134949 0 0
0 39 2 42.559120 0 0
0 35 3 4.728791 0 0
0 39 3 37.830330 0 0
0 35 4 14.186375 0 0
0 39 4 18.915165 0 0
0 35 5 9.457582 0 0
0 39 5 4.728791 0 0
0 35 6 18.915165 0 0
0 36 6 14.186375 0 0
0 39 6 63.848320 0 0
0 35 7 15.985841 0 0
0 38 7 3.136544 0 0
0 39 7 7.607167 0 0
0 35 8 37.023716 0 0
0 38 8 22.836916 0 0
0 39 8 9.787251 0 0
0 42 8 14.942039 0 0
5 43 8 70.974686 0 0
0 35 9 75.571190 0 0
0 36 9 240.049667 0 0
0 39 9 127.677376 0 0
0 18 10 89.847038 0 0
0 35 10 510.709503 0 0
0 36 10 397.218506 0 0
0 38 10 28.372749 0 0
0 39 10 586.370178 0 0
0 42 10 47.287918 0 0
0 43 10 23.643959 0 0
0 5 11 321.557831 0 0
0 11 11 137.134949 0 0
0 35 11 321.557831 0 0
0 38 11 33.101543 0 0
0 39 11 718.776306 0 0
0 35 12 9.457582 0 0
0 36 12 397.218506 0 0
0 38 12 4.728791 0 0
0 39 12 23.643959 0 0
0 45 12 236.439560 0 0
2 8 12 33.101543 0 0
3 4 12 37.830330 0 0
0 2 13 18.915165 0 0
0 26 13 70.931870 0 0
0 35 13 255.354752 0 0
0 39 13 37.830330 0 0
0 45 13 198.609253 0 0
2 2 13 127.677376 0 0
2 3 13 23.643959 0 0
0 6 14 66.203087 0 0
0 36 14 359.388153 0 0
0 38 14 80.389458 0 0
0 39 14 23.643959 0 0
1 32 14 18.915165 0 0
5 45 14 397.218506 0 0
0 23 15 118.219780 0 0
0 35 15 4.728791 0 0
0 36 15 37.830330 0 0
0 38 15 9.457582 0 0
0 39 15 33.101543 0 0
0 42 15 66.203087 0 0
0 39 16 9.457582 0 0
2 36 16 47.287918 0 0
3 21 16 99.304626 0 0
3 20 17 66.203087 0 0
3 26 17 33.101543 0 0
0 10 18 14.186375 0 0
0 35 18 28.372749 0 0
0 39 18 14.186375 0 0
0 35 19 61.474293 0 0
0 33 20 42.559120 0 0
0 39 21 42.559120 0 0
0 40 21 18.915165 0 0
3 20 23 33.101543 0 0
1 2 25 14.186375 1 0
0 39 0 16.312084 0 0
0 39 1 14.186375 0 0
0 39 2 18.915165 0 0
0 39 3 160.778915 0 0
1 2 3 14.186375 0 0
0 39 4 2.091029 0 0
0 36 5 3.803583 0 0
0 39 5 5.695957 0 0
0 36 6 123.971832 0 0
0 38 6 171.833466 0 0
0 39 6 26.672184 0 0
0 33 7 373.410583 0 0
0 35 7 4.728791 0 0
0 36 7 4.728791 0 0
0 39 7 870.097656 0 0
0 43 7 9.457582 0 0
3 24 7 9.457582 0 0
0 35 8 33.101543 0 0
0 36 8 945.758240 0 0
0 38 8 18.915165 0 0
0 39 8 4.728791 0 0
0 40 8 9.457582 0 0
0 43 8 14.186375 0 0
2 4 8 586.370178 0 0
0 35 9 9.457582 0 0
0 38 9 9.457582 0 0
0 39 9 28.372749 0 0
0 40 9 274.269897 0 0
0 42 9 643.115662 0 0
0 23 10 28.372749 0 0
0 39 10 4.728791 0 0
0 40 10 18.915165 0 0
0 43 10 548.539795 0 0
0 15 11 9.457582 0 0
0 34 11 4.728791 0 0
0 36 11 14.186375 0 0
0 39 11 4.728791 0 0
0 40 11 42.559120 0 0
0 43 11 160.778915 0 0
0 10 12 99.304626 0 0
0 36 12 23.643959 0 0
0 38 12 18.915165 0 0
0 39 12 56.745499 0 0
0 40 12 4.728791 0 0
0 43 12 108.762207 0 0
0 39 13 33.101543 0 0
0 43 13 70.931870 0 0
0 44 13 160.778915 0 0
2 8 13 47.287918 0 0
0 33 14 108.762207 0 0
0 35 14 47.287918 0 0
0 36 14 14.186375 0 0
0 38 14 118.219780 0 0
0 39 14 61.474293 0 0
0 43 14 42.559120 0 0
0 15 15 18.915165 0 0
0 39 15 37.830330 0 0
0 47 15 37.830330 0 0
0 35 16 14.186375 0 0
0 38 16 14.186375 0 0
0 39 16 14.186375 0 0
0 42 16 23.643959 0 0
0 45 16 14.186375 0 0
0 39 17 9.457582 0 0
3 14 17 14.186375 0 0
0 40 18 23.643959 1 0
0 15 0 56.745499 0 0
0 15 1 37.830330 0 0
0 15 2 4.728791 0 0
0 15 3 4.182058 0 0
0 15 4 3.803583 0 0
0 19 4 28.479784 0 0
0 15 5 137.021500 0 0
0 19 5 156.891434 0 0
0 15 6 93.387741 0 0
0 19 6 337.847656 0 0
0 14 7 22.226820 0 0
0 15 7 643.115662 0 0
0 38 7 56.745499 0 0
0 10 8 9.457582 0 0
0 15 8 1437.552612 0 0
0 19 8 179.694077 0 0
0 38 8 9.457582 0 0
0 2 9 548.539795 0 0
0 11 9 89.847038 0 0
0 15 9 47.287918 0 0
0 19 9 18.915165 0 0
0 22 9 14.186375 0 0
0 35 9 794.437012 0 0
0 38 9 80.389458 0 0
0 9 10 9.457582 0 0
0 11 10 37.830330 0 0
0 14 10 80.389458 0 0
0 15 10 9.457582 0 0
0 19 10 56.745499 0 0
0 23 10 47.287918 0 0
0 38 10 472.879120 0 0
3 8 10 37.830330 0 0
4 27 10 4.728791 0 0
6 3 10 255.354752 0 0
0 10 11 160.778915 0 0
0 11 11 14.186375 0 0
0 14 11 18.915165 0 0
0 15 11 472.879120 0 0
0 38 11 217.524414 0 0
0 15 12 80.389458 0 0
0 19 12 99.304626 0 0
0 11 13 33.101543 0 0
0 15 13 37.830330 0 0
0 19 13 70.931870 0 0
0 22 13 89.847038 0 0
0 38 13 108.762207 0 0
0 42 13 23.643959 0 0
0 15 14 66.203087 0 0
0 18 14 37.830330 0 0
0 19 14 37.830330 0 0
0 33 14 18.915165 0 0
0 15 15 47.287918 0 0
0 19 15 33.101543 0 0
0 45 15 33.101543 0 0
0 47 15 9.457582 0 0
0 19 16 33.101543 0 0
0 42 16 14.186375 0 0
0 10 17 28.372749 0 0
0 6 18 47.287918 0 0
0 19 18 4.728791 0 0
0 19 21 14.186375 0 0
0 18 22 28.372749 1 0
0 15 0 7.471019 0 0
0 15 1 33.101543 0 0
0 15 2 2.091029 0 0
0 15 3 3.803583 0 0
0 15 4 22.783827 0 0
4 29 4 39.149002 0 0
0 15 5 108.329788 0 0
0 19 5 408.973480 0 0
0 15 6 44.453640 0 0
0 19 6 718.776306 0 0
0 38 6 56.745499 0 0
0 11 7 47.287918 0 0
0 15 7 14.186375 0 0
0 38 7 794.437012 0 0
0 11 8 99.304626 0 0
0 14 8 14.186375 0 0
0 15 8 198.609253 0 0
0 19 8 945.758240 0 0
0 38 8 217.524414 0 0
0 9 9 80.389458 0 0
0 11 9 118.219780 0 0
0 15 9 4.728791 0 0
0 19 9 1021.419006 0 0
0 38 9 99.304626 0 0
0 11 10 160.778915 0 0
0 15 10 14.186375 0 0
0 19 10 472.879120 0 0
0 38 10 255.354752 0 0
0 14 11 118.219780 0 0
0 15 11 80.389458 0 0
0 38 11 397.218506 0 0
0 4 12 217.524414 0 0
0 10 12 127.677376 0 0
0 15 12 33.101543 0 0
0 19 12 89.847038 0 0
0 38 12 33.101543 0 0
0 15 13 80.389458 0 0
0 19 13 89.847038 0 0
0 38 13 4.728791 0 0
5 40 13 42.559120 0 0
0 15 14 80.389458 0 0
0 19 14 9.457582 0 0
0 13 15 23.643959 0 0
0 19 15 47.287918 0 0
0 20 15 56.745499 0 0
0 19 16 37.830330 0 0
0 22 16 18.915165 0 0
0 45 16 28.372749 0 0
0 15 17 14.186375 0 0
0 35 17 18.915165 0 0
0 15 18 14.186375 0 0
0 18 19 18.915165 0 0
0 19 19 23.643959 0 0
0 28 19 14.186375 0 0
0 20 22 33.101543 1 0
0 19 0 66.203087 0 0
0 19 1 14.186375 0 0
0 19 2 14.186375 0 0
0 15 3 61.474293 0 0
0 19 3 2.091029 0 0
0 19 4 3.803583 0 0
0 38 4 5.695957 0 0
0 15 5 19.574501 0 0
0 19 5 81.560402 0 0
0 38 5 254.014679 0 0
0 9 6 11.206531 0 0
0 15 6 302.284760 0 0
0 19 6 151.142380 0 0
0 38 6 75.571190 0 0
0 44 6 9.457582 0 0
0 11 7 42.559120 0 0
0 14 7 643.115662 0 0
0 15 7 99.304626 0 0
0 18 7 14.186375 0 0
0 19 7 23.643959 0 0
0 38 7 37.830330 0 0
0 15 8 510.709503 0 0
0 19 8 9.457582 0 0
0 21 8 236.439560 0 0
0 35 8 179.694077 0 0
0 38 8 61.474293 0 0
0 15 9 435.048828 0 0
0 19 9 61.474293 0 0
0 38 9 14.186375 0 0
2 12 9 37.830330 0 0
0 15 10 435.048828 0 0
0 19 10 127.677376 0 0
0 27 10 217.524414 0 0
0 29 10 42.559120 0 0
0 35 10 472.879120 0 0
0 38 10 47.287918 0 0
0 3 11 9.457582 0 0
0 8 11 52.016701 0 0
0 15 11 160.778915 0 0
0 19 11 56.745499 0 0
0 22 11 9.457582 0 0
0 38 11 137.134949 0 0
0 39 11 66.203087 0 0
0 15 12 18.915165 0 0
0 19 12 80.389458 0 0
0 35 12 23.643959 0 0
0 38 12 255.354752 0 0
0 11 13 61.474293 0 0
0 15 13 9.457582 0 0
0 19 13 89.847038 0 0
0 34 13 9.457582 0 0
0 36 13 137.134949 0 0
0 38 13 118.219780 0 0
0 39 13 14.186375 0 0
0 6 14 37.830330 0 0
0 19 14 42.559120 0 0
0 21 14 14.186375 0 0
0 35 14 14.186375 0 0
0 38 14 89.847038 0 0
0 42 14 4.728791 0 0
0 14 15 28.372749 0 0
0 15 15 9.457582 0 0
0 19 15 61.474293 0 0
0 23 15 160.778915 0 0
0 38 15 118.219780 0 0
0 21 16 89.847038 0 0
0 35 16 18.915165 0 0
0 38 16 14.186375 0 0
0 42 16 14.186375 0 0
5 46 16 108.762207 0 0
0 15 17 14.186375 0 0
0 21 17 18.915165 0 0
0 34 17 37.830330 0 0
0 39 18 42.559120 0 0
0 15 20 14.186375 0 0
0 46 20 9.457582 0 0
6 32 20 37.830330 0 0
4 28 22 14.186375 1 0
0 12 0 16.312084 0 0
0 14 0 18.677551 0 0
1 3 0 9.457582 0 0
0 14 1 23.643959 0 0
0 7 2 14.186375 0 0
0 14 2 14.186375 0 0
0 14 3 23.643959 0 0
0 22 3 18.915165 0 0
5 44 3 6.273088 0 0
0 9 4 7.471019 0 0
0 14 4 37.830330 0 0
2 1 4 23.978762 0 0
5 44 4 1.045515 0 0
0 14 5 2.091029 0 0
0 17 5 3.803583 0 0
0 5 6 17.087872 0 0
0 10 6 8.543936 0 0
0 12 6 75.035583 0 0
0 13 6 88.085251 0 0
0 14 6 11.206531 0 0
0 7 7 254.014679 0 0
0 8 7 408.973480 0 0
0 9 7 4.445364 0 0
0 10 7 33.101543 0 0
0 11 7 52.016701 0 0
0 14 7 28.372749 0 0
0 15 7 89.847038 0 0
0 17 7 1097.079590 0 0
5 15 7 61.474293 0 0
0 8 8 14.186375 0 0
0 9 8 42.559120 0 0
0 13 8 146.592545 0 0
0 14 8 23.643959 0 0
0 15 8 1740.195312 0 0
0 17 8 9.457582 0 0
0 18 8 14.186375 0 0
0 19 8 9.457582 0 0
0 9 9 14.186375 0 0
0 10 9 70.931870 0 0
0 14 9 794.437012 0 0
0 15 9 66.203087 0 0
5 47 9 56.745499 0 0
0 5 10 14.186375 0 0
0 9 10 14.186375 0 0
0 10 10 18.915165 0 0
0 14 10 127.677376 0 0
0 18 10 870.097656 0 0
5 39 10 23.643959 0 0
0 5 11 9.457582 0 0
0 9 11 9.457582 0 0
0 10 11 14.186375 0 0
0 12 11 359.388153 0 0
0 13 11 9.457582 0 0
0 14 11 293.185089 0 0
0 15 11 33.101543 0 0
0 9 12 14.186375 0 0
0 10 12 28.372749 0 0
0 14 12 37.830330 0 0
0 15 12 472.879120 0 0
0 17 12 18.915165 0 0
0 20 12 47.287918 0 0
0 21 12 23.643959 0 0
0 42 12 160.778915 0 0
5 44 12 179.694077 0 0
0 5 13 23.643959 0 0
0 9 13 42.559120 0 0
0 14 13 9.457582 0 0
0 17 13 160.778915 0 0
0 24 13 18.915165 0 0
5 33 13 37.830330 0 0
6 36 13 160.778915 0 0
0 9 14 14.186375 0 0
0 42 14 47.287918 0 0
2 0 14 9.457582 0 0
0 12 16 33.101543 0 0
0 24 16 9.457582 0 0
0 14 18 23.643959 0 0
3 24 25 146.592545 1 0
0 19 0 23.643959 0 0
0 15 1 33.101543 0 0
0 17 2 179.694077 0 0
0 19 2 89.847038 0 0
0 35 2 14.186375 0 0
0 15 3 3.136544 0 0
0 22 3 3.803583 0 0
0 38 3 14.239892 0 0
0 11 4 48.415634 0 0
0 15 4 17.087872 0 0
0 19 4 75.035583 0 0
0 38 4 13.049665 0 0
0 11 5 45.673832 0 0
0 15 5 3.735510 0 0
0 19 5 18.677551 0 0
0 21 5 186.775482 0 0
0 38 5 44.826122 0 0
0 15 6 35.562908 0 0
0 19 6 240.049667 0 0
0 35 6 35.562908 0 0
0 38 6 8.890727 0 0
0 15 7 222.268173 0 0
0 19 7 56.745499 0 0
0 38 7 255.354752 0 0
0 15 8 42.559120 0 0
0 19 8 359.388153 0 0
0 35 8 359.388153 0 0
0 38 8 80.389458 0 0
0 14 9 321.557831 0 0
0 15 9 179.694077 0 0
0 23 9 321.557831 0 0
0 38 9 33.101543 0 0
0 15 10 397.218506 0 0
0 19 10 28.372749 0 0
0 27 10 472.879120 0 0
0 36 10 23.643959 0 0
0 38 10 2042.838013 0 0
0 45 10 89.847038 0 0
5 37 10 108.762207 0 0
0 15 11 33.101543 0 0
0 19 11 23.643959 0 0
0 38 11 47.287918 0 0
0 42 11 18.915165 0 0
0 45 11 146.592545 0 0
3 25 11 89.847038 0 0
0 15 12 70.931870 0 0
0 19 12 18.915165 0 0
0 38 12 47.287918 0 0
0 40 12 28.372749 0 0
2 12 12 127.677376 0 0
0 13 13 28.372749 0 0
0 15 13 146.592545 0 0
0 15 14 33.101543 0 0
0 23 14 33.101543 0 0
0 33 14 99.304626 0 0
0 35 14 70.931870 0 0
0 38 14 4.728791 0 0
1 11 14 160.778915 0 0
0 13 15 52.016701 0 0
0 15 15 28.372749 0 0
0 19 15 89.847038 0 0
0 38 15 23.643959 0 0
0 42 15 33.101543 0 0
0 11 16 37.830330 0 0
0 15 16 23.643959 0 0
0 19 16 28.372749 0 0
0 42 16 28.372749 0 0
0 14 17 80.389458 0 0
0 15 17 23.643959 0 0
0 18 17 66.203087 0 0
0 19 17 61.474293 0 0
0 38 17 108.762207 0 0
4 19 17 23.643959 0 0
0 20 18 28.372749 0 0
0 45 18 14.186375 0 0
0 23 19 66.203087 0 0
0 38 19 9.457582 0 0
0 39 19 9.457582 0 0
0 15 20 23.643959 0 0
0 38 25 31.971682 1 0
0 42 0 37.830330 0 0
0 38 1 47.287918 0 0
0 42 1 14.186375 0 0
0 38 2 66.203087 0 0
0 42 2 9.409632 0 0
0 38 3 26.625088 0 0
0 42 3 19.017920 0 0
0 18 4 14.239892 0 0
0 38 4 5.695957 0 0
0 39 4 61.985916 0 0
0 42 4 48.936249 0 0
0 15 5 3.735510 0 0
0 35 5 127.007339 0 0
0 38 5 11.206531 0 0
0 39 5 254.014679 0 0
0 42 5 22.226820 0 0
0 38 6 35.562908 0 0
0 39 6 257.831085 0 0
0 42 6 66.680458 0 0
0 1 7 373.410583 0 0
0 11 7 255.354752 0 0
0 35 7 179.694077 0 0
0 38 7 643.115662 0 0
0 39 7 14.186375 0 0
0 42 7 18.915165 0 0
0 45 7 18.915165 0 0
0 11 8 118.219780 0 0
0 19 8 236.439560 0 0
0 34 8 435.048828 0 0
0 38 8 4.728791 0 0
0 39 8 9.457582 0 0
0 42 8 9.457582 0 0
0 43 8 14.186375 0 0
0 45 8 179.694077 0 0
0 15 9 359.388153 0 0
0 18 9 510.709503 0 0
0 35 9 70.931870 0 0
0 36 9 33.101543 0 0
0 38 9 9.457582 0 0
0 39 9 9.457582 0 0
0 40 9 9.457582 0 0
0 42 9 14.186375 0 0
2 0 9 160.778915 0 0
0 11 10 255.354752 0 0
0 14 10 23.643959 0 0
0 22 10 160.778915 0 0
0 35 10 14.186375 0 0
0 36 10 9.457582 0 0
0 38 10 47.287918 0 0
0 39 10 28.372749 0 0
0 42 10 18.915165 0 0
0 43 10 66.203087 0 0
0 45 10 118.219780 0 0
4 28 10 179.694077 0 0
0 11 11 23.643959 0 0
0 35 11 9.457582 0 0
0 36 11 23.643959 0 0
0 38 11 198.609253 0 0
0 39 11 89.847038 0 0
0 42 11 33.101543 0 0
0 43 11 99.304626 0 0
0 46 11 274.269897 0 0
0 39 12 179.694077 0 0
0 45 12 23.643959 0 0
0 15 13 28.372749 0 0
0 23 13 28.372749 0 0
0 38 13 70.931870 0 0
0 46 13 47.287918 0 0
0 38 14 47.287918 0 0
0 40 14 89.847038 0 0
0 42 14 127.677376 0 0
0 38 15 9.457582 0 0
0 11 16 118.219780 0 0
0 42 16 137.134949 0 0
3 29 16 9.457582 0 0
0 33 17 9.457582 0 0
0 38 17 37.830330 0 0
0 19 18 137.134949 0 0
0 38 18 9.457582 0 0
0 38 19 33.101543 0 0
5 33 19 9.457582 0 0
0 42 20 37.830330 0 0
0 36 23 19.154495 1 0
0 38 0 4.728791 0 0
0 38 1 4.182058 0 0
0 38 2 5.705375 0 0
0 35 3 37.023716 0 0
0 38 3 3.262416 0 0
0 7 4 137.021500 0 0
0 19 4 14.942039 0 0
0 38 4 11.206531 0 0
0 39 4 254.014679 0 0
0 42 4 11.206531 0 0
0 43 4 22.413061 0 0
0 11 5 3.735510 0 0
0 38 5 26.672184 0 0
0 42 5 746.821167 0 0
0 19 6 13.336092 0 0
0 33 6 118.219780 0 0
0 35 6 18.915165 0 0
0 38 6 9.457582 0 0
0 42 6 945.758240 0 0
0 19 7 14.186375 0 0
0 35 7 198.609253 0 0
0 38 7 18.915165 0 0
0 42 7 945.758240 0 0
0 43 7 33.101543 0 0
0 15 8 18.915165 0 0
0 19 8 4.728791 0 0
0 23 8 18.915165 0 0
0 38 8 4.728791 0 0
0 42 8 718.776306 0 0
1 38 8 66.203087 0 0
0 15 9 108.762207 0 0
0 19 9 160.778915 0 0
0 35 9 70.931870 0 0
0 38 9 643.115662 0 0
0 42 9 70.931870 0 0
0 6 10 14.186375 0 0
0 22 10 42.559120 0 0
0 23 10 18.915165 0 0
0 38 10 179.694077 0 0
0 39 10 14.186375 0 0
0 42 10 118.219780 0 0
0 43 10 99.304626 0 0
0 7 11 9.457582 0 0
0 11 11 23.643959 0 0
0 14 11 23.643959 0 0
0 15 11 23.643959 0 0
0 22 11 18.915165 0 0
0 38 11 198.609253 0 0
0 43 11 33.101543 0 0
0 15 12 42.559120 0 0
0 18 12 18.915165 0 0
0 19 12 23.643959 0 0
0 26 12 9.457582 0 0
0 43 12 9.457582 0 0
0 11 13 4.728791 0 0
0 15 13 66.203087 0 0
0 37 13 9.457582 0 0
0 38 13 23.643959 0 0
0 19 14 14.186375 0 0
0 38 14 56.745499 0 0
0 42 14 47.287918 0 0
0 42 15 9.457582 0 0
0 45 15 18.915165 0 0
0 45 17 70.931870 1 0
0 39 0 9.457582 0 0
0 39 1 80.389458 0 0
0 39 2 14.186375 0 0
0 39 3 23.643959 0 0
0 39 4 14.186375 0 0
0 40 4 2.091029 0 0
0 23 5 1.901792 0 0
0 35 5 22.783827 0 0
0 39 5 189.220139 0 0
0 35 6 313.782867 0 0
0 38 6 37.355103 0 0
0 39 6 13.336092 0 0
3 24 6 84.461914 0 0
0 35 7 302.284760 0 0
0 38 7 99.304626 0 0
0 39 7 9.457582 0 0
4 42 7 643.115662 0 0
0 35 8 321.557831 0 0
0 37 8 146.592545 0 0
0 38 8 586.370178 0 0
0 39 8 66.203087 0 0
0 10 9 9.457582 0 0
0 28 9 70.931870 0 0
0 32 9 794.437012 0 0
0 35 9 18.915165 0 0
0 36 9 47.287918 0 0
0 39 9 33.101543 0 0
0 40 9 118.219780 0 0
3 16 9 66.203087 0 0
3 28 9 643.115662 0 0
0 1 10 9.457582 0 0
0 14 10 23.643959 0 0
0 35 10 4.728791 0 0
0 36 10 146.592545 0 0
0 38 10 18.915165 0 0
0 39 10 56.745499 0 0
0 43 10 321.557831 0 0
0 45 10 14.186375 0 0
0 7 11 4.728791 0 0
0 19 11 52.016701 0 0
0 35 11 18.915165 0 0
0 38 11 179.694077 0 0
0 39 11 33.101543 0 0
0 42 11 397.218506 0 0
0 47 11 66.203087 0 0
0 9 12 4.728791 0 0
0 24 12 4.728791 0 0
0 35 12 47.287918 0 0
0 39 12 80.389458 0 0
0 40 12 160.778915 0 0
0 10 13 14.186375 0 0
0 11 13 18.915165 0 0
0 31 13 18.915165 0 0
0 35 13 14.186375 0 0
0 38 13 42.559120 0 0
0 39 13 23.643959 0 0
0 43 13 146.592545 0 0
0 46 13 14.186375 0 0
0 11 14 89.847038 0 0
0 36 14 23.643959 0 0
0 39 14 14.186375 0 0
0 10 15 14.186375 0 0
0 35 15 37.830330 0 0
0 39 15 9.457582 0 0
0 46 15 14.186375 0 0
0 39 16 9.457582 0 0
0 40 16 9.457582 0 0
0 43 16 37.830330 0 0
0 39 17 4.728791 0 0
0 42 17 14.186375 0 0
0 35 18 42.559120 0 0
4 31 18 14.186375 0 0
0 11 19 9.457582 0 0
0 38 20 28.372749 1 0
0 38 0 13.336092 0 0
0 15 1 16.312084 0 0
0 10 2 19.574501 0 0
0 38 2 37.830330 0 0
0 15 3 2.091029 0 0
1 4 3 3.803583 0 0
1 8 3 2.847978 0 0
0 15 4 22.783827 0 0
0 19 4 123.971832 0 0
0 23 4 11.206531 0 0
0 38 4 70.974686 0 0
0 15 5 11.206531 0 0
0 38 5 343.666931 0 0
5 40 5 889.072693 0 0
0 1 6 128.915543 0 0
0 15 6 4.728791 0 0
0 19 6 255.354752 0 0
0 38 6 108.762207 0 0
0 11 7 510.709503 0 0
0 15 7 9.457582 0 0
0 36 7 510.709503 0 0
0 38 7 4.728791 0 0
0 45 7 510.709503 0 0
0 7 8 37.830330 0 0
0 15 8 56.745499 0 0
0 19 8 108.762207 0 0
0 38 8 160.778915 0 0
0 15 9 510.709503 0 0
0 18 9 510.709503 0 0
0 26 9 18.915165 0 0
0 35 9 70.931870 0 0
0 38 9 52.016701 0 0
0 43 9 359.388153 0 0
0 10 10 18.915165 0 0
0 15 10 18.915165 0 0
0 19 10 99.304626 0 0
0 23 10 42.559120 0 0
0 29 10 9.457582 0 0
0 38 10 99.304626 0 0
0 39 10 66.203087 0 0
0 11 11 127.677376 0 0
0 14 11 33.101543 0 0
0 15 11 18.915165 0 0
0 19 11 108.762207 0 0
0 22 11 127.677376 0 0
0 38 11 14.186375 0 0
0 43 11 14.186375 0 0
0 11 12 14.186375 0 0
0 15 12 14.186375 0 0
0 38 12 217.524414 0 0
0 42 12 89.847038 0 0
0 15 13 108.762207 0 0
0 23 13 56.745499 0 0
3 17 13 33.101543 0 0
0 15 14 28.372749 0 0
0 19 14 14.186375 0 0
0 38 14 14.186375 0 0
0 4 16 4.728791 0 0
0 19 17 89.847038 0 0
0 7 18 80.389458 0 0
0 6 20 23.643959 1 0
0 39 0 18.915165 0 0
0 39 1 14.186375 0 0
0 27 2 66.203087 0 0
0 32 2 18.915165 0 0
0 39 2 4.728791 0 0
0 39 3 3.136544 0 0
0 34 4 3.803583 0 0
0 38 4 11.391913 0 0
0 39 4 31.327759 0 0
0 42 4 8.543936 0 0
0 39 5 88.085251 0 0
0 42 5 3.735510 0 0
0 0 6 7.471019 0 0
0 5 6 254.014679 0 0
0 19 6 22.413061 0 0
0 38 6 275.612579 0 0
0 39 6 22.226820 0 0
0 42 6 47.287918 0 0
0 43 6 9.457582 0 0
0 35 7 9.457582 0 0
0 39 7 4.728791 0 0
0 42 7 472.879120 0 0
0 46 7 397.218506 0 0
0 35 8 70.931870 0 0
0 38 8 99.304626 0 0
0 39 8 643.115662 0 0
0 42 8 47.287918 0 0
0 7 9 14.186375 0 0
0 31 9 14.186375 0 0
0 35 9 179.694077 0 0
0 36 9 1172.740356 0 0
0 39 9 321.557831 0 0
0 40 9 14.186375 0 0
0 42 9 9.457582 0 0
0 43 9 18.915165 0 0
3 20 9 4.728791 0 0
0 26 10 510.709503 0 0
0 38 10 33.101543 0 0
0 39 10 14.186375 0 0
0 42 10 118.219780 0 0
0 44 10 14.186375 0 0
0 46 10 14.186375 0 0
2 9 10 397.218506 0 0
0 15 11 321.557831 0 0
0 22 11 23.643959 0 0
0 32 11 137.134949 0 0
0 38 11 14.186375 0 0
0 39 11 28.372749 0 0
2 27 11 4.728791 0 0
3 24 11 33.101543 0 0
0 27 12 217.524414 0 0
0 35 12 33.101543 0 0
0 38 12 14.186375 0 0
0 39 12 14.186375 0 0
0 42 12 99.304626 0 0
0 45 12 9.457582 0 0
0 7 13 28.372749 0 0
0 23 13 28.372749 0 0
0 36 13 4.728791 0 0
0 39 13 4.728791 0 0
0 43 13 66.203087 0 0
0 36 14 28.372749 0 0
0 38 14 4.728791 0 0
0 39 14 61.474293 0 0
0 42 14 80.389458 0 0
0 40 15 9.457582 0 0
0 0 16 9.457582 0 0
0 23 16 18.915165 0 0
0 42 17 61.474293 0 0
0 44 17 127.677376 0 0
3 20 18 9.457582 0 0
0 7 21 99.304626 1 0
0 39 0 33.101543 0 0
0 39 1 23.643959 0 0
0 39 2 61.474293 0 0
0 23 3 9.457582 0 0
0 39 3 9.457582 0 0
0 39 4 3.136544 0 0
0 36 5 26.625088 0 0
0 39 5 31.327759 0 0
0 38 6 13.049665 0 0
0 39 6 16.312084 0 0
0 42 6 201.717545 0 0
5 46 6 111.134087 0 0
0 0 7 817.946960 0 0
0 11 7 14.186375 0 0
0 35 7 945.758240 0 0
0 39 7 47.287918 0 0
0 35 8 28.372749 0 0
0 36 8 52.016701 0 0
0 38 8 137.134949 0 0
0 39 8 794.437012 0 0
0 41 8 42.559120 0 0
0 42 8 9.457582 0 0
0 43 8 4.728791 0 0
0 11 9 718.776306 0 0
0 35 9 33.101543 0 0
0 38 9 9.457582 0 0
0 39 9 28.372749 0 0
0 42 9 9.457582 0 0
0 15 10 70.931870 0 0
0 36 10 56.745499 0 0
0 39 10 718.776306 0 0
0 42 10 160.778915 0 0
0 43 10 9.457582 0 0
0 45 10 14.186375 0 0
0 47 10 548.539795 0 0
0 5 11 9.457582 0 0
0 15 11 28.372749 0 0
0 19 11 137.134949 0 0
0 35 11 18.915165 0 0
0 38 11 4.728791 0 0
0 39 11 33.101543 0 0
0 40 11 47.287918 0 0
0 7 12 14.186375 0 0
0 33 12 56.745499 0 0
0 39 12 359.388153 0 0
0 40 12 18.915165 0 0
0 43 12 9.457582 0 0
0 15 13 18.915165 0 0
0 35 13 255.354752 0 0
0 36 13 118.219780 0 0
0 38 13 56.745499 0 0
0 39 13 9.457582 0 0
0 42 13 28.372749 0 0
2 20 13 14.186375 0 0
3 20 13 61.474293 0 0
0 6 14 217.524414 0 0
0 35 14 9.457582 0 0
0 38 14 9.457582 0 0
0 43 14 18.915165 0 0
0 2 15 9.457582 0 0
0 33 15 56.745499 0 0
0 39 15 4.728791 0 0
0 39 16 4.728791 0 0
0 42 16 56.745499 0 0
0 35 17 118.219780 0 0
0 43 17 70.931870 0 0
3 25 17 137.134949 0 0
0 33 18 33.101543 0 0
0 11 19 4.728791 0 0
0 36 19 37.830330 0 0
0 37 19 9.457582 0 0
0 39 19 52.016701 0 0
0 43 19 28.372749 0 0
2 8 19 33.101543 0 0
0 45 23 12.769663 1 0
0 19 0 26.672184 0 0
0 19 1 42.559120 0 0
0 19 2 18.915165 0 0
0 19 3 4.728791 0 0
0 19 4 14.186375 0 0
0 10 5 2.091029 0 0
0 15 5 19.017920 0 0
0 19 5 5.695957 0 0
0 23 5 101.134911 0 0
0 30 5 141.949371 0 0
0 46 5 35.562908 0 0
0 47 5 53.344368 0 0
4 38 5 222.268173 0 0
0 11 6 31.117548 0 0
0 14 6 17.781454 0 0
0 18 6 17.781454 0 0
0 19 6 4.445364 0 0
0 9 7 23.643959 0 0
0 15 7 14.186375 0 0
0 18 7 23.643959 0 0
0 19 7 718.776306 0 0
0 24 7 14.186375 0 0
0 38 7 397.218506 0 0
0 42 7 18.915165 0 0
0 15 8 794.437012 0 0
0 18 8 61.474293 0 0
0 19 8 33.101543 0 0
0 23 8 99.304626 0 0
6 33 8 80.389458 0 0
0 14 9 47.287918 0 0
0 15 9 718.776306 0 0
0 19 9 4.728791 0 0
0 38 9 56.745499 0 0
0 14 10 435.048828 0 0
0 15 10 510.709503 0 0
0 18 10 37.830330 0 0
0 19 10 9.457582 0 0
0 22 10 42.559120 0 0
1 0 10 160.778915 0 0
0 11 11 397.218506 0 0
0 14 11 14.186375 0 0
0 15 11 18.915165 0 0
0 18 11 9.457582 0 0
0 19 11 255.354752 0 0
0 23 11 80.389458 0 0
0 38 11 217.524414 0 0
0 18 12 61.474293 0 0
0 19 12 80.389458 0 0
0 21 12 47.287918 0 0
0 22 12 89.847038 0 0
0 46 12 23.643959 0 0
2 5 12 9.457582 0 0
0 8 13 18.915165 0 0
0 9 13 56.745499 0 0
0 15 13 42.559120 0 0
0 18 13 108.762207 0 0
0 19 13 127.677376 0 0
0 23 13 70.931870 0 0
0 36 13 47.287918 0 0
0 19 14 61.474293 0 0
0 36 14 23.643959 0 0
0 40 14 18.915165 0 0
0 15 15 18.915165 0 0
0 19 15 33.101543 0 0
0 24 15 9.457582 0 0
0 42 15 14.186375 0 0
6 11 17 14.186375 0 0
0 19 18 14.186375 0 0
0 39 18 4.728791 0 0
0 42 18 198.609253 0 0
0 19 19 14.186375 0 0
0 23 19 4.728791 0 0
0 41 19 9.457582 1 0
0 42 0 14.186375 0 0
0 39 1 9.457582 0 0
0 37 2 47.287918 0 0
0 42 2 47.287918 0 0
0 29 3 2.091029 0 0
0 39 3 20.919708 0 0
0 35 4 11.391913 0 0
0 39 4 28.479784 0 0
0 42 4 61.985916 0 0
0 4 5 26.099331 0 0
0 35 5 22.413061 0 0
0 38 5 11.206531 0 0
0 39 5 108.329788 0 0
0 42 5 22.226820 0 0
0 7 6 26.672184 0 0
0 35 6 75.571190 0 0
0 36 6 675.695312 0 0
0 38 6 31.117548 0 0
0 39 6 14.186375 0 0
0 40 6 89.847038 0 0
0 42 6 42.559120 0 0
0 43 6 137.134949 0 0
0 47 6 397.218506 0 0
0 11 7 23.643959 0 0
0 23 7 643.115662 0 0
0 35 7 18.915165 0 0
0 38 7 66.203087 0 0
0 39 7 4.728791 0 0
0 42 7 9.457582 0 0
0 0 8 9.457582 0 0
0 4 8 127.677376 0 0
0 7 8 945.758240 0 0
0 14 8 321.557831 0 0
0 23 8 28.372749 0 0
0 35 8 9.457582 0 0
0 38 8 4.728791 0 0
0 39 8 4.728791 0 0
0 42 8 23.643959 0 0
0 15 9 108.762207 0 0
0 35 9 66.203087 0 0
0 38 9 321.557831 0 0
0 39 9 397.218506 0 0
0 42 9 56.745499 0 0
0 19 10 52.016701 0 0
0 22 10 510.709503 0 0
0 35 10 359.388153 0 0
0 36 10 198.609253 0 0
0 38 10 255.354752 0 0
0 39 10 47.287918 0 0
0 42 10 14.186375 0 0
0 47 10 9.457582 0 0
2 12 10 255.354752 0 0
0 35 11 321.557831 0 0
0 38 11 56.745499 0 0
0 39 11 9.457582 0 0
0 42 11 14.186375 0 0
0 15 12 52.016701 0 0
0 19 12 4.728791 0 0
0 34 12 28.372749 0 0
0 39 12 33.101543 0 0
0 42 12 18.915165 0 0
0 43 12 52.016701 0 0
0 45 12 70.931870 0 0
0 47 12 18.915165 0 0
2 0 12 33.101543 0 0
0 14 13 56.745499 0 0
0 39 13 14.186375 0 0
0 40 13 37.830330 0 0
0 42 13 47.287918 0 0
0 35 14 18.915165 0 0
0 42 14 52.016701 0 0
0 45 14 28.372749 0 0
0 2 15 14.186375 0 0
5 44 15 14.186375 0 0
0 18 16 4.728791 0 0
0 37 16 33.101543 0 0
0 35 18 33.101543 0 0
0 38 18 18.915165 0 0
4 20 21 89.847038 1 0
0 14 0 108.762207 0 0
0 14 1 9.457582 0 0
0 20 1 47.287918 0 0
0 14 2 56.745499 0 0
0 14 3 8.364117 0 0
0 14 4 32.330460 0 0
0 18 4 1.901792 0 0
0 14 5 19.935848 0 0
0 14 6 42.411415 0 0
0 18 6 78.445717 0 0
0 14 7 93.387741 0 0
0 15 7 257.831085 0 0
0 16 7 321.557831 0 0
0 18 7 99.304626 0 0
0 14 8 586.370178 0 0
0 18 8 14.186375 0 0
6 39 8 127.677376 0 0
0 10 9 66.203087 0 0
0 14 9 435.048828 0 0
0 15 9 108.762207 0 0
0 17 9 18.915165 0 0
0 18 9 794.437012 0 0
0 19 9 47.287918 0 0
0 38 9 61.474293 0 0
0 39 9 99.304626 0 0
6 39 9 9.457582 0 0
0 9 10 37.830330 0 0
0 14 10 9.457582 0 0
0 15 10 4.728791 0 0
0 17 10 718.776306 0 0
0 18 10 28.372749 0 0
0 19 10 61.474293 0 0
0 20 10 548.539795 0 0
0 21 10 9.457582 0 0
0 23 10 28.372749 0 0
4 15 10 47.287918 0 0
0 3 11 37.830330 0 0
0 14 11 18.915165 0 0
0 15 11 472.879120 0 0
0 17 11 108.762207 0 0
0 18 11 146.592545 0 0
0 21 11 47.287918 0 0
0 38 11 18.915165 0 0
0 14 12 37.830330 0 0
0 18 12 108.762207 0 0
0 19 12 217.524414 0 0
0 21 12 47.287918 0 0
0 22 12 4.728791 0 0
0 39 12 14.186375 0 0
1 1 12 18.915165 0 0
0 9 13 127.677376 0 0
0 10 13 47.287918 0 0
0 14 13 179.694077 0 0
0 18 13 108.762207 0 0
0 19 13 18.915165 0 0
0 14 14 160.778915 0 0
0 15 14 108.762207 0 0
0 17 14 89.847038 0 0
0 18 14 23.643959 0 0
0 21 14 28.372749 0 0
0 22 14 9.457582 0 0
0 10 15 42.559120 0 0
0 12 15 42.559120 0 0
0 14 15 146.592545 0 0
0 17 15 14.186375 0 0
0 18 15 80.389458 0 0
0 10 16 4.728791 0 0
0 15 16 14.186375 0 0
0 17 16 18.915165 0 0
0 18 16 23.643959 0 0
0 11 17 9.457582 0 0
0 14 17 9.457582 0 0
0 17 17 4.728791 0 0
0 17 18 33.101543 0 0
0 20 18 9.457582 0 0
0 19 20 42.559120 1 0
0 14 0 14.942039 0 0
0 18 0 47.287918 0 0
0 14 1 118.219780 0 0
0 18 2 28.372749 0 0
0 14 3 89.847038 0 0
0 10 4 14.186375 0 0
0 14 4 28.372749 0 0
0 18 4 7.318602 0 0
0 19 4 2.091029 0 0
4 24 4 3.803583 0 0
0 14 5 8.543936 0 0
0 15 5 9.787251 0 0
0 18 5 3.735510 0 0
0 3 6 52.297142 0 0
0 14 6 283.898743 0 0
0 15 6 26.148571 0 0
0 18 6 604.569519 0 0
0 19 6 102.243370 0 0
0 9 7 26.672184 0 0
0 12 7 66.203087 0 0
0 13 7 435.048828 0 0
0 14 7 198.609253 0 0
0 15 7 794.437012 0 0
0 18 7 99.304626 0 0
0 14 8 18.915165 0 0
0 15 8 33.101543 0 0
0 17 8 23.643959 0 0
0 18 8 643.115662 0 0
0 19 8 99.304626 0 0
0 21 8 198.609253 0 0
0 22 8 179.694077 0 0
0 4 9 61.474293 0 0
0 9 9 18.915165 0 0
0 14 9 510.709503 0 0
0 15 9 23.643959 0 0
0 17 9 14.186375 0 0
0 18 9 80.389458 0 0
0 19 9 42.559120 0 0
0 38 9 18.915165 0 0
6 37 9 643.115662 0 0
0 9 10 80.389458 0 0
0 11 10 28.372749 0 0
0 14 10 274.269897 0 0
0 15 10 33.101543 0 0
0 18 10 18.915165 0 0
0 19 10 18.915165 0 0
0 21 10 33.101543 0 0
0 1 11 28.372749 0 0
0 14 11 137.134949 0 0
0 15 11 236.439560 0 0
0 17 11 52.016701 0 0
0 18 11 4.728791 0 0
0 36 11 9.457582 0 0
0 10 12 198.609253 0 0
0 14 12 52.016701 0 0
0 18 12 37.830330 0 0
0 19 12 146.592545 0 0
0 36 12 37.830330 0 0
2 8 12 18.915165 0 0
0 8 13 52.016701 0 0
0 14 13 23.643959 0 0
0 15 13 42.559120 0 0
0 17 13 4.728791 0 0
0 18 13 28.372749 0 0
0 18 14 179.694077 0 0
0 29 14 66.203087 0 0
5 23 14 28.372749 0 0
5 27 14 70.931870 0 0
5 47 14 37.830330 0 0
0 23 15 4.728791 0 0
0 36 15 28.372749 0 0
0 39 15 18.915165 0 0
5 44 15 66.203087 0 0
0 9 16 23.643959 0 0
0 39 16 28.372749 0 0
0 18 19 37.830330 1 0
0 19 0 47.287918 0 0
0 38 1 4.445364 0 0
0 38 2 9.457582 0 0
0 15 3 89.847038 0 0
0 38 3 4.728791 0 0
0 15 4 28.372749 0 0
0 19 4 33.101543 0 0
0 38 4 3.136544 0 0
0 43 4 3.803583 0 0
0 8 5 8.543936 0 0
0 11 5 55.461082 0 0
0 15 5 68.510750 0 0
0 19 5 41.090607 0 0
0 38 5 41.090607 0 0
3 17 5 156.891434 0 0
0 15 6 3.735510 0 0
0 19 6 22.226820 0 0
0 23 6 35.562908 0 0
0 38 6 93.352646 0 0
0 44 6 84.461914 0 0
1 3 6 889.072693 0 0
2 4 6 66.203087 0 0
0 11 7 179.694077 0 0
0 15 7 9.457582 0 0
0 38 7 397.218506 0 0
0 10 8 70.931870 0 0
0 15 8 37.830330 0 0
0 19 8 108.762207 0 0
0 38 8 586.370178 0 0
2 14 8 66.203087 0 0
0 15 9 47.287918 0 0
0 19 9 179.694077 0 0
0 22 9 510.709503 0 0
0 38 9 236.439560 0 0
1 33 9 89.847038 0 0
3 32 9 89.847038 0 0
6 40 9 870.097656 0 0
0 2 10 66.203087 0 0
0 15 10 236.439560 0 0
0 23 10 4.728791 0 0
0 38 10 236.439560 0 0
0 15 11 293.185089 0 0
0 35 11 9.457582 0 0
0 38 11 255.354752 0 0
0 5 12 42.559120 0 0
0 6 12 52.016701 0 0
0 15 12 52.016701 0 0
0 19 12 179.694077 0 0
0 35 12 37.830330 0 0
0 38 12 160.778915 0 0
0 5 13 33.101543 0 0
0 10 13 4.728791 0 0
0 15 13 89.847038 0 0
0 19 13 4.728791 0 0
0 25 13 4.728791 0 0
0 38 13 56.745499 0 0
0 42 13 99.304626 0 0
0 15 14 66.203087 0 0
0 19 14 9.457582 0 0
0 38 14 89.847038 0 0
0 14 15 42.559120 0 0
0 19 15 42.559120 0 0
0 15 16 14.186375 0 0
0 23 16 18.915165 0 0
0 11 17 37.830330 0 0
0 39 17 28.372749 0 0
0 11 18 23.643959 0 0
0 25 18 80.389458 0 0
0 26 18 52.016701 0 0
0 15 19 42.559120 0 0
0 14 21 23.643959 0 0
0 39 22 33.101543 0 0
0 33 23 12.769663 0 0
0 33 25 23.978762 1 0
0 15 0 14.186375 0 0
0 15 1 18.915165 0 0
0 15 2 18.915165 0 0
0 15 3 4.728791 0 0
0 15 4 3.136544 0 0
0 38 4 5.705375 0 0
0 15 5 22.783827 0 0
0 17 5 94.610069 0 0
0 38 5 283.898743 0 0
0 11 6 44.826122 0 0
0 15 6 675.695312 0 0
0 19 6 57.789730 0 0
0 38 6 53.344368 0 0
0 45 6 56.745499 0 0
0 1 7 794.437012 0 0
0 6 7 160.778915 0 0
0 14 7 179.694077 0 0
0 15 7 47.287918 0 0
0 19 7 4.728791 0 0
0 21 7 9.457582 0 0
0 35 7 23.643959 0 0
0 38 7 1172.740356 0 0
0 15 8 14.186375 0 0
0 31 8 33.101543 0 0
0 38 8 28.372749 0 0
4 40 8 52.016701 0 0
0 11 9 586.370178 0 0
0 15 9 56.745499 0 0
0 19 9 548.539795 0 0
0 38 9 18.915165 0 0
1 0 9 1097.079590 0 0
3 24 9 70.931870 0 0
0 15 10 99.304626 0 0
0 19 10 435.048828 0 0
0 38 10 61.474293 0 0
0 42 10 160.778915 0 0
0 10 11 42.559120 0 0
0 11 11 42.559120 0 0
0 14 11 33.101543 0 0
0 15 11 56.745499 0 0
0 19 11 179.694077 0 0
0 22 11 37.830330 0 0
0 38 11 9.457582 0 0
0 43 11 108.762207 0 0
0 10 12 14.186375 0 0
0 15 12 37.830330 0 0
0 35 12 80.389458 0 0
0 38 12 42.559120 0 0
0 44 12 33.101543 0 0
0 15 13 66.203087 0 0
0 36 13 47.287918 0 0
0 38 13 23.643959 0 0
0 43 13 108.762207 0 0
0 10 14 89.847038 0 0
0 15 14 23.643959 0 0
0 19 14 28.372749 0 0
0 39 14 14.186375 0 0
3 24 14 18.915165 0 0
0 10 15 89.847038 0 0
0 15 15 89.847038 0 0
0 22 15 14.186375 0 0
0 42 15 52.016701 0 0
0 45 15 9.457582 0 0
0 9 16 18.915165 0 0
0 11 16 14.186375 0 0
0 19 16 42.559120 0 0
0 22 16 33.101543 0 0
0 38 16 89.847038 0 0
0 15 18 18.915165 0 0
0 38 18 14.186375 0 0
0 10 19 198.609253 0 0
0 11 19 472.879120 0 0
0 22 19 37.830330 0 0
0 7 20 14.186375 0 0
0 34 21 4.728791 0 0
0 10 27 95.915047 1 0
0 38 0 2.091029 0 0
0 43 0 18.915165 0 0
2 5 0 47.287918 0 0
0 38 1 33.101543 0 0
0 38 2 14.186375 0 0
0 15 3 56.745499 0 0
0 38 3 9.457582 0 0
0 38 4 2.091029 0 0
0 14 5 3.136544 0 0
0 38 5 3.803583 0 0
0 27 6 25.631804 0 0
0 35 6 3.262416 0 0
0 38 6 110.922165 0 0
0 40 6 201.717545 0 0
0 36 7 48.898998 0 0
0 38 7 337.847656 0 0
0 42 7 23.643959 0 0
1 1 7 160.778915 0 0
0 15 8 643.115662 0 0
0 27 8 89.847038 0 0
0 38 8 14.186375 0 0
0 39 8 510.709503 0 0
0 14 9 66.203087 0 0
0 15 9 56.745499 0 0
0 34 9 4.728791 0 0
0 35 9 643.115662 0 0
0 36 9 14.186375 0 0
0 38 9 9.457582 0 0
0 42 9 108.762207 0 0
0 19 10 4.728791 0 0
0 38 10 160.778915 0 0
0 39 10 42.559120 0 0
0 42 10 359.388153 0 0
0 43 10 14.186375 0 0
3 25 10 37.830330 0 0
0 9 11 397.218506 0 0
0 10 11 198.609253 0 0
0 14 11 28.372749 0 0
0 19 11 52.016701 0 0
0 35 11 18.915165 0 0
0 36 11 42.559120 0 0
0 38 11 9.457582 0 0
0 39 11 4.728791 0 0
2 9 11 66.203087 0 0
3 17 11 56.745499 0 0
0 15 12 397.218506 0 0
0 19 12 9.457582 0 0
0 38 12 80.389458 0 0
0 11 13 33.101543 0 0
0 15 13 255.354752 0 0
0 19 13 14.186375 0 0
0 35 13 4.728791 0 0
0 36 13 18.915165 0 0
0 38 13 56.745499 0 0
0 42 13 61.474293 0 0
0 38 14 70.931870 0 0
3 42 14 14.186375 0 0
0 38 15 42.559120 0 0
0 19 16 108.762207 0 0
0 32 16 9.457582 0 0
0 35 16 14.186375 0 0
0 44 16 47.287918 0 0
0 44 17 9.457582 0 0
3 12 17 33.101543 0 0
0 36 20 4.728791 1 0
0 38 0 4.728791 0 0
0 38 1 2.091029 0 0
0 38 2 3.803583 0 0
0 38 3 11.391913 0 0
0 36 4 6.524833 0 0
0 38 4 14.942039 0 0
0 38 5 7.471019 0 0
0 38 6 75.571190 0 0
0 42 6 198.609253 0 0
0 38 7 9.457582 0 0
0 19 8 321.557831 0 0
0 38 8 42.559120 0 0
0 35 9 794.437012 0 0
0 38 9 14.186375 0 0
0 11 10 643.115662 0 0
0 15 10 47.287918 0 0
0 19 10 42.559120 0 0
0 35 10 28.372749 0 0
0 38 10 4.728791 0 0
0 39 10 870.097656 0 0
0 15 11 359.388153 0 0
0 35 11 14.186375 0 0
0 38 11 146.592545 0 0
0 42 11 718.776306 0 0
0 6 12 18.915165 0 0
0 7 12 37.830330 0 0
0 15 12 118.219780 0 0
0 33 12 28.372749 0 0
0 35 12 9.457582 0 0
0 38 12 255.354752 0 0
0 39 12 472.879120 0 0
0 42 12 89.847038 0 0
3 20 12 28.372749 0 0
0 7 13 47.287918 0 0
0 18 13 18.915165 0 0
0 35 13 14.186375 0 0
0 36 13 23.643959 0 0
0 38 13 127.677376 0 0
0 19 14 18.915165 0 0
0 35 14 14.186375 0 0
0 38 14 179.694077 0 0
0 39 14 14.186375 0 0
0 10 15 9.457582 0 0
0 15 15 9.457582 0 0
0 33 15 18.915165 0 0
0 35 15 70.931870 0 0
0 38 15 108.762207 0 0
0 39 15 37.830330 0 0
0 40 15 18.915165 0 0
0 27 16 14.186375 0 0
0 33 16 14.186375 0 0
0 35 16 89.847038 0 0
0 38 16 99.304626 0 0
0 42 16 4.728791 0 0
0 35 17 118.219780 0 0
0 38 17 66.203087 0 0
0 39 17 18.915165 0 0
0 11 18 14.186375 0 0
0 37 18 80.389458 0 0
0 15 19 4.728791 0 0
0 15 21 33.101543 0 0
0 42 21 47.287918 0 0
0 45 21 18.915165 0 0
0 17 22 56.745499 0 0
0 14 25 15.985841 1 0
0 14 0 4.728791 0 0
0 14 1 14.186375 0 0
0 14 2 4.728791 0 0
0 14 3 14.186375 0 0
0 13 4 52.016701 0 0
0 14 4 3.136544 0 0
0 22 4 3.803583 0 0
0 39 4 14.239892 0 0
0 14 5 16.312084 0 0
0 15 5 26.148571 0 0
0 14 6 283.898743 0 0
0 15 6 11.206531 0 0
0 18 6 11.206531 0 0
0 10 7 444.536346 0 0
0 14 7 17.781454 0 0
0 15 7 794.437012 0 0
0 17 7 47.287918 0 0
0 18 7 18.915165 0 0
0 10 8 18.915165 0 0
0 14 8 1021.419006 0 0
0 15 8 127.677376 0 0
0 18 8 4.728791 0 0
0 38 8 42.559120 0 0
6 34 8 33.101543 0 0
0 11 9 718.776306 0 0
0 13 9 89.847038 0 0
0 14 9 160.778915 0 0
0 18 9 14.186375 0 0
0 38 9 37.830330 0 0
0 39 9 9.457582 0 0
0 9 10 794.437012 0 0
0 13 10 23.643959 0 0
0 14 10 23.643959 0 0
0 15 10 18.915165 0 0
0 18 10 4.728791 0 0
0 19 10 33.101543 0 0
0 10 11 293.185089 0 0
0 14 11 137.134949 0 0
0 15 11 52.016701 0 0
0 18 11 37.830330 0 0
6 42 11 99.304626 0 0
0 14 12 274.269897 0 0
0 17 12 4.728791 0 0
0 14 13 14.186375 0 0
0 15 13 236.439560 0 0
0 17 13 52.016701 0 0
0 18 13 61.474293 0 0
0 19 13 37.830330 0 0
0 22 13 52.016701 0 0
0 10 14 33.101543 0 0
0 14 14 28.372749 0 0
0 18 14 18.915165 0 0
5 23 14 52.016701 0 0
0 8 15 66.203087 0 0
0 13 15 66.203087 0 0
0 14 15 4.728791 0 0
0 5 16 14.186375 0 0
0 14 16 14.186375 0 0
0 23 17 33.101543 0 0
0 24 17 108.762207 0 0
0 10 18 4.728791 0 0
0 37 18 28.372749 0 0
3 20 18 18.915165 0 0
0 30 19 61.474293 0 0
0 29 20 33.101543 0 0
2 8 20 14.186375 1 0
0 18 0 26.099331 0 0
0 18 1 57.789730 0 0
0 18 2 89.847038 0 0
0 18 3 70.931870 0 0
0 21 3 47.287918 0 0
6 44 3 28.372749 0 0
0 15 4 52.016701 0 0
0 18 4 2.091029 0 0
0 42 4 5.705375 0 0
0 14 5 5.695957 0 0
0 15 5 221.844330 0 0
0 17 5 6.524833 0 0
0 18 5 3.735510 0 0
0 19 5 567.797485 0 0
6 37 5 3.735510 0 0
0 14 6 57.789730 0 0
0 15 6 53.344368 0 0
0 18 6 8.890727 0 0
0 19 6 817.946960 0 0
0 21 6 53.344368 0 0
0 23 6 66.203087 0 0
0 0 7 14.186375 0 0
0 9 7 1286.231323 0 0
0 14 7 179.694077 0 0
0 15 7 14.186375 0 0
0 17 7 66.203087 0 0
0 18 7 14.186375 0 0
0 19 7 14.186375 0 0
0 22 7 435.048828 0 0
0 9 8 435.048828 0 0
0 10 8 108.762207 0 0
0 14 8 321.557831 0 0
0 15 8 359.388153 0 0
0 18 8 4.728791 0 0
0 19 8 70.931870 0 0
0 22 8 37.830330 0 0
0 25 8 42.559120 0 0
6 40 8 99.304626 0 0
0 9 9 321.557831 0 0
0 11 9 179.694077 0 0
0 14 9 52.016701 0 0
0 15 9 23.643959 0 0
0 18 9 47.287918 0 0
0 19 9 37.830330 0 0
0 13 10 118.219780 0 0
0 14 10 14.186375 0 0
0 15 10 236.439560 0 0
0 17 10 37.830330 0 0
0 18 10 28.372749 0 0
0 19 10 61.474293 0 0
0 29 10 80.389458 0 0
1 32 10 70.931870 0 0
6 41 10 255.354752 0 0
0 7 11 14.186375 0 0
0 9 11 4.728791 0 0
0 11 11 4.728791 0 0
0 14 11 28.372749 0 0
0 15 11 18.915165 0 0
0 18 11 146.592545 0 0
0 19 11 28.372749 0 0
0 14 12 52.016701 0 0
0 25 12 42.559120 0 0
5 28 12 42.559120 0 0
0 7 13 4.728791 0 0
0 14 14 33.101543 0 0
0 18 14 37.830330 0 0
0 19 14 14.186375 0 0
0 19 15 9.457582 0 0
0 18 16 18.915165 0 0
0 18 17 28.372749 0 0
4 25 17 56.745499 0 0
0 15 18 4.728791 0 0
0 23 24 111.900894 1 0
0 14 0 4.728791 0 0
0 14 1 28.372749 0 0
0 14 2 47.287918 0 0
0 14 3 14.186375 0 0
2 4 3 18.915165 0 0
0 14 4 18.915165 0 0
0 6 5 18.915165 0 0
0 14 5 3.262416 0 0
0 14 6 5.227573 0 0
0 15 6 19.017920 0 0
0 44 6 22.783827 0 0
0 14 7 55.461082 0 0
0 15 7 186.775482 0 0
0 4 8 13.336092 0 0
0 9 8 337.847656 0 0
0 14 8 255.354752 0 0
0 15 8 118.219780 0 0
0 19 8 18.915165 0 0
0 38 8 472.879120 0 0
0 39 8 56.745499 0 0
6 7 8 42.559120 0 0
0 9 9 66.203087 0 0
0 10 9 718.776306 0 0
0 13 9 198.609253 0 0
0 14 9 18.915165 0 0
0 15 9 14.186375 0 0
0 22 9 28.372749 0 0
6 32 9 9.457582 0 0
0 10 10 61.474293 0 0
0 12 10 4.728791 0 0
0 14 10 643.115662 0 0
0 15 10 23.643959 0 0
0 18 10 42.559120 0 0
0 25 10 37.830330 0 0
6 6 10 14.186375 0 0
0 5 11 510.709503 0 0
0 10 11 118.219780 0 0
0 14 11 33.101543 0 0
0 15 11 9.457582 0 0
4 16 11 70.931870 0 0
0 9 12 42.559120 0 0
0 10 12 718.776306 0 0
0 11 12 33.101543 0 0
0 14 12 23.643959 0 0
0 15 12 28.372749 0 0
0 18 12 28.372749 0 0
0 20 12 397.218506 0 0
0 24 12 70.931870 0 0
0 14 13 33.101543 0 0
0 15 13 47.287918 0 0
0 18 13 9.457582 0 0
0 13 14 217.524414 0 0
0 14 14 33.101543 0 0
0 15 14 56.745499 0 0
0 17 14 4.728791 0 0
0 8 15 198.609253 0 0
0 9 15 14.186375 0 0
0 10 15 66.203087 0 0
0 14 15 52.016701 0 0
0 15 15 4.728791 0 0
0 17 15 89.847038 0 0
0 19 15 42.559120 0 0
0 14 16 14.186375 0 0
0 16 16 80.389458 0 0
0 18 16 14.186375 0 0
0 22 16 47.287918 0 0
6 32 16 4.728791 0 0
0 5 17 52.016701 0 0
0 16 17 18.915165 0 0
0 17 17 14.186375 0 0
0 6 18 9.457582 0 0
0 14 18 14.186375 0 0
0 18 18 4.728791 0 0
6 34 18 42.559120 0 0
0 32 19 28.372749 0 0
6 40 19 18.915165 0 0
0 5 20 23.643959 0 0
0 15 20 9.457582 1 0
0 38 0 18.915165 0 0
0 38 1 9.457582 0 0
0 35 2 4.728791 0 0
0 38 2 83.002823 0 0
0 38 3 6.273088 0 0
0 35 4 11.410750 0 0
0 38 4 8.543936 0 0
0 28 5 82.591362 0 0
0 35 5 163.120804 0 0
0 38 5 22.413061 0 0
0 19 6 254.014679 0 0
0 35 6 66.680458 0 0
0 38 6 57.789730 0 0
0 11 7 337.847656 0 0
0 35 7 9.457582 0 0
0 38 7 33.101543 0 0
0 39 7 472.879120 0 0
0 42 7 9.457582 0 0
0 15 8 179.694077 0 0
0 35 8 794.437012 0 0
0 38 8 37.830330 0 0
0 42 8 33.101543 0 0
0 11 9 4.728791 0 0
0 15 9 80.389458 0 0
0 35 9 548.539795 0 0
0 38 9 33.101543 0 0
3 24 9 80.389458 0 0
0 10 10 33.101543 0 0
0 11 10 80.389458 0 0
0 15 10 510.709503 0 0
0 35 10 37.830330 0 0
0 36 10 14.186375 0 0
0 38 10 52.016701 0 0
0 39 10 236.439560 0 0
0 47 10 70.931870 0 0
0 11 11 359.388153 0 0
0 15 11 42.559120 0 0
0 19 11 52.016701 0 0
0 23 11 28.372749 0 0
0 35 11 56.745499 0 0
0 38 11 89.847038 0 0
0 39 11 9.457582 0 0
4 27 11 89.847038 0 0
0 11 12 179.694077 0 0
0 15 12 23.643959 0 0
0 18 12 9.457582 0 0
0 35 12 4.728791 0 0
0 38 12 14.186375 0 0
0 7 13 23.643959 0 0
0 29 13 217.524414 0 0
0 33 13 4.728791 0 0
0 38 13 14.186375 0 0
0 42 14 14.186375 0 0
3 21 14 47.287918 0 0
0 11 15 89.847038 0 0
0 35 15 28.372749 0 0
0 38 15 33.101543 0 0
0 39 15 14.186375 0 0
0 18 16 23.643959 0 0
0 35 16 4.728791 0 0
0 42 16 18.915165 0 0
0 35 20 108.762207 0 0
3 25 23 66.203087 0 0
0 26 24 47.957523 1 0
0 19 0 18.915165 0 0
0 15 1 33.101543 0 0
0 10 2 3.136544 0 0
0 15 2 11.410750 0 0
0 19 2 8.543936 0 0
0 14 3 5.695957 0 0
0 15 3 39.871696 0 0
0 15 4 19.574501 0 0
0 18 4 75.035583 0 0
0 19 4 186.775482 0 0
0 35 4 11.206531 0 0
0 15 5 171.833466 0 0
0 11 6 22.413061 0 0
0 14 6 373.410583 0 0
0 15 6 66.203087 0 0
0 18 6 42.559120 0 0
0 19 6 643.115662 0 0
0 23 6 37.830330 0 0
0 26 6 586.370178 0 0
0 10 7 14.186375 0 0
0 14 7 4.728791 0 0
0 15 7 23.643959 0 0
0 19 7 61.474293 0 0
0 38 7 1286.231323 0 0
0 11 8 89.847038 0 0
0 14 8 14.186375 0 0
0 15 8 33.101543 0 0
0 17 8 47.287918 0 0
0 18 8 397.218506 0 0
0 19 8 18.915165 0 0
0 22 8 89.847038 0 0
0 14 9 870.097656 0 0
0 15 9 4.728791 0 0
0 18 9 127.677376 0 0
0 19 9 548.539795 0 0
0 31 9 23.643959 0 0
0 14 10 61.474293 0 0
0 15 10 4.728791 0 0
0 18 10 14.186375 0 0
0 19 10 179.694077 0 0
0 22 10 118.219780 0 0
0 46 10 321.557831 0 0
0 47 10 56.745499 0 0
6 34 10 47.287918 0 0
6 45 10 37.830330 0 0
0 10 11 9.457582 0 0
0 11 11 33.101543 0 0
0 14 11 42.559120 0 0
0 15 11 108.762207 0 0
0 13 12 18.915165 0 0
0 14 12 23.643959 0 0
0 15 12 89.847038 0 0
0 18 12 137.134949 0 0
0 19 12 61.474293 0 0
0 30 12 28.372749 0 0
0 14 13 4.728791 0 0
0 15 13 198.609253 0 0
0 19 13 52.016701 0 0
0 15 14 28.372749 0 0
0 15 15 70.931870 0 0
0 19 15 80.389458 0 0
0 22 15 18.915165 0 0
0 4 16 23.643959 0 0
0 11 16 42.559120 0 0
0 33 16 28.372749 0 0
0 46 16 4.728791 0 0
0 10 17 37.830330 0 0
0 14 18 23.643959 0 0
0 15 18 14.186375 1 0
0 38 0 4.728791 0 0
0 23 1 13.591691 0 0
0 38 1 7.607167 0 0
0 27 2 15.214334 0 0
0 38 2 22.783827 0 0
0 19 3 59.807549 0 0
0 38 3 22.836916 0 0
0 19 4 352.341003 0 0
0 38 4 22.413061 0 0
0 46 4 433.319153 0 0
0 15 5 14.942039 0 0
0 38 5 8.890727 0 0
0 39 5 817.946960 0 0
0 42 5 17.781454 0 0
0 3 6 13.336092 0 0
0 10 6 9.457582 0 0
0 19 6 61.474293 0 0
0 38 6 14.186375 0 0
0 42 6 1021.419006 0 0
0 38 7 9.457582 0 0
0 45 7 718.776306 0 0
0 46 7 47.287918 0 0
0 7 8 108.762207 0 0
0 15 8 56.745499 0 0
0 18 8 61.474293 0 0
0 19 8 4.728791 0 0
0 20 8 56.745499 0 0
0 38 8 33.101543 0 0
0 42 8 435.048828 0 0
0 19 9 52.016701 0 0
0 23 9 217.524414 0 0
0 35 9 23.643959 0 0
0 38 9 146.592545 0 0
5 10 9 472.879120 0 0
0 11 10 14.186375 0 0
0 19 10 66.203087 0 0
0 26 10 217.524414 0 0
0 38 10 89.847038 0 0
0 39 10 42.559120 0 0
0 42 10 127.677376 0 0
0 15 11 14.186375 0 0
0 38 11 198.609253 0 0
0 39 11 14.186375 0 0
0 40 11 18.915165 0 0
0 15 12 4.728791 0 0
0 19 12 52.016701 0 0
0 35 12 89.847038 0 0
0 38 12 99.304626 0 0
0 39 12 42.559120 0 0
0 42 12 33.101543 0 0
0 15 13 33.101543 0 0
0 23 13 18.915165 0 0
0 27 13 99.304626 0 0
0 35 13 4.728791 0 0
0 38 13 99.304626 0 0
0 39 13 28.372749 0 0
0 38 14 28.372749 0 0
0 42 14 56.745499 0 0
0 10 15 9.457582 0 0
0 18 15 4.728791 0 0
0 35 15 28.372749 0 0
0 38 15 28.372749 0 0
0 13 16 18.915165 0 0
0 13 17 14.186375 0 0
0 23 18 33.101543 0 0
0 29 18 14.186375 1 0
0 15 0 14.186375 0 0
0 15 1 33.101543 0 0
0 15 2 2.091029 0 0
0 19 2 3.803583 0 0
0 15 3 59.807549 0 0
0 38 3 34.175743 0 0
0 15 4 75.035583 0 0
0 38 4 19.574501 0 0
0 15 5 115.800812 0 0
0 19 5 201.717545 0 0
0 21 5 746.821167 0 0
0 38 5 75.571190 0 0
0 15 6 8.890727 0 0
0 19 6 17.781454 0 0
0 35 6 1097.079590 0 0
0 38 6 33.101543 0 0
0 42 6 18.915165 0 0
0 5 7 397.218506 0 0
0 11 7 18.915165 0 0
0 15 7 9.457582 0 0
0 19 7 56.745499 0 0
0 38 7 870.097656 0 0
1 16 7 33.101543 0 0
0 0 8 14.186375 0 0
0 9 8 18.915165 0 0
0 10 8 52.016701 0 0
0 11 8 4.728791 0 0
0 15 8 14.186375 0 0
0 38 8 321.557831 0 0
0 42 8 198.609253 0 0
0 11 9 18.915165 0 0
0 15 9 9.457582 0 0
0 19 9 359.388153 0 0
0 33 9 42.559120 0 0
0 35 9 33.101543 0 0
0 38 9 28.372749 0 0
0 40 9 99.304626 0 0
0 42 9 14.186375 0 0
0 15 10 9.457582 0 0
0 19 10 321.557831 0 0
0 24 10 37.830330 0 0
0 34 10 14.186375 0 0
0 35 10 9.457582 0 0
0 38 10 89.847038 0 0
0 11 11 160.778915 0 0
0 15 11 33.101543 0 0
0 19 11 321.557831 0 0
0 38 11 56.745499 0 0
0 15 12 70.931870 0 0
0 38 12 14.186375 0 0
0 7 13 89.847038 0 0
0 11 13 14.186375 0 0
0 15 13 37.830330 0 0
0 38 13 80.389458 0 0
0 15 14 9.457582 0 0
0 19 14 42.559120 0 0
0 32 14 118.219780 0 0
0 35 14 37.830330 0 0
3 24 14 14.186375 0 0
0 15 15 99.304626 0 0
0 13 16 37.830330 0 0
0 10 17 4.728791 1 0
0 38 0 4.728791 0 0
0 38 1 19.574501 0 0
0 38 2 23.643959 0 0
0 42 2 4.728791 0 0
0 38 3 3.136544 0 0
3 20 3 3.803583 0 0
0 38 4 17.087872 0 0
0 42 4 8.543936 0 0
0 38 5 29.361746 0 0
0 42 5 433.319153 0 0
0 35 6 14.942039 0 0
0 38 6 515.662170 0 0
0 39 6 26.672184 0 0
0 42 6 80.389458 0 0
0 43 6 945.758240 0 0
0 6 7 33.101543 0 0
0 11 7 236.439560 0 0
0 18 7 9.457582 0 0
0 38 7 4.728791 0 0
0 42 7 14.186375 0 0
6 37 7 4.728791 0 0
0 7 8 945.758240 0 0
0 32 8 435.048828 0 0
0 38 8 4.728791 0 0
0 42 8 9.457582 0 0
0 43 8 472.879120 0 0
0 18 9 293.185089 0 0
0 19 9 18.915165 0 0
0 23 9 42.559120 0 0
0 38 9 52.016701 0 0
0 39 9 23.643959 0 0
0 42 9 643.115662 0 0
0 14 10 56.745499 0 0
0 18 10 321.557831 0 0
0 33 10 33.101543 0 0
0 35 10 23.643959 0 0
0 38 10 23.643959 0 0
0 39 10 18.915165 0 0
0 42 10 217.524414 0 0
0 6 11 47.287918 0 0
0 11 11 160.778915 0 0
0 23 11 14.186375 0 0
0 27 11 33.101543 0 0
0 36 11 9.457582 0 0
0 38 11 9.457582 0 0
0 39 11 18.915165 0 0
0 41 11 179.694077 0 0
0 11 12 33.101543 0 0
0 18 12 108.762207 0 0
0 23 12 42.559120 0 0
0 33 12 118.219780 0 0
0 36 12 9.457582 0 0
0 38 12 14.186375 0 0
0 39 12 52.016701 0 0
0 46 12 179.694077 0 0
1 2 12 42.559120 0 0
0 19 13 99.304626 0 0
0 23 13 89.847038 0 0
0 36 13 23.643959 0 0
0 38 13 14.186375 0 0
0 42 13 137.134949 0 0
0 14 14 23.643959 0 0
0 23 14 9.457582 0 0
0 45 14 179.694077 0 0
0 23 15 61.474293 0 0
0 26 15 18.915165 0 0
0 30 15 18.915165 0 0
0 38 15 42.559120 0 0
0 38 16 179.694077 0 0
0 35 17 28.372749 0 0
0 38 17 23.643959 0 0
0 38 18 9.457582 0 0
0 42 18 4.728791 0 0
2 22 21 37.830330 1 0
0 39 0 4.728791 0 0
0 39 1 29.884077 0 0
0 39 2 4.728791 0 0
0 42 2 14.186375 0 0
0 43 2 9.457582 0 0
0 39 3 37.830330 0 0
0 39 4 3.136544 0 0
0 42 4 3.803583 0 0
0 43 4 17.087872 0 0
2 31 4 11.391913 0 0
0 34 5 2.847978 0 0
0 36 5 61.985916 0 0
0 39 5 186.775482 0 0
0 35 6 18.677551 0 0
0 39 6 44.826122 0 0
0 6 7 22.226820 0 0
0 39 7 48.898998 0 0
0 42 7 515.662170 0 0
0 43 7 14.186375 0 0
0 30 8 472.879120 0 0
0 39 8 47.287918 0 0
0 42 8 359.388153 0 0
0 43 8 37.830330 0 0
0 45 8 61.474293 0 0
0 38 9 23.643959 0 0
0 39 9 510.709503 0 0
0 44 9 14.186375 0 0
0 45 9 18.915165 0 0
0 39 10 18.915165 0 0
0 42 10 52.016701 0 0
0 43 10 718.776306 0 0
0 38 11 33.101543 0 0
0 39 11 4.728791 0 0
0 40 11 179.694077 0 0
0 43 11 23.643959 0 0
0 44 11 37.830330 0 0
0 39 12 4.728791 0 0
0 42 12 718.776306 0 0
2 17 12 18.915165 0 0
0 36 13 14.186375 0 0
0 39 13 9.457582 0 0
0 40 13 510.709503 0 0
0 42 13 14.186375 0 0
0 44 13 18.915165 0 0
0 15 14 255.354752 0 0
0 39 14 4.728791 0 0
0 42 14 18.915165 0 0
0 43 14 4.728791 0 0
0 45 14 42.559120 0 0
0 39 15 179.694077 0 0
0 27 16 255.354752 0 0
0 39 16 28.372749 0 0
2 5 16 23.643959 0 0
6 1 16 89.847038 0 0
0 39 17 80.389458 0 0
0 40 17 118.219780 0 0
0 47 17 33.101543 0 0
3 23 17 4.728791 0 0
0 31 18 18.915165 0 0
0 38 18 28.372749 0 0
0 42 18 9.457582 0 0
3 24 19 52.016701 0 0
0 37 21 14.186375 0 0
0 36 22 127.677376 1 0
0 15 0 18.915165 0 0
0 14 1 23.643959 0 0
0 15 2 18.915165 0 0
0 16 2 4.728791 0 0
0 19 2 2.091029 0 0
0 14 3 5.705375 0 0
0 15 3 76.895416 0 0
0 14 4 8.543936 0 0
0 15 4 14.239892 0 0
0 18 4 110.922165 0 0
0 19 4 9.787251 0 0
0 6 5 201.717545 0 0
0 10 5 171.833466 0 0
0 14 5 18.677551 0 0
0 15 5 11.206531 0 0
0 38 5 4.445364 0 0
0 8 6 26.672184 0 0
0 13 6 960.198669 0 0
0 14 6 120.024834 0 0
0 15 6 4.445364 0 0
0 18 6 4.728791 0 0
0 19 6 70.931870 0 0
0 6 7 945.758240 0 0
0 9 7 643.115662 0 0
0 10 7 198.609253 0 0
0 14 7 56.745499 0 0
0 15 7 18.915165 0 0
0 18 7 9.457582 0 0
0 19 7 108.762207 0 0
0 4 8 510.709503 0 0
0 7 8 137.134949 0 0
0 9 8 198.609253 0 0
0 10 8 4.728791 0 0
0 14 8 80.389458 0 0
0 15 8 52.016701 0 0
0 18 8 28.372749 0 0
0 19 8 18.915165 0 0
0 26 8 160.778915 0 0
5 46 8 236.439560 0 0
6 40 8 23.643959 0 0
0 9 9 28.372749 0 0
0 10 9 42.559120 0 0
0 14 9 37.830330 0 0
0 15 9 37.830330 0 0
0 18 9 548.539795 0 0
0 20 9 274.269897 0 0
5 45 9 9.457582 0 0
0 2 10 108.762207 0 0
0 13 10 61.474293 0 0
0 14 10 33.101543 0 0
0 15 10 179.694077 0 0
0 18 10 160.778915 0 0
0 9 11 4.728791 0 0
0 10 11 23.643959 0 0
0 14 11 99.304626 0 0
0 15 11 137.134949 0 0
0 10 12 89.847038 0 0
0 11 12 160.778915 0 0
0 14 12 4.728791 0 0
0 15 12 56.745499 0 0
0 16 12 23.643959 0 0
0 17 12 23.643959 0 0
0 18 12 47.287918 0 0
0 19 12 9.457582 0 0
0 10 13 70.931870 0 0
0 14 13 33.101543 0 0
0 15 13 89.847038 0 0
0 19 13 127.677376 0 0
0 38 13 80.389458 0 0
0 10 14 18.915165 0 0
0 17 14 9.457582 0 0
0 42 14 4.728791 0 0
0 18 15 23.643959 0 0
0 11 16 70.931870 0 0
0 14 16 9.457582 0 0
0 18 17 4.728791 0 0
6 32 17 23.643959 0 0
0 38 18 9.457582 0 0
0 45 19 18.915165 0 0
0 27 20 18.915165 0 0
0 14 21 47.287918 0 0
0 43 21 28.372749 1 0
0 2 0 4.445364 0 0
0 13 0 9.457582 0 0
0 14 0 33.101543 0 0
0 14 1 31.971682 0 0
0 14 2 2.091029 0 0
0 14 3 1.045515 0 0
0 14 4 2.091029 0 0
0 14 5 5.705375 0 0
4 25 5 31.327759 0 0
0 14 6 88.085251 0 0
0 15 6 201.717545 0 0
0 18 6 302.284760 0 0
0 10 7 435.048828 0 0
0 12 7 4.728791 0 0
0 14 7 18.915165 0 0
0 9 8 9.457582 0 0
0 10 8 18.915165 0 0
0 13 8 1172.740356 0 0
0 14 8 28.372749 0 0
0 15 8 14.186375 0 0
0 17 8 66.203087 0 0
0 18 8 643.115662 0 0
6 32 8 108.762207 0 0
0 4 9 23.643959 0 0
0 10 9 66.203087 0 0
0 14 9 42.559120 0 0
0 18 9 14.186375 0 0
0 21 9 548.539795 0 0
0 5 10 14.186375 0 0
0 13 10 14.186375 0 0
0 14 10 56.745499 0 0
0 15 10 23.643959 0 0
0 16 10 472.879120 0 0
0 18 10 61.474293 0 0
0 20 10 23.643959 0 0
0 8 11 56.745499 0 0
0 10 11 9.457582 0 0
0 13 11 33.101543 0 0
0 14 11 28.372749 0 0
0 17 11 23.643959 0 0
0 10 12 321.557831 0 0
0 12 12 4.728791 0 0
0 14 12 18.915165 0 0
0 16 12 47.287918 0 0
0 18 12 108.762207 0 0
0 10 13 80.389458 0 0
0 14 13 70.931870 0 0
0 17 13 23.643959 0 0
0 38 13 56.745499 0 0
0 9 14 108.762207 0 0
0 10 14 9.457582 0 0
0 14 14 4.728791 0 0
0 15 14 89.847038 0 0
0 18 14 255.354752 0 0
0 14 15 9.457582 0 0
0 46 15 37.830330 0 0
5 44 15 89.847038 0 0
0 10 16 89.847038 0 0
0 14 16 18.915165 0 0
0 23 16 52.016701 0 0
0 14 17 18.915165 0 0
0 18 17 160.778915 0 0
0 23 17 118.219780 0 0
0 13 19 28.372749 0 0
0 19 21 14.186375 0 0
0 17 22 80.389458 0 0
6 3 24 23.643959 0 0
0 37 27 15.985841 1 0
0 14 0 4.728791 0 0
0 14 1 9.457582 0 0
0 14 2 18.915165 0 0
0 14 3 14.186375 0 0
0 14 4 3.136544 0 0
0 8 5 5.705375 0 0
0 9 5 54.111588 0 0
0 13 5 61.985916 0 0
0 14 5 108.329788 0 0
0 13 6 4.445364 0 0
0 14 6 31.117548 0 0
0 18 6 31.117548 0 0
0 9 7 675.695312 0 0
0 10 7 9.457582 0 0
0 14 7 472.879120 0 0
0 15 7 9.457582 0 0
6 36 7 14.186375 0 0
0 8 8 9.457582 0 0
0 9 8 1021.419006 0 0
0 13 8 18.915165 0 0
0 14 8 146.592545 0 0
0 17 8 160.778915 0 0
0 21 8 37.830330 0 0
5 46 8 945.758240 0 0
0 8 9 4.728791 0 0
0 9 9 14.186375 0 0
0 10 9 18.915165 0 0
0 14 9 127.677376 0 0
0 15 9 9.457582 0 0
0 19 9 643.115662 0 0
0 22 9 66.203087 0 0
0 33 9 23.643959 0 0
0 8 10 28.372749 0 0
0 13 10 9.457582 0 0
0 14 10 108.762207 0 0
0 15 10 9.457582 0 0
0 17 10 548.539795 0 0
0 18 10 37.830330 0 0
0 6 11 18.915165 0 0
0 14 11 33.101543 0 0
0 15 11 23.643959 0 0
0 18 11 293.185089 0 0
0 5 12 118.219780 0 0
0 9 12 198.609253 0 0
0 13 12 37.830330 0 0
0 14 12 146.592545 0 0
0 0 13 66.203087 0 0
0 5 13 118.219780 0 0
0 14 13 14.186375 0 0
0 19 13 28.372749 0 0
0 9 14 160.778915 0 0
0 14 14 80.389458 0 0
0 15 14 99.304626 0 0
0 16 14 137.134949 0 0
0 21 14 28.372749 0 0
0 33 14 52.016701 0 0
0 36 14 4.728791 0 0
0 42 14 14.186375 0 0
4 1 14 37.830330 0 0
0 4 15 37.830330 0 0
0 9 15 9.457582 0 0
0 10 15 9.457582 0 0
0 13 15 52.016701 0 0
0 14 15 14.186375 0 0
0 27 15 18.915165 0 0
1 0 15 18.915165 0 0
0 13 16 9.457582 0 0
0 14 16 23.643959 0 0
0 1 17 33.101543 0 0
0 28 18 23.643959 0 0
0 9 20 18.915165 0 0
0 10 20 14.186375 0 0
0 14 20 47.287918 1 0
0 14 0 41.090607 0 0
0 14 1 13.336092 0 0
0 14 2 14.186375 0 0
1 4 2 9.457582 0 0
0 6 3 56.745499 0 0
0 14 3 31.327759 0 0
0 14 4 2.091029 0 0
6 34 4 3.803583 0 0
0 14 5 28.479784 0 0
0 15 5 6.524833 0 0
6 43 5 94.610069 0 0
0 14 6 156.891434 0 0
0 15 6 604.569519 0 0
0 18 6 17.781454 0 0
0 38 6 870.097656 0 0
0 14 7 89.847038 0 0
0 15 7 99.304626 0 0
0 14 8 18.915165 0 0
0 15 8 870.097656 0 0
0 18 8 37.830330 0 0
0 19 8 510.709503 0 0
0 38 8 99.304626 0 0
6 37 8 137.134949 0 0
0 11 9 118.219780 0 0
0 13 9 23.643959 0 0
0 14 9 18.915165 0 0
0 17 9 42.559120 0 0
0 18 9 718.776306 0 0
0 24 9 18.915165 0 0
0 35 9 61.474293 0 0
0 10 10 18.915165 0 0
0 14 10 14.186375 0 0
0 15 10 137.134949 0 0
0 18 10 435.048828 0 0
0 8 11 18.915165 0 0
0 14 11 118.219780 0 0
0 15 11 4.728791 0 0
0 17 11 293.185089 0 0
0 18 11 9.457582 0 0
0 8 12 18.915165 0 0
0 9 12 33.101543 0 0
0 12 12 66.203087 0 0
0 13 12 33.101543 0 0
0 14 12 47.287918 0 0
0 15 12 14.186375 0 0
0 19 12 160.778915 0 0
0 21 12 118.219780 0 0
0 6 13 23.643959 0 0
0 10 13 9.457582 0 0
0 14 13 23.643959 0 0
0 15 13 9.457582 0 0
0 24 13 56.745499 0 0
0 33 13 28.372749 0 0
0 13 14 18.915165 0 0
0 14 14 14.186375 0 0
0 15 14 9.457582 0 0
0 10 15 9.457582 0 0
0 14 15 127.677376 0 0
5 44 15 99.304626 0 0
0 9 16 61.474293 0 0
5 46 16 14.186375 0 0
0 38 17 28.372749 0 0
0 12 23 19.154495 0 0
0 16 24 111.900894 1 0
0 15 0 37.830330 0 0
0 19 0 42.559120 0 0
0 22 0 14.186375 0 0
0 15 1 23.643959 0 0
0 22 1 4.728791 0 0
0 15 2 118.219780 0 0
0 19 2 4.728791 0 0
0 22 2 2.091029 0 0
0 15 3 17.773748 0 0
0 18 3 2.091029 0 0
0 19 3 28.526880 0 0
0 22 3 7.607167 0 0
0 33 3 5.695957 0 0
0 14 4 34.175743 0 0
0 15 4 5.695957 0 0
0 18 4 61.985916 0 0
0 19 4 32.624168 0 0
0 22 4 9.787251 0 0
0 14 5 6.524833 0 0
0 15 5 13.049665 0 0
0 18 5 70.974686 0 0
0 19 5 26.148571 0 0
0 22 5 56.032654 0 0
0 39 5 201.717545 0 0
0 1 6 7.471019 0 0
0 5 6 93.352646 0 0
0 14 6 444.536346 0 0
0 15 6 8.890727 0 0
0 18 6 75.571190 0 0
0 19 6 17.781454 0 0
0 22 6 17.781454 0 0
0 26 6 47.287918 0 0
0 38 6 9.457582 0 0
0 10 7 127.677376 0 0
0 14 7 643.115662 0 0
0 15 7 52.016701 0 0
0 18 7 586.370178 0 0
0 19 7 14.186375 0 0
0 4 8 28.372749 0 0
0 10 8 61.474293 0 0
0 14 8 18.915165 0 0
0 15 8 146.592545 0 0
0 18 8 794.437012 0 0
0 19 8 37.830330 0 0
0 22 8 255.354752 0 0
0 10 9 61.474293 0 0
0 12 9 18.915165 0 0
0 14 9 42.559120 0 0
0 15 9 321.557831 0 0
0 18 9 89.847038 0 0
0 19 9 397.218506 0 0
0 38 9 33.101543 0 0
3 20 9 70.931870 0 0
5 41 9 28.372749 0 0
0 9 10 160.778915 0 0
0 11 10 359.388153 0 0
0 15 10 9.457582 0 0
0 17 10 160.778915 0 0
0 18 10 18.915165 0 0
0 19 10 397.218506 0 0
0 38 10 9.457582 0 0
0 39 10 89.847038 0 0
2 9 10 14.186375 0 0
5 22 10 99.304626 0 0
0 9 11 217.524414 0 0
0 10 11 37.830330 0 0
0 14 11 14.186375 0 0
0 15 11 66.203087 0 0
0 18 11 14.186375 0 0
0 19 11 14.186375 0 0
0 23 11 80.389458 0 0
0 38 11 293.185089 0 0
1 3 11 52.016701 0 0
4 17 11 4.728791 0 0
0 14 12 33.101543 0 0
0 15 12 28.372749 0 0
0 18 12 4.728791 0 0
0 19 12 80.389458 0 0
0 10 13 160.778915 0 0
0 15 13 28.372749 0 0
0 18 13 118.219780 0 0
0 22 13 14.186375 0 0
0 42 13 23.643959 0 0
0 14 14 28.372749 0 0
0 15 14 66.203087 0 0
0 22 14 47.287918 0 0
0 39 14 66.203087 0 0
0 9 16 18.915165 0 0
0 13 16 4.728791 0 0
0 14 16 18.915165 0 0
0 40 16 52.016701 0 0
0 5 17 14.186375 0 0
0 15 17 9.457582 0 0
0 19 17 33.101543 0 0
4 26 17 89.847038 1 0
0 38 0 18.915165 0 0
0 38 1 18.915165 0 0
0 38 2 9.457582 0 0
0 25 3 47.287918 0 0
0 38 3 28.372749 0 0
0 38 4 5.227573 0 0
0 39 4 11.410750 0 0
0 42 4 5.695957 0 0
0 11 5 19.574501 0 0
0 38 5 55.461082 0 0
0 15 6 108.329788 0 0
0 26 6 7.471019 0 0
0 35 6 11.206531 0 0
0 36 6 35.562908 0 0
0 38 6 817.946960 0 0
0 39 6 4.728791 0 0
0 42 6 14.186375 0 0
0 14 7 236.439560 0 0
0 19 7 23.643959 0 0
0 23 7 794.437012 0 0
0 27 7 18.915165 0 0
0 38 7 137.134949 0 0
0 39 7 14.186375 0 0
0 42 7 28.372749 0 0
3 9 7 28.372749 0 0
0 19 8 37.830330 0 0
0 20 8 794.437012 0 0
0 35 8 52.016701 0 0
0 38 8 108.762207 0 0
0 42 8 47.287918 0 0
0 43 8 18.915165 0 0
0 45 8 9.457582 0 0
0 11 9 718.776306 0 0
0 18 9 274.269897 0 0
0 19 9 137.134949 0 0
0 23 9 99.304626 0 0
0 35 9 66.203087 0 0
0 38 9 14.186375 0 0
0 39 9 61.474293 0 0
0 42 9 18.915165 0 0
2 34 9 42.559120 0 0
0 14 10 643.115662 0 0
0 15 10 47.287918 0 0
0 19 10 236.439560 0 0
0 35 10 14.186375 0 0
0 38 10 23.643959 0 0
0 39 10 47.287918 0 0
0 42 10 4.728791 0 0
1 2 10 397.218506 0 0
0 38 11 23.643959 0 0
0 42 11 146.592545 0 0
3 24 11 179.694077 0 0
3 28 11 33.101543 0 0
0 19 12 89.847038 0 0
0 36 12 66.203087 0 0
0 38 12 160.778915 0 0
0 39 12 127.677376 0 0
0 42 12 52.016701 0 0
0 45 12 52.016701 0 0
0 15 13 37.830330 0 0
0 38 13 66.203087 0 0
0 41 13 18.915165 0 0
0 42 13 14.186375 0 0
0 1 14 14.186375 0 0
0 18 14 14.186375 0 0
0 39 14 9.457582 0 0
0 42 14 66.203087 0 0
0 35 15 23.643959 0 0
0 19 16 28.372749 0 0
0 38 16 18.915165 0 0
0 13 18 4.728791 0 0
0 14 18 9.457582 1 0
0 15 0 9.457582 0 0
0 15 1 28.372749 0 0
0 15 2 28.372749 0 0
0 15 3 3.136544 0 0
0 6 4 5.705375 0 0
0 15 4 71.199455 0 0
0 18 4 189.220139 0 0
0 11 5 41.090607 0 0
0 14 5 463.203247 0 0
0 15 5 7.471019 0 0
0 10 6 4.445364 0 0
0 14 6 17.781454 0 0
0 15 6 515.662170 0 0
0 18 6 18.915165 0 0
0 19 6 236.439560 0 0
0 38 6 586.370178 0 0
6 36 6 160.778915 0 0
0 11 7 255.354752 0 0
0 14 7 274.269897 0 0
0 15 7 89.847038 0 0
0 19 7 99.304626 0 0
0 38 7 718.776306 0 0
0 14 8 47.287918 0 0
0 15 8 127.677376 0 0
0 17 8 198.609253 0 0
0 18 8 510.709503 0 0
0 19 8 14.186375 0 0
0 38 8 118.219780 0 0
0 14 9 274.269897 0 0
0 15 9 61.474293 0 0
0 18 9 118.219780 0 0
0 19 9 718.776306 0 0
0 35 9 28.372749 0 0
3 16 9 23.643959 0 0
0 15 10 4.728791 0 0
0 18 10 236.439560 0 0
0 19 10 23.643959 0 0
0 23 10 146.592545 0 0
0 13 11 14.186375 0 0
0 14 11 4.728791 0 0
0 15 11 42.559120 0 0
0 17 11 160.778915 0 0
0 19 11 4.728791 0 0
0 14 12 80.389458 0 0
0 15 12 61.474293 0 0
0 19 12 160.778915 0 0
0 10 13 99.304626 0 0
0 15 13 33.101543 0 0
0 26 13 37.830330 0 0
0 13 14 47.287918 0 0
0 18 14 47.287918 0 0
0 19 14 61.474293 0 0
0 38 14 47.287918 0 0
0 14 15 9.457582 0 0
0 15 15 9.457582 0 0
0 11 16 42.559120 0 0
0 18 16 9.457582 0 0
0 20 17 9.457582 0 0
6 43 17 28.372749 0 0
0 4 18 37.830330 0 0
0 10 21 4.728791 0 0
0 11 21 9.457582 1 0
0 38 0 2.091029 0 0
0 38 1 3.803583 0 0
0 38 2 11.391913 0 0
0 38 3 39.149002 0 0
0 38 4 85.916733 0 0
0 15 5 26.672184 0 0
0 38 5 120.024834 0 0
0 15 6 127.677376 0 0
0 19 6 4.728791 0 0
0 23 6 28.372749 0 0
0 38 6 255.354752 0 0
0 11 7 18.915165 0 0
0 15 7 236.439560 0 0
0 19 7 9.457582 0 0
0 38 7 118.219780 0 0
0 42 7 18.915165 0 0
0 15 8 89.847038 0 0
0 38 8 359.388153 0 0
0 42 8 33.101543 0 0
0 15 9 236.439560 0 0
0 19 9 14.186375 0 0
0 38 9 217.524414 0 0
0 38 10 14.186375 0 0
0 6 11 28.372749 0 0
0 11 11 28.372749 0 0
0 15 11 160.778915 0 0
0 17 11 14.186375 0 0
0 6 12 9.457582 0 0
0 11 12 179.694077 0 0
0 15 12 127.677376 0 0
0 19 12 18.915165 0 0
0 38 12 435.048828 0 0
0 15 13 359.388153 0 0
0 38 13 321.557831 0 0
0 15 14 9.457582 0 0
0 19 14 47.287918 0 0
0 27 14 14.186375 0 0
0 38 14 718.776306 0 0
0 42 14 9.457582 0 0
0 11 15 28.372749 0 0
0 15 15 179.694077 0 0
0 38 15 217.524414 0 0
0 42 15 23.643959 0 0
0 15 16 118.219780 0 0
0 19 16 28.372749 0 0
0 32 16 28.372749 0 0
0 38 16 89.847038 0 0
0 10 17 9.457582 0 0
0 11 17 80.389458 0 0
0 15 17 127.677376 0 0
0 38 17 80.389458 0 0
0 42 17 47.287918 0 0
0 15 18 14.186375 0 0
0 19 18 42.559120 0 0
0 38 18 14.186375 0 0
0 11 19 4.728791 0 0
0 15 19 28.372749 0 0
0 19 19 14.186375 0 0
0 38 19 47.287918 0 0
0 6 20 42.559120 0 0
0 19 20 23.643959 0 0
0 15 21 4.728791 0 0
0 26 21 80.389458 0 0
0 36 21 52.016701 0 0
0 10 22 14.186375 0 0
0 36 22 14.186375 0 0
0 38 22 18.915165 0 0
0 38 24 15.985841 1 0
0 39 0 22.413061 0 0
0 39 1 42.559120 0 0
0 39 2 33.101543 0 0
0 34 3 33.101543 0 0
0 39 3 14.186375 0 0
0 38 4 47.287918 0 0
0 39 4 2.091029 0 0
4 39 4 5.705375 0 0
0 36 5 22.783827 0 0
0 39 5 13.049665 0 0
0 41 5 221.844330 0 0
0 42 5 18.677551 0 0
0 43 5 343.666931 0 0
0 45 5 66.680458 0 0
0 35 6 675.695312 0 0
0 39 6 22.226820 0 0
0 42 6 8.890727 0 0
0 43 6 4.445364 0 0
0 45 6 4.445364 0 0
3 16 6 28.372749 0 0
0 35 7 945.758240 0 0
0 39 7 127.677376 0 0
0 40 7 61.474293 0 0
0 42 7 18.915165 0 0
0 43 7 14.186375 0 0
0 36 8 1286.231323 0 0
0 38 8 14.186375 0 0
0 39 8 70.931870 0 0
0 40 8 61.474293 0 0
0 43 8 9.457582 0 0
0 7 9 108.762207 0 0
0 35 9 586.370178 0 0
0 38 9 18.915165 0 0
0 39 9 80.389458 0 0
0 40 9 4.728791 0 0
0 42 9 23.643959 0 0
0 43 9 108.762207 0 0
0 45 9 1021.419006 0 0
0 47 9 137.134949 0 0
0 35 10 14.186375 0 0
0 38 10 70.931870 0 0
0 39 10 14.186375 0 0
0 40 10 9.457582 0 0
0 42 10 18.915165 0 0
0 43 10 89.847038 0 0
4 31 10 586.370178 0 0
0 19 11 14.186375 0 0
0 39 11 108.762207 0 0
0 42 11 37.830330 0 0
0 36 12 37.830330 0 0
0 39 12 118.219780 0 0
0 43 12 18.915165 0 0
0 33 13 52.016701 0 0
0 38 13 9.457582 0 0
0 39 13 14.186375 0 0
0 42 13 4.728791 0 0
0 43 13 14.186375 0 0
0 36 14 70.931870 0 0
0 38 14 23.643959 0 0
0 41 14 56.745499 0 0
0 36 15 18.915165 0 0
0 40 15 9.457582 0 0
2 4 15 23.643959 0 0
0 36 16 14.186375 0 0
0 7 18 9.457582 0 0
0 37 18 70.931870 0 0
2 4 18 4.728791 0 0
3 30 22 80.389458 1 0
0 38 0 33.101543 0 0
0 38 1 118.219780 0 0
0 11 2 28.372749 0 0
0 38 2 18.915165 0 0
0 38 3 2.091029 0 0
0 42 3 5.705375 0 0
0 38 4 5.695957 0 0
0 38 5 19.935848 0 0
0 35 6 75.035583 0 0
0 38 6 9.787251 0 0
0 10 7 171.833466 0 0
0 15 7 408.973480 0 0
0 38 7 61.474293 0 0
0 0 8 718.776306 0 0
0 14 8 9.457582 0 0
0 15 8 137.134949 0 0
0 19 8 870.097656 0 0
0 35 8 9.457582 0 0
0 38 8 47.287918 0 0
0 40 8 33.101543 0 0
0 10 9 66.203087 0 0
0 15 9 33.101543 0 0
0 23 9 870.097656 0 0
0 35 9 18.915165 0 0
0 38 9 14.186375 0 0
0 42 9 42.559120 0 0
0 43 9 66.203087 0 0
2 1 9 9.457582 0 0
0 9 10 548.539795 0 0
0 15 10 28.372749 0 0
0 19 10 33.101543 0 0
0 38 10 9.457582 0 0
0 42 10 61.474293 0 0
5 34 10 137.134949 0 0
0 15 11 945.758240 0 0
0 18 11 9.457582 0 0
0 19 11 321.557831 0 0
0 33 11 47.287918 0 0
0 38 11 70.931870 0 0
0 15 12 9.457582 0 0
0 19 12 548.539795 0 0
0 21 12 127.677376 0 0
0 38 12 108.762207 0 0
0 15 13 4.728791 0 0
0 18 13 397.218506 0 0
0 19 13 89.847038 0 0
0 22 13 14.186375 0 0
0 35 13 127.677376 0 0
0 38 13 28.372749 0 0
0 43 13 52.016701 0 0
1 10 13 118.219780 0 0
0 15 14 9.457582 0 0
0 19 14 9.457582 0 0
0 38 14 14.186375 0 0
0 43 14 52.016701 0 0
0 38 15 137.134949 0 0
2 8 16 33.101543 0 0
0 15 17 89.847038 0 0
0 19 17 37.830330 0 0
0 22 18 18.915165 0 0
0 38 18 37.830330 0 0
0 42 18 18.915165 0 0
0 10 22 9.457582 1 0
0 38 0 2.091029 0 0
0 38 1 3.803583 0 0
0 38 2 8.543936 0 0
0 38 3 9.787251 0 0
0 15 4 22.413061 0 0
0 38 4 115.800812 0 0
0 8 5 13.336092 0 0
0 15 5 137.806290 0 0
0 38 5 337.847656 0 0
0 11 6 9.457582 0 0
0 15 6 127.677376 0 0
0 19 6 99.304626 0 0
0 38 6 586.370178 0 0
0 15 7 255.354752 0 0
0 22 7 56.745499 0 0
0 35 7 42.559120 0 0
0 36 7 9.457582 0 0
0 38 7 510.709503 0 0
0 43 7 4.728791 0 0
0 5 8 33.101543 0 0
0 15 8 236.439560 0 0
0 19 8 28.372749 0 0
0 36 8 33.101543 0 0
0 38 8 718.776306 0 0
0 7 9 56.745499 0 0
0 15 9 397.218506 0 0
0 19 9 28.372749 0 0
0 35 9 28.372749 0 0
0 38 9 274.269897 0 0
0 39 9 42.559120 0 0
0 15 10 80.389458 0 0
0 19 10 108.762207 0 0
0 33 10 14.186375 0 0
0 35 10 28.372749 0 0
0 37 10 42.559120 0 0
0 38 10 359.388153 0 0
0 41 10 18.915165 0 0
0 42 10 179.694077 0 0
0 3 11 18.915165 0 0
0 11 11 14.186375 0 0
0 15 11 321.557831 0 0
0 38 11 42.559120 0 0
0 8 12 28.372749 0 0
0 15 12 47.287918 0 0
0 35 12 118.219780 0 0
0 38 12 99.304626 0 0
0 42 12 9.457582 0 0
0 15 13 179.694077 0 0
0 36 13 89.847038 0 0
0 40 13 37.830330 0 0
0 5 14 28.372749 0 0
0 6 14 18.915165 0 0
0 15 14 23.643959 0 0
0 19 14 56.745499 0 0
0 33 14 33.101543 0 0
0 35 14 14.186375 0 0
0 7 15 18.915165 0 0
0 11 15 42.559120 0 0
0 14 15 4.728791 0 0
0 15 15 52.016701 0 0
0 22 15 47.287918 0 0
0 35 15 28.372749 0 0
0 15 17 18.915165 0 0
0 26 17 99.304626 0 0
0 38 17 66.203087 0 0
0 36 18 47.287918 0 0
0 26 19 66.203087 0 0
0 16 22 18.915165 1 0
0 18 0 23.643959 0 0
0 14 1 89.847038 0 0
0 17 2 179.694077 0 0
0 18 2 3.136544 0 0
0 14 3 3.803583 0 0
0 18 3 8.543936 0 0
0 14 4 39.871696 0 0
0 15 4 137.021500 0 0
0 17 4 22.836916 0 0
0 18 4 156.891434 0 0
0 13 5 14.942039 0 0
0 14 5 85.916733 0 0
0 15 5 463.203247 0 0
0 16 5 22.226820 0 0
0 17 5 604.569519 0 0
0 18 5 8.890727 0 0
0 19 5 17.781454 0 0
0 14 6 4.445364 0 0
0 17 6 204.486740 0 0
0 18 6 22.226820 0 0
0 20 6 127.677376 0 0
4 29 6 108.762207 0 0
0 8 7 870.097656 0 0
0 14 7 42.559120 0 0
0 15 7 23.643959 0 0
0 17 7 359.388153 0 0
0 18 7 99.304626 0 0
0 25 7 4.728791 0 0
0 9 8 274.269897 0 0
0 14 8 9.457582 0 0
0 17 8 18.915165 0 0
0 18 8 321.557831 0 0
0 19 8 99.304626 0 0
0 30 8 472.879120 0 0
0 13 9 23.643959 0 0
0 14 9 56.745499 0 0
0 17 9 18.915165 0 0
0 18 9 255.354752 0 0
0 4 10 28.372749 0 0
0 13 10 52.016701 0 0
0 14 10 14.186375 0 0
0 21 10 9.457582 0 0
0 22 10 160.778915 0 0
0 9 11 4.728791 0 0
0 13 11 4.728791 0 0
0 14 11 56.745499 0 0
0 18 11 37.830330 0 0
0 22 11 236.439560 0 0
0 42 11 18.915165 0 0
0 13 12 9.457582 0 0
0 14 12 118.219780 0 0
0 17 12 23.643959 0 0
0 18 12 146.592545 0 0
0 21 12 14.186375 0 0
5 43 12 118.219780 0 0
5 46 12 61.474293 0 0
0 9 13 47.287918 0 0
0 14 13 108.762207 0 0
0 18 13 61.474293 0 0
0 24 13 9.457582 0 0
0 12 14 9.457582 0 0
0 14 14 89.847038 0 0
0 18 14 236.439560 0 0
0 21 14 14.186375 0 0
0 12 15 70.931870 0 0
0 14 15 42.559120 0 0
0 15 15 14.186375 0 0
0 19 15 70.931870 0 0
0 13 16 80.389458 0 0
0 14 16 56.745499 0 0
0 17 16 47.287918 0 0
0 14 17 9.457582 0 0
0 14 23 31.924160 0 0
0 1 25 23.978762 0 0
0 14 26 39.964603 1 0
0 18 0 14.186375 0 0
0 15 1 18.915165 0 0
0 18 2 4.728791 0 0
0 15 3 2.091029 0 0
0 14 4 5.705375 0 0
0 15 4 22.783827 0 0
0 18 4 123.971832 0 0
0 19 4 29.884077 0 0
0 38 4 7.471019 0 0
0 42 4 254.014679 0 0
0 11 5 11.206531 0 0
0 14 5 22.413061 0 0
0 15 5 22.413061 0 0
0 19 5 4.445364 0 0
0 38 5 17.781454 0 0
0 14 6 515.662170 0 0
0 15 6 40.008270 0 0
0 18 6 8.890727 0 0
0 19 6 28.372749 0 0
0 39 6 70.931870 0 0
0 2 7 359.388153 0 0
0 10 7 80.389458 0 0
0 14 7 28.372749 0 0
0 15 7 4.728791 0 0
0 17 7 56.745499 0 0
0 18 7 160.778915 0 0
0 14 8 643.115662 0 0
0 15 8 33.101543 0 0
0 18 8 61.474293 0 0
0 19 8 397.218506 0 0
0 20 8 255.354752 0 0
0 21 8 397.218506 0 0
0 33 8 18.915165 0 0
0 14 9 9.457582 0 0
0 15 9 28.372749 0 0
0 17 9 18.915165 0 0
0 18 9 255.354752 0 0
0 19 9 472.879120 0 0
0 38 9 23.643959 0 0
0 39 9 37.830330 0 0
0 9 10 14.186375 0 0
0 13 10 4.728791 0 0
0 14 10 146.592545 0 0
0 15 10 14.186375 0 0
0 18 10 23.643959 0 0
0 19 10 61.474293 0 0
0 14 11 198.609253 0 0
0 15 11 255.354752 0 0
0 16 11 217.524414 0 0
0 18 11 108.762207 0 0
1 3 11 359.388153 0 0
0 14 12 42.559120 0 0
0 15 12 18.915165 0 0
0 17 12 14.186375 0 0
0 18 12 37.830330 0 0
0 21 12 52.016701 0 0
0 22 12 99.304626 0 0
0 14 13 52.016701 0 0
0 15 13 9.457582 0 0
0 18 13 23.643959 0 0
0 14 14 89.847038 0 0
0 17 14 118.219780 0 0
0 18 14 23.643959 0 0
0 19 14 33.101543 0 0
0 38 14 14.186375 0 0
6 32 14 56.745499 0 0
0 10 15 14.186375 0 0
0 17 15 9.457582 0 0
0 19 15 9.457582 0 0
0 33 15 4.728791 0 0
0 42 15 4.728791 0 0
0 14 16 9.457582 0 0
0 15 16 33.101543 0 0
0 19 16 33.101543 0 0
5 44 17 37.830330 0 0
0 19 18 89.847038 0 0
0 18 19 37.830330 0 0
0 5 20 70.931870 0 0
0 33 21 4.728791 1 0
0 38 0 9.409632 0 0
6 34 0 70.931870 0 0
0 15 1 28.372749 0 0
0 38 2 5.695957 0 0
3 25 2 4.728791 0 0
0 15 3 3.136544 0 0
0 15 4 5.705375 0 0
0 19 4 39.871696 0 0
0 15 5 81.560402 0 0
0 38 5 29.884077 0 0
0 15 6 41.090607 0 0
0 19 6 40.008270 0 0
0 38 6 44.453640 0 0
0 10 7 359.388153 0 0
0 11 7 255.354752 0 0
0 14 7 472.879120 0 0
0 15 7 42.559120 0 0
0 35 7 66.203087 0 0
0 38 7 18.915165 0 0
0 39 7 1097.079590 0 0
0 10 8 56.745499 0 0
0 11 8 548.539795 0 0
0 15 8 4.728791 0 0
0 19 8 4.728791 0 0
0 36 8 18.915165 0 0
0 38 8 321.557831 0 0
0 42 8 255.354752 0 0
0 7 9 18.915165 0 0
0 10 9 472.879120 0 0
0 11 9 9.457582 0 0
0 15 9 18.915165 0 0
0 19 9 28.372749 0 0
0 23 9 70.931870 0 0
0 38 9 586.370178 0 0
0 42 9 33.101543 0 0
0 15 10 4.728791 0 0
0 18 10 198.609253 0 0
0 19 10 4.728791 0 0
0 35 10 293.185089 0 0
0 38 10 14.186375 0 0
0 42 10 23.643959 0 0
0 8 11 23.643959 0 0
0 11 11 179.694077 0 0
0 14 11 33.101543 0 0
0 15 11 14.186375 0 0
0 19 11 28.372749 0 0
0 32 11 9.457582 0 0
0 38 11 321.557831 0 0
0 39 11 14.186375 0 0
0 11 12 33.101543 0 0
0 15 12 198.609253 0 0
0 19 12 18.915165 0 0
0 23 12 70.931870 0 0
0 38 12 66.203087 0 0
0 15 13 23.643959 0 0
0 18 13 14.186375 0 0
0 38 13 108.762207 0 0
1 2 13 127.677376 0 0
0 6 14 14.186375 0 0
0 11 14 137.134949 0 0
0 15 14 99.304626 0 0
0 23 14 14.186375 0 0
0 26 14 47.287918 0 0
0 38 14 18.915165 0 0
4 30 14 70.931870 0 0
0 6 15 61.474293 0 0
0 15 15 42.559120 0 0
0 21 15 137.134949 0 0
0 38 15 23.643959 0 0
0 20 16 52.016701 0 0
0 10 17 4.728791 0 0
0 15 18 18.915165 0 0
0 19 18 4.728791 0 0
0 9 20 9.457582 0 0
0 13 20 9.457582 0 0
0 9 21 28.372749 0 0
4 28 21 89.847038 1 0
0 15 0 80.389458 0 0
0 19 0 42.559120 0 0
0 15 1 37.830330 0 0
0 15 2 4.182058 0 0
0 15 3 2.091029 0 0
0 15 4 5.705375 0 0
0 19 4 5.695957 0 0
0 11 5 55.461082 0 0
0 15 5 127.007339 0 0
0 11 6 37.355103 0 0
0 14 6 222.268173 0 0
0 15 6 515.662170 0 0
0 19 6 14.186375 0 0
0 35 6 42.559120 0 0
0 38 6 435.048828 0 0
0 10 7 47.287918 0 0
0 13 7 52.016701 0 0
0 15 7 9.457582 0 0
0 33 7 14.186375 0 0
0 8 8 23.643959 0 0
0 15 8 586.370178 0 0
0 18 8 9.457582 0 0
0 19 8 14.186375 0 0
0 38 8 321.557831 0 0
0 11 9 9.457582 0 0
0 15 9 236.439560 0 0
0 19 9 14.186375 0 0
0 39 9 28.372749 0 0
5 46 9 643.115662 0 0
0 11 10 56.745499 0 0
0 15 10 4.728791 0 0
0 19 10 80.389458 0 0
0 26 10 472.879120 0 0
0 35 10 99.304626 0 0
0 38 10 28.372749 0 0
0 15 11 52.016701 0 0
0 19 11 37.830330 0 0
0 38 11 359.388153 0 0
4 30 11 14.186375 0 0
0 15 12 89.847038 0 0
0 19 12 146.592545 0 0
0 23 12 28.372749 0 0
0 35 12 28.372749 0 0
0 15 13 14.186375 0 0
0 19 13 321.557831 0 0
0 36 13 9.457582 0 0
0 38 13 47.287918 0 0
0 10 14 47.287918 0 0
0 11 14 9.457582 0 0
0 14 14 14.186375 0 0
0 15 14 9.457582 0 0
0 18 14 37.830330 0 0
0 19 14 56.745499 0 0
0 23 14 9.457582 0 0
0 15 15 9.457582 0 0
0 22 15 80.389458 0 0
0 35 15 47.287918 0 0
0 42 15 61.474293 0 0
0 18 16 18.915165 0 0
0 21 16 23.643959 0 0
1 0 16 33.101543 0 0
0 10 17 14.186375 0 0
0 19 17 28.372749 0 0
0 35 18 14.186375 0 0
0 42 18 80.389458 0 0
0 15 19 14.186375 0 0
0 19 19 14.186375 0 0
0 17 20 9.457582 1 0
0 39 0 14.186375 0 0
0 39 1 6.524833 0 0
0 37 2 28.372749 0 0
0 39 2 18.915165 0 0
0 39 3 28.372749 0 0
2 16 3 23.643959 0 0
0 39 4 18.915165 0 0
0 39 5 6.273088 0 0
0 19 6 3.803583 0 0
0 39 6 2.847978 0 0
0 36 7 5.695957 0 0
0 39 7 39.149002 0 0
0 40 7 33.619587 0 0
0 42 7 120.024834 0 0
6 42 7 118.219780 0 0
0 36 8 435.048828 0 0
0 39 8 14.186375 0 0
0 42 8 870.097656 0 0
0 43 8 14.186375 0 0
3 29 8 18.915165 0 0
0 19 9 80.389458 0 0
0 33 9 1437.552612 0 0
0 35 9 28.372749 0 0
0 36 9 80.389458 0 0
0 39 9 33.101543 0 0
0 40 9 14.186375 0 0
0 36 10 89.847038 0 0
0 39 10 61.474293 0 0
0 42 10 1021.419006 0 0
0 46 10 9.457582 0 0
0 7 11 37.830330 0 0
0 39 11 586.370178 0 0
0 42 11 198.609253 0 0
3 19 11 4.728791 0 0
0 35 12 14.186375 0 0
0 36 12 359.388153 0 0
0 39 12 160.778915 0 0
0 40 12 9.457582 0 0
0 41 12 66.203087 0 0
0 43 12 236.439560 0 0
3 20 12 52.016701 0 0
0 15 13 9.457582 0 0
0 35 13 118.219780 0 0
0 38 13 18.915165 0 0
0 39 13 14.186375 0 0
2 8 13 42.559120 0 0
0 35 14 321.557831 0 0
0 36 14 37.830330 0 0
0 39 14 127.677376 0 0
0 45 14 70.931870 0 0
0 31 15 18.915165 0 0
0 33 15 4.728791 0 0
0 36 15 61.474293 0 0
0 39 15 4.728791 0 0
0 43 15 9.457582 0 0
0 19 16 56.745499 0 0
0 39 16 14.186375 0 0
0 40 16 28.372749 0 0
0 45 16 33.101543 0 0
2 0 17 18.915165 0 0
0 35 18 9.457582 0 0
0 40 18 4.728791 1 0
0 38 0 9.457582 0 0
0 38 1 37.830330 0 0
0 38 2 2.091029 0 0
0 38 3 3.803583 0 0
0 19 4 5.695957 0 0
0 38 4 55.461082 0 0
0 19 5 7.471019 0 0
0 38 5 41.090607 0 0
0 15 6 57.789730 0 0
0 19 6 111.134087 0 0
0 22 6 23.643959 0 0
0 38 6 472.879120 0 0
0 15 7 80.389458 0 0
0 19 7 643.115662 0 0
0 38 7 108.762207 0 0
0 42 7 127.677376 0 0
0 11 8 643.115662 0 0
0 15 8 52.016701 0 0
0 18 8 14.186375 0 0
0 19 8 108.762207 0 0
0 35 8 28.372749 0 0
0 38 8 137.134949 0 0
0 15 9 179.694077 0 0
0 24 9 1172.740356 0 0
0 38 9 89.847038 0 0
0 15 10 14.186375 0 0
0 19 10 945.758240 0 0
0 23 10 37.830330 0 0
0 33 10 217.524414 0 0
0 35 10 14.186375 0 0
0 38 10 4.728791 0 0
0 39 10 9.457582 0 0
0 42 10 510.709503 0 0
3 20 10 14.186375 0 0
0 11 11 52.016701 0 0
0 15 11 18.915165 0 0
0 19 11 137.134949 0 0
0 35 11 80.389458 0 0
0 38 11 14.186375 0 0
0 39 11 359.388153 0 0
0 13 12 14.186375 0 0
0 19 12 52.016701 0 0
0 23 12 28.372749 0 0
0 26 12 28.372749 0 0
0 35 12 4.728791 0 0
0 38 12 42.559120 0 0
0 39 12 70.931870 0 0
0 42 12 14.186375 0 0
0 17 13 28.372749 0 0
0 19 13 14.186375 0 0
0 22 13 89.847038 0 0
0 36 13 18.915165 0 0
0 38 13 14.186375 0 0
0 39 13 80.389458 0 0
0 40 13 28.372749 0 0
0 43 13 18.915165 0 0
0 18 14 42.559120 0 0
0 19 14 18.915165 0 0
0 38 14 9.457582 0 0
0 39 14 18.915165 0 0
0 43 14 14.186375 0 0
0 19 15 4.728791 0 0
0 38 15 28.372749 0 0
0 39 15 23.643959 0 0
0 17 16 47.287918 0 0
0 18 16 14.186375 0 0
0 19 16 33.101543 0 0
0 38 16 23.643959 0 0
0 11 17 52.016701 0 0
0 32 17 14.186375 0 0
0 38 17 61.474293 0 0
1 32 18 9.457582 0 0
0 5 19 28.372749 0 0
0 15 19 18.915165 0 0
0 18 19 18.915165 0 0
0 38 20 18.915165 1 0
0 19 0 14.186375 0 0
0 45 0 80.389458 0 0
0 15 1 14.186375 0 0
0 19 2 18.915165 0 0
0 15 3 8.890727 0 0
0 15 4 33.101543 0 0
0 19 4 2.091029 0 0
0 15 5 5.227573 0 0
0 19 5 3.803583 0 0
3 28 5 22.783827 0 0
0 4 6 94.610069 0 0
0 14 6 156.891434 0 0
0 15 6 433.319153 0 0
0 18 6 337.847656 0 0
0 19 6 4.445364 0 0
0 14 7 61.474293 0 0
0 15 7 18.915165 0 0
0 18 7 160.778915 0 0
0 19 7 18.915165 0 0
0 34 7 472.879120 0 0
0 38 7 52.016701 0 0
4 38 7 870.097656 0 0
0 14 8 9.457582 0 0
0 15 8 18.915165 0 0
0 18 8 14.186375 0 0
0 19 8 108.762207 0 0
0 14 9 14.186375 0 0
0 15 9 198.609253 0 0
0 17 9 108.762207 0 0
0 18 9 321.557831 0 0
0 19 9 127.677376 0 0
0 38 9 718.776306 0 0
3 17 9 118.219780 0 0
0 10 10 56.745499 0 0
0 15 10 108.762207 0 0
0 18 10 14.186375 0 0
0 19 10 4.728791 0 0
0 32 10 321.557831 0 0
0 38 10 127.677376 0 0
0 11 11 321.557831 0 0
0 15 11 18.915165 0 0
0 18 11 37.830330 0 0
0 19 11 4.728791 0 0
4 30 11 236.439560 0 0
6 41 11 14.186375 0 0
0 2 12 52.016701 0 0
0 15 12 9.457582 0 0
0 16 12 198.609253 0 0
0 18 12 18.915165 0 0
0 19 12 146.592545 0 0
0 0 13 198.609253 0 0
0 10 13 37.830330 0 0
0 11 13 4.728791 0 0
0 14 13 9.457582 0 0
0 15 13 89.847038 0 0
0 18 13 80.389458 0 0
0 19 13 14.186375 0 0
0 14 14 4.728791 0 0
0 19 14 14.186375 0 0
0 23 14 14.186375 0 0
0 45 14 4.728791 0 0
5 47 14 14.186375 0 0
0 10 15 14.186375 0 0
0 15 15 108.762207 0 0
0 11 16 9.457582 0 0
0 15 16 146.592545 0 0
0 18 16 80.389458 0 0
0 19 16 23.643959 0 0
0 6 22 14.186375 0 0
0 13 22 4.728791 1 0
0 18 0 19.935848 0 0
0 14 1 14.186375 0 0
0 18 2 23.643959 0 0
6 0 2 89.847038 0 0
0 14 3 18.915165 0 0
0 18 4 93.352646 0 0
0 14 5 5.227573 0 0
0 18 5 3.803583 0 0
3 16 5 5.695957 0 0
0 14 6 26.099331 0 0
0 17 6 70.974686 0 0
0 18 6 337.847656 0 0
0 6 7 102.243370 0 0
0 14 7 198.609253 0 0
0 15 7 9.457582 0 0
0 18 7 794.437012 0 0
0 14 8 14.186375 0 0
0 15 8 794.437012 0 0
0 16 8 47.287918 0 0
0 17 8 236.439560 0 0
0 18 8 472.879120 0 0
0 21 8 9.457582 0 0
0 23 8 4.728791 0 0
0 35 8 14.186375 0 0
0 10 9 397.218506 0 0
0 14 9 14.186375 0 0
0 15 9 18.915165 0 0
0 18 9 18.915165 0 0
0 19 9 14.186375 0 0
0 28 9 255.354752 0 0
0 8 10 89.847038 0 0
0 14 10 89.847038 0 0
0 15 10 14.186375 0 0
0 17 10 23.643959 0 0
0 18 10 14.186375 0 0
0 14 11 99.304626 0 0
0 15 11 80.389458 0 0
0 17 11 52.016701 0 0
0 18 11 198.609253 0 0
0 20 11 321.557831 0 0
0 24 11 99.304626 0 0
0 35 11 61.474293 0 0
5 47 11 9.457582 0 0
0 10 12 28.372749 0 0
0 11 12 4.728791 0 0
0 14 12 23.643959 0 0
0 15 12 52.016701 0 0
0 18 12 9.457582 0 0
0 14 13 118.219780 0 0
0 15 13 23.643959 0 0
0 18 13 198.609253 0 0
6 34 13 127.677376 0 0
0 11 14 14.186375 0 0
0 14 14 118.219780 0 0
0 17 14 108.762207 0 0
0 8 15 160.778915 0 0
0 9 15 9.457582 0 0
0 10 15 9.457582 0 0
0 14 15 37.830330 0 0
0 23 15 18.915165 0 0
0 42 15 23.643959 0 0
0 14 16 9.457582 0 0
0 18 16 18.915165 0 0
0 19 17 66.203087 0 0
0 42 17 70.931870 0 0
0 43 17 4.728791 0 0
0 8 18 52.016701 0 0
0 18 18 9.457582 0 0
5 46 18 37.830330 0 0
0 4 19 89.847038 0 0
0 14 19 80.389458 0 0
5 47 19 80.389458 0 0
0 14 21 118.219780 1 0
0 42 0 33.101543 0 0
2 4 0 30.319921 0 0
0 42 1 4.728791 0 0
0 42 2 14.186375 0 0
0 38 3 33.101543 0 0
0 42 3 3.136544 0 0
0 38 4 3.803583 0 0
0 42 4 37.023716 0 0
0 14 5 48.936249 0 0
0 15 5 94.610069 0 0
0 38 5 63.503670 0 0
0 39 5 127.007339 0 0
0 42 5 35.562908 0 0
0 15 6 151.142380 0 0
0 17 6 604.569519 0 0
0 38 6 4.445364 0 0
0 42 6 204.486740 0 0
3 29 6 118.219780 0 0
0 10 7 56.745499 0 0
0 15 7 274.269897 0 0
0 35 7 397.218506 0 0
0 38 7 4.728791 0 0
0 39 7 18.915165 0 0
0 42 7 179.694077 0 0
0 43 7 472.879120 0 0
0 22 8 146.592545 0 0
0 38 8 236.439560 0 0
0 39 8 14.186375 0 0
0 42 8 47.287918 0 0
0 15 9 137.134949 0 0
0 19 9 33.101543 0 0
0 38 9 274.269897 0 0
0 39 9 146.592545 0 0
0 42 9 70.931870 0 0
0 10 10 236.439560 0 0
0 19 10 14.186375 0 0
0 35 10 146.592545 0 0
0 38 10 23.643959 0 0
0 39 10 66.203087 0 0
0 42 10 160.778915 0 0
0 22 11 179.694077 0 0
0 35 11 52.016701 0 0
0 38 11 397.218506 0 0
0 39 11 9.457582 0 0
0 42 11 70.931870 0 0
6 33 11 255.354752 0 0
0 11 12 70.931870 0 0
0 13 12 14.186375 0 0
0 38 12 37.830330 0 0
0 39 12 80.389458 0 0
0 41 12 108.762207 0 0
0 42 12 28.372749 0 0
0 11 13 18.915165 0 0
0 35 13 23.643959 0 0
0 38 13 28.372749 0 0
3 28 13 70.931870 0 0
0 38 14 28.372749 0 0
0 19 15 14.186375 0 0
0 38 15 9.457582 0 0
0 40 15 18.915165 0 0
0 44 15 9.457582 0 0
0 46 15 14.186375 0 0
0 38 16 9.457582 0 0
0 46 16 33.101543 0 0
1 5 16 14.186375 1 0
0 38 0 18.915165 0 0
0 42 0 28.479784 0 0
0 38 1 37.830330 0 0
0 42 1 47.287918 0 0
0 23 2 9.457582 0 0
0 38 2 33.101543 0 0
2 20 2 52.016701 0 0
0 23 3 6.273088 0 0
0 38 3 2.091029 0 0
0 42 3 9.508960 0 0
0 14 4 7.607167 0 0
0 23 4 39.871696 0 0
0 26 4 108.223175 0 0
0 38 4 35.886578 0 0
0 42 4 123.971832 0 0
0 7 5 75.035583 0 0
0 19 5 56.032654 0 0
0 23 5 22.413061 0 0
0 38 5 3.735510 0 0
0 10 6 403.435089 0 0
0 33 6 33.619587 0 0
0 35 6 13.336092 0 0
0 38 6 48.898998 0 0
0 39 6 35.562908 0 0
0 42 6 675.695312 0 0
0 45 6 14.186375 0 0
2 5 6 80.389458 0 0
0 19 7 28.372749 0 0
0 23 7 870.097656 0 0
0 33 7 9.457582 0 0
0 35 7 118.219780 0 0
0 38 7 56.745499 0 0
0 39 7 33.101543 0 0
0 42 7 33.101543 0 0
0 7 8 18.915165 0 0
0 22 8 61.474293 0 0
0 23 8 870.097656 0 0
0 35 8 18.915165 0 0
0 38 8 33.101543 0 0
0 39 8 28.372749 0 0
0 42 8 52.016701 0 0
0 35 9 28.372749 0 0
0 38 9 23.643959 0 0
0 39 9 472.879120 0 0
0 42 9 37.830330 0 0
3 21 9 179.694077 0 0
0 10 10 42.559120 0 0
0 11 10 510.709503 0 0
0 15 10 14.186375 0 0
0 19 10 28.372749 0 0
0 23 10 9.457582 0 0
0 35 10 137.134949 0 0
0 38 10 118.219780 0 0
0 39 10 9.457582 0 0
0 42 10 18.915165 0 0
0 45 10 28.372749 0 0
0 6 11 435.048828 0 0
0 28 11 14.186375 0 0
0 35 11 127.677376 0 0
0 38 11 18.915165 0 0
0 39 11 80.389458 0 0
0 10 12 33.101543 0 0
0 26 12 61.474293 0 0
0 38 12 160.778915 0 0
0 42 12 23.643959 0 0
0 35 13 9.457582 0 0
0 38 13 14.186375 0 0
3 0 13 80.389458 0 0
0 11 14 14.186375 0 0
0 35 14 9.457582 0 0
0 39 14 66.203087 0 0
3 0 14 9.457582 0 0
0 19 15 89.847038 0 0
0 14 16 33.101543 0 0
4 41 17 9.457582 0 0
0 35 19 66.203087 0 0
3 20 19 9.457582 1 0
0 14 0 18.915165 0 0
0 14 1 33.101543 0 0
0 14 2 37.830330 0 0
0 14 3 47.287918 0 0
0 12 4 9.457582 0 0
0 14 4 18.915165 0 0
0 6 5 4.728791 0 0
0 9 5 42.559120 0 0
0 13 5 8.364117 0 0
0 14 5 3.803583 0 0
0 18 5 5.695957 0 0
0 4 6 6.524833 0 0
0 5 6 7.471019 0 0
0 9 6 141.949371 0 0
0 12 6 66.680458 0 0
0 13 6 48.898998 0 0
0 14 6 93.352646 0 0
0 9 7 817.946960 0 0
0 10 7 8.890727 0 0
0 13 7 66.203087 0 0
0 14 7 14.186375 0 0
0 21 7 14.186375 0 0
0 25 7 37.830330 0 0
0 1 8 146.592545 0 0
0 9 8 1021.419006 0 0
0 10 8 14.186375 0 0
0 13 8 23.643959 0 0
0 14 8 179.694077 0 0
0 8 9 718.776306 0 0
0 9 9 14.186375 0 0
0 10 9 4.728791 0 0
0 13 9 9.457582 0 0
0 14 9 18.915165 0 0
0 18 9 9.457582 0 0
0 9 10 359.388153 0 0
0 10 10 945.758240 0 0
0 13 10 4.728791 0 0
0 14 10 9.457582 0 0
0 18 10 42.559120 0 0
0 9 11 108.762207 0 0
0 10 11 397.218506 0 0
0 13 11 18.915165 0 0
0 14 11 61.474293 0 0
0 19 11 18.915165 0 0
0 38 11 14.186375 0 0
0 13 12 643.115662 0 0
0 14 12 108.762207 0 0
0 17 12 18.915165 0 0
0 18 12 18.915165 0 0
1 32 12 18.915165 0 0
4 27 12 217.524414 0 0
6 33 12 18.915165 0 0
0 13 13 37.830330 0 0
0 14 13 198.609253 0 0
0 18 13 160.778915 0 0
5 44 13 61.474293 0 0
0 8 14 18.915165 0 0
0 9 14 28.372749 0 0
0 13 14 80.389458 0 0
0 14 14 14.186375 0 0
0 15 14 14.186375 0 0
0 18 14 47.287918 0 0
5 46 14 42.559120 0 0
0 9 15 56.745499 0 0
0 14 15 9.457582 0 0
6 32 15 137.134949 0 0
6 34 15 14.186375 0 0
1 4 16 28.372749 0 0
0 13 17 9.457582 0 0
0 13 18 160.778915 0 0
0 17 19 18.915165 0 0
0 16 22 9.457582 1 0
0 15 0 14.239892 0 0
1 8 0 52.016701 0 0
0 15 1 37.830330 0 0
0 15 2 1.045515 0 0
6 3 2 70.931870 0 0
0 15 3 3.136544 0 0
0 11 4 5.705375 0 0
0 15 4 65.503502 0 0
0 15 5 110.922165 0 0
0 20 5 41.090607 0 0
0 35 5 313.782867 0 0
0 38 5 551.225159 0 0
0 14 6 17.781454 0 0
0 15 6 4.445364 0 0
0 19 6 31.117548 0 0
0 43 6 33.101543 0 0
0 11 7 870.097656 0 0
0 15 7 274.269897 0 0
0 38 7 4.728791 0 0
0 11 8 160.778915 0 0
0 14 8 1286.231323 0 0
0 15 8 33.101543 0 0
0 19 8 23.643959 0 0
0 20 8 42.559120 0 0
0 38 8 870.097656 0 0
4 29 8 70.931870 0 0
0 15 9 9.457582 0 0
0 19 9 9.457582 0 0
0 38 9 472.879120 0 0
0 11 10 37.830330 0 0
0 14 10 23.643959 0 0
0 15 10 28.372749 0 0
0 19 10 42.559120 0 0
0 22 10 321.557831 0 0
0 35 10 80.389458 0 0
0 38 10 56.745499 0 0
0 11 11 14.186375 0 0
0 14 11 137.134949 0 0
0 15 11 14.186375 0 0
0 19 11 42.559120 0 0
0 38 11 99.304626 0 0
0 1 12 37.830330 0 0
0 14 12 14.186375 0 0
0 15 12 14.186375 0 0
0 18 12 56.745499 0 0
0 23 12 70.931870 0 0
0 35 12 14.186375 0 0
0 15 13 14.186375 0 0
0 17 13 56.745499 0 0
0 26 13 47.287918 0 0
0 38 13 4.728791 0 0
0 43 13 18.915165 0 0
0 15 14 61.474293 0 0
0 38 14 28.372749 0 0
0 45 14 61.474293 0 0
4 26 14 28.372749 0 0
0 19 16 33.101543 0 0
0 23 16 33.101543 0 0
0 36 16 9.457582 0 0
0 5 17 14.186375 0 0
0 6 17 18.915165 0 0
0 32 17 23.643959 0 0
0 12 18 23.643959 0 0
3 28 18 23.643959 1 0
0 38 0 4.728791 0 0
0 39 0 18.915165 0 0
0 33 1 99.304626 0 0
0 38 1 18.915165 0 0
0 38 2 23.643959 0 0
0 19 3 4.728791 0 0
0 23 3 2.091029 0 0
0 38 3 3.136544 0 0
0 35 4 3.803583 0 0
0 38 4 5.705375 0 0
0 45 4 5.695957 0 0
0 18 5 3.262416 0 0
0 32 5 9.787251 0 0
0 35 5 55.461082 0 0
0 38 5 11.206531 0 0
0 42 5 186.775482 0 0
0 35 6 14.942039 0 0
0 38 6 22.226820 0 0
0 42 6 93.352646 0 0
0 35 7 8.890727 0 0
0 38 7 337.847656 0 0
0 39 7 44.453640 0 0
0 15 8 99.304626 0 0
0 19 8 586.370178 0 0
0 26 8 14.186375 0 0
0 35 8 321.557831 0 0
0 36 8 397.218506 0 0
0 38 8 137.134949 0 0
0 42 8 255.354752 0 0
0 5 9 33.101543 0 0
0 17 9 9.457582 0 0
0 35 9 56.745499 0 0
0 38 9 52.016701 0 0
0 39 9 548.539795 0 0
4 47 9 18.915165 0 0
0 15 10 47.287918 0 0
0 19 10 23.643959 0 0
0 33 10 127.677376 0 0
0 35 10 359.388153 0 0
0 38 10 9.457582 0 0
0 39 10 56.745499 0 0
2 11 10 23.643959 0 0
3 17 10 61.474293 0 0
0 11 11 137.134949 0 0
0 15 11 255.354752 0 0
0 35 11 52.016701 0 0
0 37 11 14.186375 0 0
0 38 11 18.915165 0 0
0 7 12 217.524414 0 0
0 11 12 9.457582 0 0
0 23 12 137.134949 0 0
0 34 12 47.287918 0 0
0 35 12 4.728791 0 0
0 38 12 9.457582 0 0
0 39 12 9.457582 0 0
0 41 12 33.101543 0 0
2 12 12 118.219780 0 0
6 3 12 9.457582 0 0
0 15 13 9.457582 0 0
0 35 13 47.287918 0 0
0 38 13 127.677376 0 0
0 39 13 14.186375 0 0
0 15 14 56.745499 0 0
0 35 14 14.186375 0 0
0 38 14 56.745499 0 0
0 39 14 160.778915 0 0
0 42 14 14.186375 0 0
0 44 14 80.389458 0 0
0 15 15 14.186375 0 0
0 19 15 23.643959 0 0
0 35 15 4.728791 0 0
0 38 15 14.186375 0 0
3 20 15 37.830330 0 0
0 19 16 4.728791 0 0
0 38 16 14.186375 0 0
0 40 16 28.372749 0 0
0 41 16 9.457582 0 0
0 35 17 127.677376 0 0
0 38 17 118.219780 0 0
0 38 18 80.389458 0 0
0 42 18 33.101543 0 0
0 10 24 55.950447 1 0
0 7 0 8.543936 0 0
0 11 0 66.203087 0 0
0 33 0 33.101543 0 0
0 38 0 47.287918 0 0
0 38 1 3.735510 0 0
0 19 2 14.186375 0 0
0 20 2 28.372749 0 0
0 38 2 1.045515 0 0
4 14 2 4.182058 0 0
0 38 3 7.318602 0 0
0 19 4 11.500660 0 0
0 38 4 3.803583 0 0
3 16 4 14.239892 0 0
0 15 5 59.807549 0 0
0 19 5 5.695957 0 0
0 38 5 123.971832 0 0
0 42 5 33.619587 0 0
0 11 6 141.949371 0 0
0 15 6 75.571190 0 0
0 19 6 84.461914 0 0
0 22 6 675.695312 0 0
0 23 6 102.243370 0 0
0 26 6 28.372749 0 0
0 38 6 99.304626 0 0
0 42 6 359.388153 0 0
0 7 7 14.186375 0 0
0 15 7 127.677376 0 0
0 19 7 23.643959 0 0
0 35 7 548.539795 0 0
0 38 7 80.389458 0 0
0 45 7 33.101543 0 0
0 6 8 236.439560 0 0
0 15 8 33.101543 0 0
0 19 8 18.915165 0 0
0 38 8 1097.079590 0 0
4 29 8 56.745499 0 0
4 30 8 18.915165 0 0
0 15 9 255.354752 0 0
0 19 9 293.185089 0 0
0 36 9 435.048828 0 0
0 38 9 160.778915 0 0
3 28 9 70.931870 0 0
0 7 10 28.372749 0 0
0 11 10 321.557831 0 0
0 12 10 9.457582 0 0
0 15 10 9.457582 0 0
0 19 10 14.186375 0 0
0 22 10 89.847038 0 0
0 38 10 198.609253 0 0
0 42 10 70.931870 0 0
0 9 11 137.134949 0 0
0 14 11 4.728791 0 0
0 15 11 89.847038 0 0
0 19 11 9.457582 0 0
0 38 11 66.203087 0 0
0 15 12 198.609253 0 0
0 19 12 321.557831 0 0
0 38 12 160.778915 0 0
0 42 12 80.389458 0 0
0 18 13 56.745499 0 0
0 22 13 18.915165 0 0
0 38 13 33.101543 0 0
0 43 13 9.457582 0 0
3 28 13 80.389458 0 0
5 46 13 14.186375 0 0
0 11 14 33.101543 0 0
0 13 14 14.186375 0 0
0 37 14 23.643959 0 0
0 38 15 66.203087 0 0
0 17 16 42.559120 0 0
0 15 17 47.287918 0 0
0 38 17 14.186375 0 0
0 5 20 9.457582 0 0
0 0 21 4.728791 1 0
0 39 0 4.728791 0 0
0 39 1 4.182058 0 0
0 39 2 3.803583 0 0
0 39 3 14.239892 0 0
0 23 4 26.099331 0 0
0 39 4 18.677551 0 0
0 35 5 85.916733 0 0
0 39 5 257.831085 0 0
0 35 6 186.705292 0 0
0 38 6 255.354752 0 0
0 39 6 137.134949 0 0
0 42 6 643.115662 0 0
0 10 7 42.559120 0 0
0 34 7 9.457582 0 0
0 35 7 23.643959 0 0
0 38 7 217.524414 0 0
0 39 7 198.609253 0 0
0 42 7 718.776306 0 0
0 35 8 18.915165 0 0
0 38 8 52.016701 0 0
0 39 8 137.134949 0 0
0 42 8 870.097656 0 0
0 15 9 127.677376 0 0
0 32 9 14.186375 0 0
0 33 9 28.372749 0 0
0 35 9 37.830330 0 0
0 38 9 359.388153 0 0
0 39 9 137.134949 0 0
0 43 9 321.557831 0 0
0 23 10 9.457582 0 0
0 33 10 9.457582 0 0
0 35 10 37.830330 0 0
0 38 10 198.609253 0 0
0 39 10 89.847038 0 0
0 42 10 643.115662 0 0
0 45 10 198.609253 0 0
0 46 10 18.915165 0 0
0 11 11 23.643959 0 0
0 35 11 108.762207 0 0
0 38 11 217.524414 0 0
0 39 11 14.186375 0 0
0 42 11 179.694077 0 0
0 45 11 274.269897 0 0
0 15 12 14.186375 0 0
0 35 12 4.728791 0 0
0 38 12 23.643959 0 0
0 39 12 80.389458 0 0
0 47 12 56.745499 0 0
0 35 13 28.372749 0 0
0 39 13 28.372749 0 0
0 43 13 89.847038 0 0
1 0 13 18.915165 0 0
0 15 14 23.643959 0 0
0 39 14 33.101543 0 0
0 36 16 61.474293 0 0
0 27 17 4.728791 0 0
0 39 19 14.186375 0 0
0 1 20 14.186375 0 0
0 36 25 87.922127 1 0
0 39 0 17.087872 0 0
0 39 1 56.745499 0 0
0 39 2 18.915165 0 0
2 5 2 56.745499 0 0
0 39 3 28.372749 0 0
0 42 3 2.091029 0 0
0 39 4 5.705375 0 0
0 42 4 39.871696 0 0
0 36 5 163.120804 0 0
0 39 5 3.262416 0 0
0 38 6 93.387741 0 0
0 39 6 44.826122 0 0
0 42 6 35.562908 0 0
0 43 6 444.536346 0 0
0 44 6 56.745499 0 0
0 18 7 643.115662 0 0
0 19 7 160.778915 0 0
0 36 7 47.287918 0 0
0 38 7 4.728791 0 0
0 39 7 9.457582 0 0
0 42 7 14.186375 0 0
0 23 8 18.915165 0 0
0 38 8 127.677376 0 0
0 39 8 1021.419006 0 0
0 40 8 137.134949 0 0
0 42 8 47.287918 0 0
0 43 8 42.559120 0 0
0 45 8 510.709503 0 0
2 5 8 18.915165 0 0
3 20 8 160.778915 0 0
0 34 9 37.830330 0 0
0 38 9 4.728791 0 0
0 39 9 118.219780 0 0
0 42 9 236.439560 0 0
0 43 9 472.879120 0 0
0 11 10 99.304626 0 0
0 31 10 179.694077 0 0
0 36 10 18.915165 0 0
0 39 10 4.728791 0 0
0 42 10 23.643959 0 0
0 43 10 293.185089 0 0
0 47 10 108.762207 0 0
2 12 10 99.304626 0 0
0 18 11 4.728791 0 0
0 35 11 52.016701 0 0
0 38 11 14.186375 0 0
0 39 11 18.915165 0 0
0 15 12 70.931870 0 0
0 35 12 23.643959 0 0
0 38 12 14.186375 0 0
0 39 12 18.915165 0 0
0 42 12 23.643959 0 0
0 15 13 255.354752 0 0
0 39 13 33.101543 0 0
0 42 13 80.389458 0 0
0 23 14 18.915165 0 0
0 39 14 42.559120 0 0
0 40 14 23.643959 0 0
0 43 14 14.186375 0 0
0 1 15 28.372749 0 0
0 38 15 9.457582 0 0
0 39 15 52.016701 0 0
0 43 15 80.389458 0 0
0 45 15 80.389458 0 0
2 9 15 14.186375 0 0
0 42 16 9.457582 0 0
0 46 16 18.915165 0 0
0 43 17 33.101543 0 0
0 45 17 23.643959 0 0
0 36 18 14.186375 0 0
0 40 18 9.457582 0 0
0 35 19 4.728791 0 0
0 6 22 18.915165 1 0
0 39 0 14.186375 0 0
0 39 1 37.830330 0 0
0 39 2 9.457582 0 0
0 39 3 14.186375 0 0
0 39 4 80.389458 0 0
0 39 5 3.136544 0 0
0 36 6 3.803583 0 0
0 39 6 48.415634 0 0
0 40 6 189.220139 0 0
0 42 6 171.833466 0 0
0 46 6 337.847656 0 0
0 10 7 9.457582 0 0
0 11 7 472.879120 0 0
0 38 7 118.219780 0 0
0 39 7 160.778915 0 0
0 42 7 23.643959 0 0
0 15 8 9.457582 0 0
0 19 8 14.186375 0 0
0 38 8 23.643959 0 0
0 39 8 945.758240 0 0
0 42 8 61.474293 0 0
0 43 8 66.203087 0 0
3 20 8 4.728791 0 0
0 19 9 18.915165 0 0
0 22 9 586.370178 0 0
0 35 9 198.609253 0 0
0 39 9 37.830330 0 0
0 40 9 33.101543 0 0
0 42 9 18.915165 0 0
0 44 9 18.915165 0 0
2 4 9 397.218506 0 0
0 39 10 37.830330 0 0
0 42 10 52.016701 0 0
0 43 10 23.643959 0 0
0 44 10 255.354752 0 0
0 46 10 146.592545 0 0
0 19 11 89.847038 0 0
0 23 11 33.101543 0 0
0 26 11 127.677376 0 0
0 30 11 37.830330 0 0
0 38 11 89.847038 0 0
0 39 11 47.287918 0 0
0 41 11 108.762207 0 0
0 42 11 146.592545 0 0
1 2 11 108.762207 0 0
6 19 11 18.915165 0 0
0 38 12 198.609253 0 0
0 39 12 33.101543 0 0
0 42 12 217.524414 0 0
0 35 13 18.915165 0 0
0 39 13 42.559120 0 0
0 42 13 89.847038 0 0
0 43 13 14.186375 0 0
0 45 13 23.643959 0 0
0 39 14 23.643959 0 0
0 42 14 146.592545 0 0
0 44 14 42.559120 0 0
4 43 14 28.372749 0 0
0 15 15 14.186375 0 0
0 35 15 18.915165 0 0
0 39 15 23.643959 0 0
0 18 16 18.915165 0 0
0 22 16 18.915165 0 0
0 38 16 28.372749 0 0
0 5 17 14.186375 0 0
0 11 17 4.728791 0 0
0 39 17 14.186375 0 0
0 15 18 52.016701 0 0
0 39 18 23.643959 0 0
0 40 18 9.457582 0 0
0 39 19 33.101543 0 0
0 39 20 70.931870 0 0
0 42 20 52.016701 0 0
0 14 21 18.915165 0 0
0 39 21 18.915165 0 0
0 42 21 66.203087 0 0
0 43 22 28.372749 0 0
0 42 26 31.971682 1 0
0 18 0 8.890727 0 0
0 18 1 18.915165 0 0
0 18 2 42.559120 0 0
3 44 2 14.186375 0 0
0 14 3 56.745499 0 0
0 18 3 14.186375 0 0
0 9 4 33.101543 0 0
0 18 4 37.023716 0 0
0 14 5 2.091029 0 0
0 18 5 5.705375 0 0
6 1 5 28.479784 0 0
0 13 6 45.673832 0 0
0 14 6 110.922165 0 0
0 18 6 56.032654 0 0
0 19 6 343.666931 0 0
0 35 6 186.705292 0 0
0 9 7 604.569519 0 0
0 10 7 61.474293 0 0
0 14 7 52.016701 0 0
0 15 7 794.437012 0 0
0 18 7 14.186375 0 0
0 21 7 4.728791 0 0
0 34 7 9.457582 0 0
0 14 8 4.728791 0 0
0 15 8 293.185089 0 0
0 16 8 18.915165 0 0
0 17 8 643.115662 0 0
0 18 8 4.728791 0 0
0 19 8 9.457582 0 0
0 22 8 217.524414 0 0
0 45 8 61.474293 0 0
0 13 9 23.643959 0 0
0 14 9 66.203087 0 0
0 15 9 510.709503 0 0
0 17 9 37.830330 0 0
0 18 9 28.372749 0 0
0 6 10 4.728791 0 0
0 8 10 14.186375 0 0
0 13 10 179.694077 0 0
0 14 10 70.931870 0 0
0 15 10 52.016701 0 0
0 17 10 397.218506 0 0
0 18 10 4.728791 0 0
0 19 10 14.186375 0 0
0 24 10 108.762207 0 0
6 34 10 118.219780 0 0
0 14 11 9.457582 0 0
0 18 11 89.847038 0 0
0 6 12 274.269897 0 0
0 14 12 9.457582 0 0
0 15 12 14.186375 0 0
0 18 12 160.778915 0 0
0 39 12 89.847038 0 0
5 44 12 4.728791 0 0
6 32 12 18.915165 0 0
6 39 12 127.677376 0 0
0 10 13 89.847038 0 0
0 13 13 42.559120 0 0
0 14 13 9.457582 0 0
0 15 13 9.457582 0 0
0 17 13 23.643959 0 0
0 18 13 42.559120 0 0
0 21 13 89.847038 0 0
0 13 14 56.745499 0 0
0 18 14 56.745499 0 0
0 29 14 14.186375 0 0
6 7 14 4.728791 0 0
0 14 15 70.931870 0 0
0 23 15 47.287918 0 0
0 22 17 9.457582 0 0
0 13 18 14.186375 0 0
0 19 18 89.847038 0 0
0 17 19 89.847038 0 0
0 18 19 18.915165 0 0
6 33 19 37.830330 0 0
0 20 20 18.915165 0 0
0 10 21 33.101543 1 0
0 38 0 17.773748 0 0
6 43 0 47.287918 0 0
0 38 1 9.457582 0 0
0 38 2 61.474293 0 0
0 38 3 7.318602 0 0
0 42 3 15.214334 0 0
0 19 4 54.111588 0 0
0 27 4 221.844330 0 0
0 38 4 9.787251 0 0
0 39 4 156.891434 0 0
0 15 5 14.942039 0 0
0 19 5 373.550964 0 0
0 38 5 48.561630 0 0
0 42 5 48.898998 0 0
0 15 6 22.226820 0 0
0 19 6 746.821167 0 0
0 23 6 22.226820 0 0
0 35 6 37.830330 0 0
0 38 6 255.354752 0 0
0 39 6 14.186375 0 0
0 42 6 4.728791 0 0
0 19 7 1097.079590 0 0
0 38 7 14.186375 0 0
0 39 7 33.101543 0 0
0 41 7 99.304626 0 0
0 15 8 643.115662 0 0
0 19 8 18.915165 0 0
0 38 8 23.643959 0 0
0 39 8 28.372749 0 0
0 42 8 108.762207 0 0
0 45 8 472.879120 0 0
0 19 9 9.457582 0 0
0 38 9 179.694077 0 0
0 19 10 99.304626 0 0
0 38 10 80.389458 0 0
0 42 10 472.879120 0 0
0 6 11 28.372749 0 0
0 18 11 56.745499 0 0
0 19 11 23.643959 0 0
0 35 11 9.457582 0 0
0 38 11 33.101543 0 0
0 39 11 23.643959 0 0
0 42 11 14.186375 0 0
0 19 12 321.557831 0 0
0 35 12 9.457582 0 0
0 38 12 89.847038 0 0
0 38 13 14.186375 0 0
0 39 13 9.457582 0 0
0 6 14 127.677376 0 0
0 38 14 80.389458 0 0
0 39 14 70.931870 0 0
4 29 14 18.915165 0 0
0 18 15 160.778915 0 0
0 38 15 42.559120 0 0
0 19 17 18.915165 0 0
0 35 17 23.643959 0 0
1 4 17 18.915165 0 0
5 31 17 9.457582 0 0
0 6 18 14.186375 0 0
0 11 18 47.287918 0 0
0 42 18 56.745499 0 0
0 7 21 18.915165 1 0
0 15 0 47.287918 0 0
0 15 1 4.728791 0 0
0 15 2 28.372749 0 0
0 15 3 61.474293 0 0
0 15 4 99.304626 0 0
0 11 5 37.830330 0 0
0 15 5 95.772484 0 0
0 4 6 2.091029 0 0
0 8 6 3.803583 0 0
0 15 6 22.783827 0 0
0 38 6 22.836916 0 0
0 11 7 141.949371 0 0
0 15 7 102.243370 0 0
0 34 7 275.612579 0 0
0 38 7 28.372749 0 0
5 41 7 14.186375 0 0
0 6 8 274.269897 0 0
0 14 8 14.186375 0 0
0 15 8 37.830330 0 0
0 38 8 643.115662 0 0
0 6 9 14.186375 0 0
0 11 9 52.016701 0 0
0 15 9 18.915165 0 0
0 19 9 9.457582 0 0
0 38 9 1021.419006 0 0
0 39 9 61.474293 0 0
4 31 9 28.372749 0 0
0 2 10 66.203087 0 0
0 6 10 1097.079590 0 0
0 15 10 70.931870 0 0
0 19 10 47.287918 0 0
0 33 10 33.101543 0 0
0 35 10 4.728791 0 0
0 38 10 37.830330 0 0
0 43 10 718.776306 0 0
0 4 11 9.457582 0 0
0 6 11 61.474293 0 0
0 7 11 18.915165 0 0
0 11 11 99.304626 0 0
0 14 11 4.728791 0 0
0 15 11 18.915165 0 0
0 18 11 14.186375 0 0
0 19 11 9.457582 0 0
0 33 11 179.694077 0 0
0 35 11 9.457582 0 0
0 38 11 472.879120 0 0
1 3 11 33.101543 0 0
0 5 12 236.439560 0 0
0 10 12 70.931870 0 0
0 11 12 80.389458 0 0
0 15 12 66.203087 0 0
0 22 12 14.186375 0 0
0 38 12 217.524414 0 0
0 42 12 47.287918 0 0
5 37 12 217.524414 0 0
0 7 13 9.457582 0 0
0 9 13 89.847038 0 0
0 10 13 23.643959 0 0
0 15 13 47.287918 0 0
0 35 13 37.830330 0 0
0 36 13 61.474293 0 0
0 38 13 37.830330 0 0
0 10 14 42.559120 0 0
0 15 14 9.457582 0 0
0 19 14 18.915165 0 0
0 23 14 14.186375 0 0
0 35 14 255.354752 0 0
0 38 14 47.287918 0 0
0 42 14 9.457582 0 0
0 11 15 28.372749 0 0
0 12 15 42.559120 0 0
0 15 15 14.186375 0 0
0 23 15 52.016701 0 0
0 35 15 18.915165 0 0
0 36 15 42.559120 0 0
0 38 15 18.915165 0 0
0 39 15 80.389458 0 0
4 31 15 9.457582 0 0
5 37 15 28.372749 0 0
0 15 17 37.830330 0 0
0 1 19 18.915165 0 0
0 17 19 9.457582 0 0
3 24 23 14.186375 1 0
0 18 0 80.389458 0 0
0 18 1 70.931870 0 0
0 18 2 23.643959 0 0
0 14 3 14.186375 0 0
0 18 3 47.287918 0 0
0 18 4 18.915165 0 0
0 4 5 2.091029 0 0
0 14 5 3.803583 0 0
0 18 5 8.543936 0 0
0 19 5 9.787251 0 0
0 14 6 16.312084 0 0
0 15 6 37.355103 0 0
0 17 6 4.445364 0 0
0 18 6 168.923828 0 0
0 19 6 84.461914 0 0
0 40 6 8.890727 0 0
2 4 6 99.304626 0 0
0 4 7 42.559120 0 0
0 10 7 37.830330 0 0
0 14 7 472.879120 0 0
0 15 7 33.101543 0 0
0 18 7 4.728791 0 0
0 19 7 33.101543 0 0
0 14 8 14.186375 0 0
0 15 8 643.115662 0 0
0 17 8 56.745499 0 0
0 18 8 472.879120 0 0
0 19 8 23.643959 0 0
0 33 8 47.287918 0 0
0 14 9 89.847038 0 0
0 15 9 99.304626 0 0
0 18 9 643.115662 0 0
0 19 9 274.269897 0 0
0 14 10 118.219780 0 0
0 15 10 274.269897 0 0
0 18 10 99.304626 0 0
0 19 10 643.115662 0 0
0 21 10 9.457582 0 0
0 23 10 37.830330 0 0
0 14 11 42.559120 0 0
0 15 11 236.439560 0 0
0 17 11 28.372749 0 0
0 18 11 66.203087 0 0
0 19 11 4.728791 0 0
0 35 11 61.474293 0 0
0 14 12 9.457582 0 0
0 15 12 66.203087 0 0
0 18 12 359.388153 0 0
0 22 12 9.457582 0 0
5 41 12 4.728791 0 0
0 14 13 118.219780 0 0
0 15 13 61.474293 0 0
0 18 13 236.439560 0 0
0 19 13 146.592545 0 0
0 23 13 23.643959 0 0
2 5 13 33.101543 0 0
4 25 13 472.879120 0 0
0 14 14 137.134949 0 0
0 18 14 80.389458 0 0
0 21 14 9.457582 0 0
6 44 14 127.677376 0 0
0 12 15 14.186375 0 0
0 14 15 56.745499 0 0
0 15 15 61.474293 0 0
0 18 15 47.287918 0 0
0 19 15 56.745499 0 0
0 22 15 23.643959 0 0
0 23 15 33.101543 0 0
0 18 16 37.830330 0 0
0 19 16 14.186375 0 0
0 27 16 23.643959 0 0
6 37 16 23.643959 0 0
0 5 17 14.186375 0 0
0 13 17 52.016701 0 0
0 18 17 42.559120 0 0
0 19 18 18.915165 0 0
0 41 19 23.643959 0 0
0 10 20 61.474293 0 0
0 19 20 18.915165 0 0
0 44 23 83.002823 1 0
0 3 0 33.101543 0 0
0 39 0 14.186375 0 0
0 39 1 14.186375 0 0
0 11 2 4.182058 0 0
0 39 2 2.091029 0 0
0 38 3 3.803583 0 0
0 39 3 34.175743 0 0
0 35 4 14.239892 0 0
0 39 4 45.673832 0 0
0 35 5 6.524833 0 0
0 39 5 7.471019 0 0
0 35 6 70.974686 0 0
0 36 6 8.890727 0 0
0 39 6 151.142380 0 0
0 40 6 14.186375 0 0
0 35 7 89.847038 0 0
0 36 7 472.879120 0 0
0 39 7 9.457582 0 0
0 45 7 14.186375 0 0
0 35 8 18.915165 0 0
0 37 8 718.776306 0 0
0 38 8 52.016701 0 0
0 39 8 118.219780 0 0
0 42 8 9.457582 0 0
0 18 9 99.304626 0 0
0 35 9 794.437012 0 0
0 36 9 118.219780 0 0
0 39 9 4.728791 0 0
0 15 10 127.677376 0 0
0 35 10 70.931870 0 0
0 36 10 794.437012 0 0
0 38 10 28.372749 0 0
0 39 10 33.101543 0 0
0 40 10 127.677376 0 0
0 43 10 23.643959 0 0
0 14 11 472.879120 0 0
0 35 11 23.643959 0 0
0 36 11 28.372749 0 0
0 39 11 23.643959 0 0
3 17 11 52.016701 0 0
0 35 12 47.287918 0 0
0 37 12 397.218506 0 0
0 38 12 18.915165 0 0
0 39 12 42.559120 0 0
0 42 12 61.474293 0 0
0 35 13 198.609253 0 0
0 36 13 66.203087 0 0
0 39 13 179.694077 0 0
0 40 13 89.847038 0 0
0 41 13 236.439560 0 0
0 42 13 42.559120 0 0
5 47 13 4.728791 0 0
0 19 14 18.915165 0 0
0 35 14 66.203087 0 0
0 39 14 99.304626 0 0
0 43 14 274.269897 0 0
3 16 14 18.915165 0 0
0 2 15 28.372749 0 0
0 11 15 61.474293 0 0
0 15 15 47.287918 0 0
0 36 15 14.186375 0 0
0 38 15 18.915165 0 0
0 39 15 118.219780 0 0
0 35 16 23.643959 0 0
0 39 16 99.304626 0 0
0 36 17 80.389458 0 0
0 39 17 47.287918 0 0
0 46 17 14.186375 0 0
0 39 21 14.186375 0 0
0 36 24 15.985841 1 0
0 38 0 48.561630 0 0
0 38 1 42.559120 0 0
0 38 2 9.457582 0 0
0 45 2 14.186375 0 0
0 38 3 2.091029 0 0
0 15 4 9.508960 0 0
0 19 4 31.327759 0 0
0 38 4 19.935848 0 0
0 42 4 221.844330 0 0
4 25 4 48.561630 0 0
0 15 5 52.297142 0 0
0 19 5 373.550964 0 0
0 35 5 48.561630 0 0
0 38 5 8.890727 0 0
0 42 5 84.461914 0 0
0 15 6 22.226820 0 0
0 19 6 960.198669 0 0
0 23 6 31.117548 0 0
0 36 6 14.186375 0 0
0 38 6 127.677376 0 0
0 42 6 33.101543 0 0
0 15 7 37.830330 0 0
0 18 7 1021.419006 0 0
0 19 7 80.389458 0 0
0 21 7 47.287918 0 0
0 23 7 4.728791 0 0
0 38 7 52.016701 0 0
0 39 7 9.457582 0 0
0 42 7 80.389458 0 0
0 15 8 870.097656 0 0
0 19 8 23.643959 0 0
0 23 8 14.186375 0 0
0 28 8 47.287918 0 0
0 38 8 359.388153 0 0
0 42 8 18.915165 0 0
2 8 8 14.186375 0 0
0 19 9 643.115662 0 0
0 23 9 99.304626 0 0
0 38 9 47.287918 0 0
0 1 10 33.101543 0 0
0 19 10 397.218506 0 0
0 23 10 37.830330 0 0
0 32 10 99.304626 0 0
0 38 10 321.557831 0 0
0 42 10 18.915165 0 0
0 6 11 80.389458 0 0
0 9 11 89.847038 0 0
0 15 11 9.457582 0 0
0 19 11 23.643959 0 0
0 38 11 14.186375 0 0
0 42 11 179.694077 0 0
4 25 11 42.559120 0 0
0 15 12 28.372749 0 0
0 19 12 9.457582 0 0
0 38 12 9.457582 0 0
0 45 12 37.830330 0 0
0 19 13 23.643959 0 0
0 23 14 42.559120 0 0
0 26 15 37.830330 0 0
0 16 16 56.745499 0 0
0 38 16 14.186375 0 0
3 28 18 14.186375 0 0
0 20 21 14.186375 1 0
0 19 0 23.643959 0 0
0 14 1 9.457582 0 0
0 19 1 33.101543 0 0
0 23 1 14.186375 0 0
0 19 2 4.728791 0 0
0 15 3 2.091029 0 0
0 19 3 11.410750 0 0
0 15 4 11.410750 0 0
0 18 4 1.901792 0 0
0 19 4 8.543936 0 0
0 42 4 19.574501 0 0
0 8 5 110.922165 0 0
0 15 5 41.090607 0 0
0 18 5 41.090607 0 0
0 19 5 186.775482 0 0
0 15 6 7.471019 0 0
0 18 6 22.226820 0 0
0 19 6 337.847656 0 0
0 14 7 13.336092 0 0
0 15 7 222.268173 0 0
0 18 7 23.643959 0 0
0 19 7 397.218506 0 0
0 21 7 870.097656 0 0
0 14 8 52.016701 0 0
0 15 8 397.218506 0 0
0 18 8 28.372749 0 0
0 19 8 435.048828 0 0
0 38 8 14.186375 0 0
1 1 8 118.219780 0 0
6 34 8 137.134949 0 0
0 14 9 321.557831 0 0
0 15 9 472.879120 0 0
0 17 9 9.457582 0 0
0 18 9 14.186375 0 0
0 19 9 293.185089 0 0
0 38 9 42.559120 0 0
0 11 10 127.677376 0 0
0 14 10 274.269897 0 0
0 15 10 37.830330 0 0
0 18 10 28.372749 0 0
0 19 10 99.304626 0 0
0 36 10 28.372749 0 0
0 45 10 160.778915 0 0
0 47 10 198.609253 0 0
6 37 10 23.643959 0 0
0 11 11 4.728791 0 0
0 13 11 14.186375 0 0
0 15 11 14.186375 0 0
0 18 11 14.186375 0 0
0 19 11 236.439560 0 0
0 25 11 61.474293 0 0
0 9 12 179.694077 0 0
0 12 12 56.745499 0 0
0 13 12 70.931870 0 0
0 14 12 28.372749 0 0
0 18 12 18.915165 0 0
0 19 12 37.830330 0 0
0 43 12 80.389458 0 0
0 9 13 255.354752 0 0
0 10 13 14.186375 0 0
0 14 13 47.287918 0 0
0 16 13 9.457582 0 0
0 17 13 18.915165 0 0
0 18 13 9.457582 0 0
0 15 14 89.847038 0 0
0 11 15 33.101543 0 0
0 15 15 9.457582 0 0
0 18 15 66.203087 0 0
6 6 15 4.728791 0 0
0 19 16 14.186375 0 0
0 22 17 9.457582 0 0
1 3 18 80.389458 0 0
0 9 19 28.372749 0 0
0 14 19 23.643959 0 0
0 11 20 14.186375 0 0
0 15 21 9.457582 1 0
0 17 0 18.915165 0 0
0 38 0 18.915165 0 0
0 38 1 52.016701 0 0
0 38 2 14.186375 0 0
0 38 3 10.455146 0 0
0 19 4 2.091029 0 0
0 38 4 3.803583 0 0
0 15 5 42.719677 0 0
0 35 5 163.120804 0 0
0 38 5 3.735510 0 0
0 15 6 141.949371 0 0
0 35 6 373.410583 0 0
0 36 6 8.890727 0 0
0 38 6 675.695312 0 0
0 39 6 9.457582 0 0
0 42 6 146.592545 0 0
0 6 7 4.728791 0 0
0 19 7 870.097656 0 0
0 35 7 47.287918 0 0
0 38 7 37.830330 0 0
0 39 7 33.101543 0 0
0 42 7 56.745499 0 0
0 7 8 255.354752 0 0
0 15 8 586.370178 0 0
0 35 8 56.745499 0 0
0 36 8 23.643959 0 0
0 38 8 9.457582 0 0
0 39 8 14.186375 0 0
0 43 8 146.592545 0 0
3 9 8 14.186375 0 0
0 35 9 548.539795 0 0
0 38 9 80.389458 0 0
0 39 9 14.186375 0 0
0 43 9 127.677376 0 0
0 11 10 435.048828 0 0
0 19 10 14.186375 0 0
0 35 10 42.559120 0 0
0 38 10 47.287918 0 0
0 39 10 61.474293 0 0
4 22 10 293.185089 0 0
0 15 11 359.388153 0 0
0 35 11 28.372749 0 0
0 38 11 70.931870 0 0
0 42 11 42.559120 0 0
0 46 11 293.185089 0 0
0 47 11 146.592545 0 0
0 19 12 4.728791 0 0
0 21 12 23.643959 0 0
0 27 12 28.372749 0 0
0 35 12 18.915165 0 0
0 36 12 4.728791 0 0
0 38 12 18.915165 0 0
0 39 12 37.830330 0 0
0 15 13 198.609253 0 0
0 23 13 23.643959 0 0
0 35 13 28.372749 0 0
0 38 13 14.186375 0 0
0 39 13 89.847038 0 0
0 33 14 66.203087 0 0
0 37 14 42.559120 0 0
0 38 14 236.439560 0 0
0 42 15 146.592545 0 0
0 35 16 108.762207 0 0
0 42 16 18.915165 0 0
0 38 17 42.559120 0 0
2 9 17 28.372749 0 0
2 10 17 23.643959 0 0
0 39 18 18.915165 1 0
0 38 0 9.457582 0 0
0 38 1 61.474293 0 0
0 19 2 4.728791 0 0
0 38 2 28.372749 0 0
0 4 3 14.186375 0 0
0 38 3 2.091029 0 0
0 19 4 5.705375 0 0
0 38 4 25.631804 0 0
0 42 4 28.479784 0 0
0 15 5 19.574501 0 0
0 23 5 88.085251 0 0
0 38 5 33.619587 0 0
0 19 6 186.775482 0 0
0 38 6 63.503670 0 0
0 42 6 26.672184 0 0
3 16 6 8.890727 0 0
0 11 7 604.569519 0 0
0 15 7 47.287918 0 0
0 35 7 643.115662 0 0
0 38 7 89.847038 0 0
0 11 8 28.372749 0 0
0 19 8 217.524414 0 0
0 35 8 23.643959 0 0
0 38 8 643.115662 0 0
2 4 8 4.728791 0 0
0 14 9 23.643959 0 0
0 15 9 56.745499 0 0
0 19 9 586.370178 0 0
0 23 9 118.219780 0 0
0 36 9 52.016701 0 0
0 38 9 37.830330 0 0
0 45 9 18.915165 0 0
0 46 9 9.457582 0 0
0 11 10 472.879120 0 0
0 15 10 80.389458 0 0
0 19 10 9.457582 0 0
0 29 10 99.304626 0 0
0 35 10 80.389458 0 0
0 38 10 37.830330 0 0
0 42 10 9.457582 0 0
5 44 10 52.016701 0 0
0 9 11 435.048828 0 0
0 15 11 14.186375 0 0
0 38 11 28.372749 0 0
0 39 11 18.915165 0 0
0 11 12 1097.079590 0 0
0 15 12 4.728791 0 0
0 18 12 18.915165 0 0
0 19 12 80.389458 0 0
0 38 12 9.457582 0 0
0 15 13 28.372749 0 0
0 19 13 548.539795 0 0
0 38 13 61.474293 0 0
0 43 13 52.016701 0 0
0 11 14 274.269897 0 0
0 15 14 14.186375 0 0
0 19 14 18.915165 0 0
0 21 14 89.847038 0 0
0 24 14 80.389458 0 0
0 32 14 28.372749 0 0
0 35 14 9.457582 0 0
0 38 14 80.389458 0 0
0 42 14 37.830330 0 0
2 12 14 160.778915 0 0
0 22 15 18.915165 0 0
0 23 15 61.474293 0 0
0 35 15 56.745499 0 0
0 37 15 9.457582 0 0
0 38 15 9.457582 0 0
0 42 15 28.372749 0 0
0 7 16 18.915165 0 0
0 38 16 137.134949 0 0
0 19 17 99.304626 0 0
0 33 17 14.186375 0 0
0 35 17 4.728791 0 0
0 38 17 9.457582 0 0
3 24 17 9.457582 0 0
0 38 18 80.389458 0 0
0 18 19 42.559120 0 0
0 29 21 47.287918 1 0
0 39 0 14.186375 0 0
0 39 1 28.372749 0 0
0 39 2 3.136544 0 0
0 39 3 5.705375 0 0
0 35 4 108.223175 0 0
0 39 4 110.922165 0 0
0 42 4 7.471019 0 0
0 23 5 216.659576 0 0
0 35 5 33.619587 0 0
0 38 5 8.890727 0 0
0 39 5 26.672184 0 0
0 38 6 168.923828 0 0
0 39 6 257.831085 0 0
0 42 6 108.762207 0 0
0 19 7 586.370178 0 0
0 30 7 255.354752 0 0
0 35 7 14.186375 0 0
0 38 7 9.457582 0 0
0 39 7 236.439560 0 0
0 40 7 52.016701 0 0
0 42 7 794.437012 0 0
0 38 8 42.559120 0 0
0 39 8 9.457582 0 0
0 42 8 61.474293 0 0
0 1 9 586.370178 0 0
0 7 9 146.592545 0 0
0 19 9 23.643959 0 0
0 23 9 18.915165 0 0
0 33 9 23.643959 0 0
0 35 9 52.016701 0 0
0 36 9 4.728791 0 0
0 37 9 217.524414 0 0
0 38 9 14.186375 0 0
0 39 9 61.474293 0 0
0 42 9 160.778915 0 0
3 25 9 435.048828 0 0
0 9 10 179.694077 0 0
0 11 10 28.372749 0 0
0 19 10 9.457582 0 0
0 35 10 61.474293 0 0
0 38 10 14.186375 0 0
0 39 10 321.557831 0 0
0 40 10 293.185089 0 0
0 42 10 37.830330 0 0
0 45 10 397.218506 0 0
0 22 11 66.203087 0 0
0 23 11 28.372749 0 0
0 35 11 66.203087 0 0
0 36 11 70.931870 0 0
0 38 11 9.457582 0 0
0 39 11 18.915165 0 0
0 40 11 137.134949 0 0
0 35 12 42.559120 0 0
0 38 12 18.915165 0 0
0 39 12 61.474293 0 0
0 42 12 56.745499 0 0
0 35 13 42.559120 0 0
0 39 13 14.186375 0 0
0 42 13 146.592545 0 0
0 45 13 37.830330 0 0
0 27 14 33.101543 0 0
0 35 14 66.203087 0 0
0 42 14 37.830330 0 0
3 24 14 118.219780 0 0
0 15 15 28.372749 0 0
0 35 15 14.186375 0 0
0 39 15 14.186375 0 0
0 42 15 160.778915 0 0
0 38 16 70.931870 0 0
0 35 17 33.101543 0 0
0 36 17 37.830330 0 0
0 40 17 33.101543 0 0
0 35 19 28.372749 0 0
0 44 19 14.186375 0 0
0 0 20 137.134949 0 0
0 33 20 4.728791 1 0
0 19 0 42.559120 0 0
0 19 1 9.457582 0 0
0 19 2 9.457582 0 0
0 38 2 3.136544 0 0
0 19 3 13.312544 0 0
0 38 3 48.415634 0 0
0 18 4 2.847978 0 0
0 19 4 26.099331 0 0
0 15 5 75.035583 0 0
0 19 5 3.735510 0 0
0 23 5 156.891434 0 0
0 38 5 48.898998 0 0
0 18 6 35.562908 0 0
0 19 6 4.445364 0 0
0 38 6 186.705292 0 0
0 39 6 56.745499 0 0
0 40 6 359.388153 0 0
1 45 6 160.778915 0 0
0 15 7 255.354752 0 0
0 18 7 42.559120 0 0
0 19 7 42.559120 0 0
0 26 7 4.728791 0 0
0 38 7 198.609253 0 0
3 12 7 33.101543 0 0
0 9 8 643.115662 0 0
0 11 8 14.186375 0 0
0 19 8 42.559120 0 0
0 38 8 718.776306 0 0
0 15 9 146.592545 0 0
0 19 9 99.304626 0 0
0 25 9 127.677376 0 0
0 35 9 37.830330 0 0
0 38 9 9.457582 0 0
0 42 9 435.048828 0 0
0 43 9 14.186375 0 0
0 9 10 42.559120 0 0
0 10 10 23.643959 0 0
0 15 10 33.101543 0 0
0 18 10 18.915165 0 0
0 19 10 42.559120 0 0
0 35 10 217.524414 0 0
0 38 10 9.457582 0 0
0 45 10 89.847038 0 0
5 44 10 18.915165 0 0
0 15 11 70.931870 0 0
0 19 11 198.609253 0 0
0 25 11 14.186375 0 0
0 38 11 397.218506 0 0
0 11 12 23.643959 0 0
0 15 12 89.847038 0 0
0 19 12 217.524414 0 0
0 23 12 14.186375 0 0
0 38 12 14.186375 0 0
0 42 12 89.847038 0 0
0 10 13 80.389458 0 0
0 23 13 4.728791 0 0
0 38 13 80.389458 0 0
0 38 14 23.643959 0 0
0 42 14 4.728791 0 0
0 6 15 14.186375 0 0
0 11 15 47.287918 0 0
0 15 15 52.016701 0 0
0 19 15 18.915165 0 0
0 38 15 47.287918 0 0
0 14 16 70.931870 0 0
0 23 16 61.474293 0 0
0 23 17 4.728791 0 0
0 25 17 28.372749 0 0
0 42 19 9.457582 0 0
0 41 21 18.915165 0 0
0 11 23 12.769663 0 0
0 11 25 23.978762 1 0
0 14 0 18.677551 0 0
0 14 1 33.101543 0 0
0 15 1 18.915165 0 0
0 14 2 4.728791 0 0
0 14 3 80.389458 0 0
0 15 3 56.745499 0 0
0 14 4 4.728791 0 0
0 21 4 23.978762 0 0
4 30 4 14.186375 0 0
0 14 5 10.455146 0 0
0 15 5 7.607167 0 0
0 8 6 5.705375 0 0
0 14 6 39.871696 0 0
0 18 6 26.099331 0 0
0 10 7 110.922165 0 0
0 14 7 201.717545 0 0
0 9 8 11.206531 0 0
0 10 8 275.612579 0 0
0 14 8 26.672184 0 0
0 15 8 14.186375 0 0
0 18 8 643.115662 0 0
0 14 9 9.457582 0 0
0 15 9 4.728791 0 0
0 19 9 359.388153 0 0
0 26 9 42.559120 0 0
0 13 10 14.186375 0 0
0 14 10 510.709503 0 0
0 15 10 61.474293 0 0
0 17 10 137.134949 0 0
0 18 10 586.370178 0 0
0 19 10 198.609253 0 0
0 45 10 14.186375 0 0
4 26 10 9.457582 0 0
6 34 10 28.372749 0 0
0 10 11 643.115662 0 0
0 14 11 70.931870 0 0
0 18 11 23.643959 0 0
0 39 11 179.694077 0 0
0 42 11 28.372749 0 0
0 10 12 18.915165 0 0
0 13 12 37.830330 0 0
0 14 12 643.115662 0 0
0 15 12 23.643959 0 0
0 18 12 4.728791 0 0
0 19 12 23.643959 0 0
0 20 12 61.474293 0 0
6 7 12 9.457582 0 0
0 10 13 321.557831 0 0
0 13 13 137.134949 0 0
0 14 13 160.778915 0 0
0 15 13 9.457582 0 0
5 43 13 14.186375 0 0
0 10 14 9.457582 0 0
0 14 14 9.457582 0 0
0 17 14 359.388153 0 0
0 18 14 52.016701 0 0
0 22 14 14.186375 0 0
0 4 15 52.016701 0 0
0 14 15 4.728791 0 0
0 18 15 47.287918 0 0
0 38 15 9.457582 0 0
5 47 15 18.915165 0 0
0 9 16 33.101543 0 0
0 14 16 14.186375 0 0
0 14 17 18.915165 0 0
0 15 17 14.186375 0 0
0 18 17 70.931870 0 0
0 8 18 89.847038 0 0
1 7 19 66.203087 0 0
0 11 21 18.915165 0 0
6 36 22 28.372749 0 0
6 11 25 217.524414 1 0
0 39 0 14.186375 0 0
0 39 1 16.312084 0 0
0 18 2 4.728791 0 0
0 19 2 9.457582 0 0
0 39 2 80.389458 0 0
0 42 2 2.091029 0 0
0 39 3 3.803583 0 0
0 42 3 28.479784 0 0
3 25 3 59.807549 0 0
0 23 4 22.783827 0 0
0 39 4 28.479784 0 0
0 42 4 221.844330 0 0
0 35 5 26.099331 0 0
0 38 5 18.677551 0 0
0 39 5 313.782867 0 0
0 42 5 283.898743 0 0
0 45 5 151.142380 0 0
0 35 6 48.898998 0 0
0 36 6 373.410583 0 0
0 39 6 444.536346 0 0
0 40 6 53.344368 0 0
0 42 6 56.745499 0 0
0 43 6 9.457582 0 0
3 20 6 255.354752 0 0
0 15 7 4.728791 0 0
0 23 7 359.388153 0 0
0 26 7 14.186375 0 0
0 27 7 18.915165 0 0
0 35 7 70.931870 0 0
0 36 7 80.389458 0 0
0 38 7 14.186375 0 0
0 39 7 70.931870 0 0
0 40 7 28.372749 0 0
0 42 7 61.474293 0 0
0 43 7 510.709503 0 0
0 45 7 23.643959 0 0
1 3 7 321.557831 0 0
1 32 7 4.728791 0 0
0 18 8 4.728791 0 0
0 26 8 4.728791 0 0
0 27 8 89.847038 0 0
0 35 8 4.728791 0 0
0 38 8 80.389458 0 0
0 39 8 14.186375 0 0
0 42 8 435.048828 0 0
0 43 8 397.218506 0 0
0 44 8 23.643959 0 0
0 1 9 9.457582 0 0
0 19 9 47.287918 0 0
0 22 9 99.304626 0 0
0 24 9 4.728791 0 0
0 38 9 9.457582 0 0
0 39 9 137.134949 0 0
0 42 9 435.048828 0 0
0 19 10 47.287918 0 0
0 23 10 14.186375 0 0
0 35 10 28.372749 0 0
0 38 10 14.186375 0 0
0 39 10 146.592545 0 0
0 42 10 198.609253 0 0
0 43 10 108.762207 0 0
0 45 10 52.016701 0 0
0 23 11 14.186375 0 0
0 33 11 28.372749 0 0
0 39 11 70.931870 0 0
0 43 11 217.524414 0 0
0 10 12 18.915165 0 0
0 11 12 4.728791 0 0
0 19 12 47.287918 0 0
0 35 12 33.101543 0 0
0 36 12 9.457582 0 0
0 39 12 23.643959 0 0
0 42 12 4.728791 0 0
0 45 12 23.643959 0 0
0 18 13 42.559120 0 0
0 19 13 9.457582 0 0
0 39 13 80.389458 0 0
0 43 13 28.372749 0 0
0 39 14 14.186375 0 0
0 42 14 127.677376 0 0
0 18 15 33.101543 0 0
0 39 15 18.915165 0 0
0 43 15 52.016701 0 0
6 34 16 33.101543 0 0
0 42 17 9.457582 1 0
0 14 0 9.457582 0 0
0 14 1 89.847038 0 0
0 14 2 3.136544 0 0
0 14 3 5.705375 0 0
0 14 4 39.871696 0 0
0 14 5 55.461082 0 0
0 13 6 127.007339 0 0
0 14 6 515.662170 0 0
0 18 6 42.559120 0 0
0 22 6 1097.079590 0 0
0 9 7 23.643959 0 0
0 14 7 14.186375 0 0
0 18 7 4.728791 0 0
0 9 8 718.776306 0 0
0 13 8 9.457582 0 0
0 14 8 37.830330 0 0
0 15 8 146.592545 0 0
0 18 8 794.437012 0 0
0 5 9 89.847038 0 0
0 10 9 47.287918 0 0
0 13 9 28.372749 0 0
0 14 9 9.457582 0 0
0 10 10 23.643959 0 0
0 13 10 718.776306 0 0
0 14 10 33.101543 0 0
0 17 10 127.677376 0 0
0 18 10 510.709503 0 0
0 10 11 61.474293 0 0
0 11 11 28.372749 0 0
0 13 11 4.728791 0 0
0 14 11 70.931870 0 0
0 15 11 9.457582 0 0
0 17 11 472.879120 0 0
0 18 11 70.931870 0 0
0 21 11 4.728791 0 0
0 35 11 52.016701 0 0
0 38 11 18.915165 0 0
0 39 11 9.457582 0 0
0 42 11 4.728791 0 0
0 10 12 28.372749 0 0
0 13 12 9.457582 0 0
0 14 12 4.728791 0 0
0 16 12 9.457582 0 0
0 18 12 217.524414 0 0
0 9 13 4.728791 0 0
0 14 13 47.287918 0 0
0 13 14 28.372749 0 0
0 14 14 236.439560 0 0
0 15 14 61.474293 0 0
0 17 14 42.559120 0 0
0 20 14 14.186375 0 0
0 14 15 18.915165 0 0
0 15 15 52.016701 0 0
0 18 15 89.847038 0 0
0 14 16 28.372749 0 0
6 6 17 274.269897 0 0
0 5 19 23.643959 0 0
0 15 19 66.203087 0 0
0 10 20 9.457582 0 0
2 8 20 14.186375 1 1
