-2.407932 -12.511982 8.364117 0 0 0
2.407932 -12.511982 3.803583 1 0 0
77.053825 -33.365284 2.847978 2 0 0
-2.407932 -12.511982 28.479784 2 0 0
2.407932 -12.511982 42.411415 3 0 0
-9.631728 8.341321 18.677551 4 0 0
-2.407932 -12.511982 171.833466 4 0 0
-48.158642 33.365284 13.336092 5 0 0
2.407932 -12.511982 515.662170 5 0 0
-31.303116 -4.170660 4.728791 6 0 0
-2.407932 -12.511982 548.539795 6 0 0
-48.158642 33.365284 9.457582 7 0 0
38.526913 16.682642 28.372749 7 0 0
2.407932 -12.511982 945.758240 7 0 0
2.407932 -37.535946 28.372749 7 0 0
-30.367563 -119.328735 18.915165 8 0 0
-52.974503 -16.682642 14.186375 8 0 0
-31.303116 -4.170660 56.745499 8 0 0
-9.631728 8.341321 9.457582 8 0 0
12.039660 4.170660 70.931870 8 0 0
33.711048 -8.341321 18.915165 8 0 0
-24.079321 -25.023964 56.745499 8 0 0
-24.079321 -50.047928 28.372749 8 0 0
-2.407932 -12.511982 945.758240 8 0 0
-2.407932 -37.535946 56.745499 8 0 0
-69.830025 -29.194624 23.643959 9 0 0
-48.158642 33.365284 4.728791 9 0 0
-48.158642 -16.682642 33.101543 9 0 0
-4.815864 8.341321 14.186375 9 0 0
16.855524 29.194624 33.101543 9 0 0
16.855524 4.170660 23.643959 9 0 0
-19.263456 -25.023964 99.304626 9 0 0
2.407932 -12.511982 870.097656 9 0 0
24.079321 -25.023964 66.203087 9 0 0
-160.395889 -102.646088 4.728791 10 0 0
-31.303116 20.853302 37.830330 10 0 0
-9.631728 8.341321 52.016701 10 0 0
-2.407932 -12.511982 472.879120 10 0 0
19.263456 -25.023964 137.134949 10 0 0
19.263456 -50.047928 14.186375 10 0 0
-68.894478 -69.280807 4.728791 11 0 0
-4.815864 33.365284 47.287918 11 0 0
-4.815864 8.341321 23.643959 11 0 0
16.855524 4.170660 70.931870 11 0 0
-19.263456 -25.023964 99.304626 11 0 0
2.407932 -12.511982 435.048828 11 0 0
-31.303116 20.853302 70.931870 12 0 0
12.039660 4.170660 99.304626 12 0 0
-2.407932 -12.511982 359.388153 12 0 0
-2.407932 -37.535946 14.186375 12 0 0
-19.263456 -25.023964 28.372749 13 0 0
2.407932 -12.511982 56.745499 13 0 0
-52.974503 8.341321 18.915165 14 0 0
-31.303116 -4.170660 52.016701 14 0 0
-2.407932 -37.535946 89.847038 14 0 0
19.263456 -25.023964 33.101543 14 0 0
-26.487251 45.877266 42.559120 15 0 0
-26.487251 20.853302 18.915165 15 0 0
-4.815864 8.341321 52.016701 15 0 0
38.526913 -8.341321 9.457582 15 0 0
2.407932 -12.511982 28.372749 15 0 0
19.263456 -25.023964 18.915165 16 0 0
67.422096 -50.047928 23.643959 19 1 0
19.263456 -25.023964 7.318602 0 0 0
24.079321 -25.023964 3.803583 1 0 0
19.263456 -25.023964 5.695957 2 0 0
19.263456 -75.071892 59.807549 2 0 0
2.407932 -37.535946 22.836916 3 0 0
24.079321 -25.023964 94.610069 3 0 0
-2.407932 -37.535946 186.775482 4 0 0
19.263456 -25.023964 127.007339 4 0 0
19.263456 -50.047928 14.942039 4 0 0
2.407932 -12.511982 4.445364 5 0 0
2.407932 -37.535946 168.923828 5 0 0
24.079321 -25.023964 275.612579 5 0 0
55.382435 -20.853302 47.287918 6 0 0
-24.079321 -25.023964 42.559120 6 0 0
-2.407932 -37.535946 359.388153 6 0 0
19.263456 -25.023964 643.115662 6 0 0
19.263456 -50.047928 4.728791 6 0 0
-4.815864 8.341321 4.728791 7 0 0
2.407932 -12.511982 14.186375 7 0 0
2.407932 -37.535946 274.269897 7 0 0
24.079321 -25.023964 179.694077 7 0 0
-31.303116 -4.170660 33.101543 8 0 0
-2.407932 -12.511982 397.218506 8 0 0
-2.407932 -37.535946 236.439560 8 0 0
19.263456 -25.023964 510.709503 8 0 0
37.591358 -115.158073 9.457582 9 0 0
-26.487251 -4.170660 42.559120 9 0 0
16.855524 4.170660 23.643959 9 0 0
38.526913 -8.341321 9.457582 9 0 0
-19.263456 -25.023964 42.559120 9 0 0
2.407932 -12.511982 37.830330 9 0 0
2.407932 -37.535946 586.370178 9 0 0
2.407932 -62.559910 4.728791 9 0 0
24.079321 -25.023964 255.354752 9 0 0
125.749290 -37.535946 47.287918 10 0 0
-31.303116 -4.170660 18.915165 10 0 0
77.053825 41.706604 18.915165 10 0 0
-2.407932 -12.511982 137.134949 10 0 0
-2.407932 -37.535946 472.879120 10 0 0
19.263456 -25.023964 397.218506 10 0 0
19.263456 -50.047928 118.219780 10 0 0
40.934845 -62.559910 14.186375 10 0 0
-68.894478 -94.304771 14.186375 11 0 0
-19.263456 -25.023964 89.847038 11 0 0
-19.263456 -50.047928 66.203087 11 0 0
2.407932 -12.511982 80.389458 11 0 0
2.407932 -37.535946 89.847038 11 0 0
24.079321 -25.023964 137.134949 11 0 0
24.079321 -50.047928 18.915165 11 0 0
-24.079321 -25.023964 37.830330 12 0 0
-24.079321 -50.047928 23.643959 12 0 0
-2.407932 -37.535946 80.389458 12 0 0
19.263456 -25.023964 217.524414 12 0 0
40.934845 -37.535946 4.728791 12 0 0
-26.487251 -4.170660 56.745499 13 0 0
-4.815864 8.341321 56.745499 13 0 0
16.855524 4.170660 23.643959 13 0 0
-19.263456 -50.047928 33.101543 13 0 0
2.407932 -12.511982 23.643959 13 0 0
2.407932 -37.535946 99.304626 13 0 0
24.079321 -25.023964 42.559120 13 0 0
24.079321 -50.047928 33.101543 13 0 0
45.750710 -62.559910 42.559120 13 0 0
32.775497 -140.182037 18.915165 14 0 0
12.039660 4.170660 18.915165 14 0 0
-24.079321 -25.023964 42.559120 14 0 0
-2.407932 -37.535946 70.931870 14 0 0
19.263456 -25.023964 28.372749 14 0 0
38.526913 -8.341321 23.643959 15 0 0
-40.934845 -62.559910 9.457582 15 0 0
2.407932 -12.511982 14.186375 15 0 0
2.407932 -87.583870 61.474293 15 0 0
24.079321 -25.023964 70.931870 15 0 0
-19.263456 -25.023964 23.643959 17 0 0
2.407932 -37.535946 42.559120 17 0 0
19.263456 -50.047928 23.643959 18 0 0
-89.630310 -8.341321 52.016701 19 0 0
-26.487251 45.877266 14.186375 19 0 0
2.407932 -62.559910 23.643959 19 1 0
-94.446175 -8.341321 8.364117 0 0 0
-9.631728 33.365284 3.136544 0 0 0
-4.815864 33.365284 3.803583 1 0 0
-9.631728 33.365284 28.479784 2 0 0
12.039660 4.170660 8.543936 2 0 0
-48.158642 -16.682642 3.262416 3 0 0
-4.815864 33.365284 45.673832 3 0 0
-9.631728 33.365284 201.717545 4 0 0
-9.631728 8.341321 18.677551 4 0 0
12.039660 54.218586 14.942039 4 0 0
-89.630310 16.682642 8.890727 5 0 0
-4.815864 33.365284 675.695312 5 0 0
-31.303116 45.877266 23.643959 6 0 0
-31.303116 -4.170660 14.186375 6 0 0
-9.631728 33.365284 510.709503 6 0 0
-9.631728 8.341321 236.439560 6 0 0
33.711048 16.682642 52.016701 6 0 0
55.382435 29.194624 4.728791 6 0 0
-26.487251 20.853302 108.762207 7 0 0
-4.815864 33.365284 718.776306 7 0 0
-4.815864 8.341321 80.389458 7 0 0
16.855524 4.170660 4.728791 7 0 0
-31.303116 45.877266 14.186375 8 0 0
-31.303116 20.853302 28.372749 8 0 0
-9.631728 33.365284 718.776306 8 0 0
-9.631728 8.341321 217.524414 8 0 0
12.039660 29.194624 89.847038 8 0 0
12.039660 4.170660 14.186375 8 0 0
33.711048 16.682642 61.474293 8 0 0
88.157928 85.963448 9.457582 9 0 0
-26.487251 20.853302 89.847038 9 0 0
-4.815864 58.389248 18.915165 9 0 0
-4.815864 33.365284 236.439560 9 0 0
-4.815864 8.341321 198.609253 9 0 0
16.855524 29.194624 28.372749 9 0 0
-117.053116 -102.646088 14.186375 10 0 0
-31.303116 70.901230 4.728791 10 0 0
-31.303116 20.853302 42.559120 10 0 0
-31.303116 -4.170660 61.474293 10 0 0
-9.631728 33.365284 217.524414 10 0 0
-9.631728 8.341321 118.219780 10 0 0
130.565155 -62.559910 61.474293 11 0 0
-48.158642 33.365284 4.728791 11 0 0
-26.487251 20.853302 397.218506 11 0 0
-4.815864 33.365284 198.609253 11 0 0
-4.815864 8.341321 18.915165 11 0 0
16.855524 4.170660 47.287918 11 0 0
-19.263456 -25.023964 28.372749 11 0 0
-31.303116 70.901230 14.186375 12 0 0
-9.631728 33.365284 23.643959 12 0 0
-9.631728 8.341321 14.186375 12 0 0
12.039660 4.170660 9.457582 12 0 0
108.893768 -50.047928 28.372749 13 0 0
-26.487251 -4.170660 42.559120 13 0 0
-4.815864 83.413208 9.457582 13 0 0
-4.815864 58.389248 9.457582 13 0 0
-4.815864 33.365284 80.389458 13 0 0
38.526913 16.682642 42.559120 13 0 0
38.526913 -8.341321 33.101543 13 0 0
97.789658 -69.280807 42.559120 14 0 0
-9.631728 58.389248 33.101543 14 0 0
-9.631728 33.365284 66.203087 14 0 0
-9.631728 8.341321 14.186375 14 0 0
12.039660 29.194624 14.186375 14 0 0
33.711048 16.682642 14.186375 14 0 0
101.669975 45.877266 18.915165 15 0 0
-26.487251 45.877266 33.101543 15 0 0
-4.815864 33.365284 9.457582 15 0 0
38.526913 41.706604 28.372749 15 0 0
-31.303116 20.853302 33.101543 16 0 0
-31.303116 -4.170660 37.830330 16 0 0
-26.487251 45.877266 61.474293 17 0 0
-26.487251 20.853302 42.559120 17 0 0
-4.815864 33.365284 9.457582 17 0 0
33.711048 16.682642 89.847038 18 0 0
-74.645889 20.853302 47.287918 20 1 0
-9.631728 33.365284 4.182058 0 0 0
12.039660 29.194624 1.045515 0 0 0
-4.815864 33.365284 5.705375 1 0 0
-4.815864 8.341321 3.803583 1 0 0
-9.631728 33.365284 5.695957 2 0 0
-9.631728 8.341321 14.239892 2 0 0
12.039660 29.194624 14.239892 2 0 0
-4.815864 33.365284 55.461082 3 0 0
-9.631728 33.365284 216.659576 4 0 0
-9.631728 8.341321 33.619587 4 0 0
12.039660 29.194624 22.413061 4 0 0
-26.487251 20.853302 22.226820 5 0 0
-4.815864 33.365284 480.099335 5 0 0
-4.815864 8.341321 22.226820 5 0 0
11.104108 -127.670052 9.457582 6 0 0
-9.631728 33.365284 359.388153 6 0 0
-9.631728 8.341321 146.592545 6 0 0
12.039660 54.218586 4.728791 6 0 0
12.039660 29.194624 293.185089 6 0 0
12.039660 4.170660 42.559120 6 0 0
-4.815864 33.365284 548.539795 7 0 0
-4.815864 8.341321 255.354752 7 0 0
16.855524 29.194624 47.287918 7 0 0
16.855524 4.170660 9.457582 7 0 0
-19.263456 -75.071892 14.186375 7 0 0
-9.631728 33.365284 643.115662 8 0 0
-9.631728 8.341321 321.557831 8 0 0
12.039660 54.218586 61.474293 8 0 0
12.039660 29.194624 179.694077 8 0 0
12.039660 4.170660 99.304626 8 0 0
33.711048 41.706604 14.186375 8 0 0
33.711048 16.682642 18.915165 8 0 0
-39.999290 85.963448 47.287918 9 0 0
-18.327904 98.475433 37.830330 9 0 0
-26.487251 20.853302 9.457582 9 0 0
-4.815864 33.365284 472.879120 9 0 0
-4.815864 8.341321 293.185089 9 0 0
16.855524 54.218586 9.457582 9 0 0
16.855524 29.194624 108.762207 9 0 0
-9.631728 83.413208 14.186375 10 0 0
-9.631728 33.365284 274.269897 10 0 0
-9.631728 8.341321 28.372749 10 0 0
12.039660 29.194624 198.609253 10 0 0
33.711048 -8.341321 4.728791 10 0 0
-4.815864 58.389248 18.915165 11 0 0
-4.815864 33.365284 160.778915 11 0 0
-4.815864 8.341321 70.931870 11 0 0
16.855524 29.194624 14.186375 11 0 0
38.526913 41.706604 14.186375 11 0 0
2.407932 -12.511982 14.186375 11 0 0
-9.631728 8.341321 137.134949 12 0 0
12.039660 29.194624 14.186375 12 0 0
-4.815864 58.389248 42.559120 13 0 0
-4.815864 33.365284 61.474293 13 0 0
16.855524 54.218586 56.745499 13 0 0
-40.934845 -37.535946 9.457582 13 0 0
-19.263456 -25.023964 14.186375 13 0 0
-9.631728 58.389248 70.931870 14 0 0
-9.631728 8.341321 9.457582 14 0 0
12.039660 4.170660 28.372749 14 0 0
88.157928 110.987411 9.457582 15 0 0
-26.487251 45.877266 37.830330 15 0 0
-4.815864 33.365284 4.728791 15 0 0
-26.487251 20.853302 4.728791 17 0 0
-4.815864 83.413208 9.457582 17 0 0
-24.079321 -50.047928 42.559120 18 0 0
-24.079321 -75.071892 80.389458 18 0 0
-25.551701 127.670052 18.915165 19 1 0
-9.631728 33.365284 5.227573 0 0 0
-4.815864 33.365284 15.214334 1 0 0
-9.631728 33.365284 28.479784 2 0 0
12.039660 29.194624 5.695957 2 0 0
-4.815864 33.365284 110.922165 3 0 0
-9.631728 33.365284 108.329788 4 0 0
-4.815864 33.365284 373.410583 5 0 0
16.855524 29.194624 13.336092 5 0 0
-9.631728 33.365284 718.776306 6 0 0
-4.815864 33.365284 794.437012 7 0 0
-31.303116 -4.170660 4.728791 8 0 0
-9.631728 33.365284 794.437012 8 0 0
-9.631728 8.341321 52.016701 8 0 0
12.039660 54.218586 18.915165 8 0 0
12.039660 29.194624 89.847038 8 0 0
33.711048 41.706604 37.830330 8 0 0
-69.830025 45.877266 9.457582 9 0 0
-26.487251 45.877266 28.372749 9 0 0
-26.487251 20.853302 179.694077 9 0 0
-4.815864 83.413208 42.559120 9 0 0
-4.815864 58.389248 52.016701 9 0 0
-4.815864 33.365284 1097.079590 9 0 0
-52.974503 8.341321 99.304626 10 0 0
-31.303116 45.877266 14.186375 10 0 0
-31.303116 20.853302 9.457582 10 0 0
-9.631728 58.389248 33.101543 10 0 0
-9.631728 33.365284 794.437012 10 0 0
-9.631728 8.341321 108.762207 10 0 0
33.711048 41.706604 9.457582 10 0 0
33.711048 16.682642 14.186375 10 0 0
55.382435 4.170660 4.728791 10 0 0
-26.487251 20.853302 80.389458 11 0 0
-26.487251 -4.170660 179.694077 11 0 0
-4.815864 58.389248 42.559120 11 0 0
-4.815864 33.365284 548.539795 11 0 0
-4.815864 8.341321 179.694077 11 0 0
38.526913 -8.341321 37.830330 11 0 0
-74.645889 -29.194624 4.728791 12 0 0
-52.974503 58.389248 23.643959 12 0 0
-52.974503 33.365284 66.203087 12 0 0
-31.303116 -4.170660 14.186375 12 0 0
-9.631728 33.365284 179.694077 12 0 0
-9.631728 8.341321 9.457582 12 0 0
-39.999290 110.987411 37.830330 13 0 0
-4.815864 33.365284 80.389458 13 0 0
-4.815864 8.341321 23.643959 13 0 0
38.526913 -8.341321 9.457582 13 0 0
2.407932 -37.535946 179.694077 13 0 0
-9.631728 33.365284 33.101543 14 0 0
-9.631728 8.341321 23.643959 14 0 0
12.039660 54.218586 14.186375 14 0 0
12.039660 4.170660 42.559120 14 0 0
-61.670681 98.475433 9.457582 15 0 0
-4.815864 33.365284 127.677376 15 0 0
16.855524 29.194624 23.643959 15 0 0
12.039660 79.242554 14.186375 16 0 0
12.039660 4.170660 14.186375 16 0 0
33.711048 66.730568 14.186375 16 0 0
33.711048 -8.341321 89.847038 18 0 0
-61.670681 98.475433 87.922127 25 0 0
-9.631728 83.413208 111.900894 26 1 0
-2.407932 -37.535946 2.091029 0 0 0
2.407932 -37.535946 3.803583 1 0 0
-2.407932 -37.535946 48.415634 2 0 0
19.263456 -75.071892 11.391913 2 0 0
-19.263456 -75.071892 13.049665 3 0 0
2.407932 -37.535946 123.971832 3 0 0
-2.407932 -37.535946 463.203247 4 0 0
38.526913 -8.341321 8.890727 5 0 0
-19.263456 -25.023964 22.226820 5 0 0
2.407932 -12.511982 26.672184 5 0 0
2.407932 -37.535946 675.695312 5 0 0
77.053825 -8.341321 9.457582 6 0 0
-2.407932 -37.535946 1021.419006 6 0 0
19.263456 -25.023964 37.830330 6 0 0
2.407932 -12.511982 4.728791 7 0 0
2.407932 -37.535946 1172.740356 7 0 0
24.079321 -25.023964 14.186375 7 0 0
45.750710 -37.535946 33.101543 7 0 0
-137.788956 66.730568 33.101543 8 0 0
-2.407932 -12.511982 118.219780 8 0 0
-2.407932 -37.535946 718.776306 8 0 0
19.263456 -25.023964 47.287918 8 0 0
19.263456 -50.047928 14.186375 8 0 0
19.263456 -75.071892 28.372749 8 0 0
-40.934845 -37.535946 9.457582 9 0 0
-19.263456 -25.023964 14.186375 9 0 0
-19.263456 -75.071892 118.219780 9 0 0
2.407932 -12.511982 14.186375 9 0 0
2.407932 -37.535946 643.115662 9 0 0
54.446884 -127.670052 4.728791 10 0 0
-31.303116 -4.170660 18.915165 10 0 0
55.382435 -20.853302 9.457582 10 0 0
-24.079321 -25.023964 14.186375 10 0 0
-24.079321 -50.047928 18.915165 10 0 0
-2.407932 -37.535946 359.388153 10 0 0
-2.407932 -87.583870 37.830330 10 0 0
19.263456 -25.023964 160.778915 10 0 0
19.263456 -75.071892 61.474293 10 0 0
16.855524 29.194624 18.915165 11 0 0
-40.934845 -37.535946 14.186375 11 0 0
-19.263456 -25.023964 28.372749 11 0 0
-19.263456 -50.047928 61.474293 11 0 0
2.407932 -12.511982 28.372749 11 0 0
2.407932 -37.535946 397.218506 11 0 0
24.079321 -25.023964 56.745499 11 0 0
33.711048 -8.341321 118.219780 12 0 0
-45.750710 -37.535946 23.643959 12 0 0
-24.079321 -25.023964 14.186375 12 0 0
-2.407932 -12.511982 23.643959 12 0 0
-2.407932 -37.535946 146.592545 12 0 0
-2.407932 -62.559910 52.016701 12 0 0
19.263456 -75.071892 9.457582 12 0 0
40.934845 -37.535946 23.643959 12 0 0
-26.487251 20.853302 42.559120 13 0 0
-19.263456 -25.023964 52.016701 13 0 0
-19.263456 -50.047928 28.372749 13 0 0
2.407932 -37.535946 127.677376 13 0 0
2.407932 -62.559910 42.559120 13 0 0
24.079321 -75.071892 42.559120 13 0 0
45.750710 -62.559910 14.186375 13 0 0
33.711048 66.730568 23.643959 14 0 0
-45.750710 -37.535946 14.186375 14 0 0
-24.079321 -50.047928 9.457582 14 0 0
-24.079321 -75.071892 9.457582 14 0 0
-2.407932 -37.535946 70.931870 14 0 0
-2.407932 -62.559910 18.915165 14 0 0
-48.158642 -16.682642 42.559120 15 0 0
2.407932 -12.511982 9.457582 15 0 0
2.407932 -37.535946 28.372749 15 0 0
-52.038952 -81.792786 9.457582 16 0 0
-2.407932 -37.535946 33.101543 16 0 0
162.803818 -131.840714 79.929207 24 1 0
-66.486542 73.451469 8.364117 0 0 0
-2.407932 -12.511982 2.091029 0 0 0
-19.263456 -25.023964 3.803583 1 0 0
-2.407932 -12.511982 5.695957 2 0 0
-19.263456 -25.023964 123.971832 3 0 0
2.407932 -12.511982 32.624168 3 0 0
2.407932 -62.559910 9.787251 3 0 0
-24.079321 -25.023964 63.503670 4 0 0
-2.407932 -12.511982 231.601624 4 0 0
-2.407932 -37.535946 41.090607 4 0 0
145.012741 -4.170660 8.890727 5 0 0
102.605522 -69.280807 26.672184 5 0 0
-26.487251 -4.170660 22.226820 5 0 0
-19.263456 -25.023964 337.847656 5 0 0
2.407932 -12.511982 337.847656 5 0 0
-95.381729 -65.110146 4.728791 6 0 0
33.711048 16.682642 14.186375 6 0 0
-24.079321 -25.023964 274.269897 6 0 0
-2.407932 -12.511982 718.776306 6 0 0
-2.407932 -37.535946 127.677376 6 0 0
-26.487251 -4.170660 61.474293 7 0 0
16.855524 4.170660 33.101543 7 0 0
-19.263456 -25.023964 359.388153 7 0 0
-19.263456 -50.047928 37.830330 7 0 0
2.407932 -12.511982 510.709503 7 0 0
2.407932 -37.535946 61.474293 7 0 0
-9.631728 8.341321 61.474293 8 0 0
-45.750710 -37.535946 9.457582 8 0 0
-24.079321 -25.023964 321.557831 8 0 0
-24.079321 -50.047928 61.474293 8 0 0
-2.407932 -12.511982 510.709503 8 0 0
-2.407932 -37.535946 42.559120 8 0 0
-2.407932 -62.559910 9.457582 8 0 0
19.263456 -25.023964 99.304626 8 0 0
-19.263456 -25.023964 548.539795 9 0 0
-19.263456 -50.047928 4.728791 9 0 0
2.407932 -12.511982 37.830330 9 0 0
24.079321 -25.023964 61.474293 9 0 0
125.749290 -62.559910 4.728791 10 0 0
-24.079321 -25.023964 293.185089 10 0 0
-2.407932 -12.511982 472.879120 10 0 0
-2.407932 -37.535946 89.847038 10 0 0
19.263456 -25.023964 47.287918 10 0 0
40.934845 -62.559910 80.389458 10 0 0
16.855524 4.170660 14.186375 11 0 0
60.198299 -20.853302 14.186375 11 0 0
-40.934845 -37.535946 37.830330 11 0 0
-19.263456 -25.023964 397.218506 11 0 0
2.407932 -12.511982 4.728791 11 0 0
2.407932 -37.535946 4.728791 11 0 0
2.407932 -62.559910 18.915165 11 0 0
-31.303116 -4.170660 9.457582 12 0 0
-9.631728 8.341321 37.830330 12 0 0
-45.750710 -37.535946 61.474293 12 0 0
-24.079321 -25.023964 56.745499 12 0 0
-2.407932 -12.511982 52.016701 12 0 0
-2.407932 -37.535946 37.830330 12 0 0
-26.487251 -4.170660 18.915165 13 0 0
-4.815864 8.341321 14.186375 13 0 0
-19.263456 -25.023964 118.219780 13 0 0
2.407932 -12.511982 217.524414 13 0 0
2.407932 -37.535946 18.915165 13 0 0
45.750710 -37.535946 4.728791 13 0 0
-52.038952 -81.792786 23.643959 14 0 0
-24.079321 -25.023964 37.830330 14 0 0
-2.407932 -12.511982 66.203087 14 0 0
19.263456 -25.023964 18.915165 14 0 0
-4.815864 8.341321 56.745499 15 0 0
38.526913 16.682642 56.745499 15 0 0
-19.263456 -25.023964 108.762207 15 0 0
-19.263456 -50.047928 4.728791 15 0 0
2.407932 -12.511982 127.677376 15 0 0
-52.974503 -16.682642 33.101543 16 0 0
-24.079321 -25.023964 47.287918 16 0 0
-2.407932 -12.511982 9.457582 16 0 0
40.934845 -37.535946 33.101543 16 0 0
-132.973083 41.706604 28.372749 17 0 0
-111.301697 4.170660 4.728791 17 0 0
-69.830025 20.853302 9.457582 17 0 0
-19.263456 -25.023964 99.304626 17 0 0
2.407932 -12.511982 33.101543 17 0 0
-39.999290 85.963448 127.677376 19 1 0
161.868271 33.365284 8.364117 0 0 0
-9.631728 33.365284 2.091029 0 0 0
12.039660 29.194624 4.182058 0 0 0
-26.487251 45.877266 32.330460 1 0 0
-4.815864 33.365284 11.410750 1 0 0
-9.631728 33.365284 8.543936 2 0 0
12.039660 29.194624 17.087872 2 0 0
-4.815864 33.365284 123.971832 3 0 0
-31.303116 -4.170660 7.471019 4 0 0
-9.631728 33.365284 93.387741 4 0 0
12.039660 79.242554 108.329788 4 0 0
12.039660 29.194624 216.659576 4 0 0
-4.815864 33.365284 960.198669 5 0 0
-94.446175 -33.365284 37.830330 6 0 0
-30.367563 127.670052 23.643959 6 0 0
-31.303116 20.853302 42.559120 6 0 0
-31.303116 -4.170660 47.287918 6 0 0
-9.631728 33.365284 718.776306 6 0 0
12.039660 29.194624 643.115662 6 0 0
-2.407932 -12.511982 9.457582 6 0 0
-4.815864 58.389248 33.101543 7 0 0
-4.815864 33.365284 1097.079590 7 0 0
-4.815864 8.341321 28.372749 7 0 0
16.855524 29.194624 160.778915 7 0 0
16.855524 4.170660 9.457582 7 0 0
38.526913 41.706604 9.457582 7 0 0
-44.815155 110.987411 14.186375 8 0 0
-9.631728 33.365284 127.677376 8 0 0
-9.631728 8.341321 61.474293 8 0 0
12.039660 54.218586 42.559120 8 0 0
12.039660 29.194624 472.879120 8 0 0
33.711048 66.730568 9.457582 8 0 0
33.711048 41.706604 4.728791 8 0 0
33.711048 16.682642 14.186375 8 0 0
-26.487251 20.853302 14.186375 9 0 0
-26.487251 -4.170660 14.186375 9 0 0
-4.815864 33.365284 236.439560 9 0 0
-4.815864 8.341321 18.915165 9 0 0
16.855524 79.242554 23.643959 9 0 0
16.855524 29.194624 118.219780 9 0 0
24.079321 -25.023964 14.186375 9 0 0
-9.631728 33.365284 179.694077 10 0 0
12.039660 54.218586 28.372749 10 0 0
12.039660 29.194624 70.931870 10 0 0
-4.815864 33.365284 217.524414 11 0 0
16.855524 29.194624 28.372749 11 0 0
16.855524 4.170660 4.728791 11 0 0
11.104108 119.328735 9.457582 12 0 0
-52.974503 33.365284 28.372749 12 0 0
-9.631728 33.365284 28.372749 12 0 0
-9.631728 8.341321 28.372749 12 0 0
12.039660 54.218586 80.389458 12 0 0
12.039660 4.170660 28.372749 12 0 0
-2.407932 -12.511982 23.643959 12 0 0
-26.487251 20.853302 9.457582 13 0 0
-4.815864 33.365284 80.389458 13 0 0
16.855524 54.218586 23.643959 13 0 0
16.855524 29.194624 56.745499 13 0 0
-52.974503 33.365284 37.830330 14 0 0
-9.631728 33.365284 179.694077 14 0 0
12.039660 54.218586 23.643959 14 0 0
12.039660 29.194624 47.287918 14 0 0
12.039660 4.170660 18.915165 14 0 0
-25.551701 152.694016 37.830330 15 0 0
-3.880312 140.182037 61.474293 15 0 0
-4.815864 33.365284 137.134949 15 0 0
16.855524 54.218586 33.101543 15 0 0
16.855524 29.194624 9.457582 15 0 0
-23.143768 98.475433 4.728791 16 0 0
12.039660 29.194624 61.474293 16 0 0
33.711048 66.730568 33.101543 16 0 0
-4.815864 33.365284 14.186375 17 0 0
16.855524 29.194624 9.457582 17 0 0
-9.631728 58.389248 14.186375 18 0 0
-4.815864 58.389248 14.186375 19 0 0
-111.301697 29.194624 47.287918 21 1 0
-9.631728 33.365284 12.546175 0 0 0
-4.815864 33.365284 3.803583 1 0 0
-9.631728 33.365284 48.415634 2 0 0
-4.815864 33.365284 88.085251 3 0 0
-9.631728 33.365284 283.898743 4 0 0
-4.815864 33.365284 889.072693 5 0 0
-4.815864 8.341321 17.781454 5 0 0
-9.631728 33.365284 945.758240 6 0 0
-9.631728 8.341321 127.677376 6 0 0
12.039660 4.170660 4.728791 6 0 0
-2.407932 -37.535946 4.728791 6 0 0
-26.487251 20.853302 47.287918 7 0 0
-4.815864 58.389248 61.474293 7 0 0
-4.815864 33.365284 1097.079590 7 0 0
-4.815864 8.341321 274.269897 7 0 0
16.855524 29.194624 108.762207 7 0 0
-116.117561 29.194624 28.372749 8 0 0
-31.303116 45.877266 14.186375 8 0 0
-9.631728 33.365284 870.097656 8 0 0
-9.631728 8.341321 217.524414 8 0 0
12.039660 54.218586 14.186375 8 0 0
12.039660 29.194624 9.457582 8 0 0
-39.999290 85.963448 4.728791 9 0 0
-26.487251 20.853302 99.304626 9 0 0
-4.815864 58.389248 4.728791 9 0 0
-4.815864 33.365284 794.437012 9 0 0
-4.815864 8.341321 9.457582 9 0 0
16.855524 29.194624 23.643959 9 0 0
16.855524 4.170660 70.931870 9 0 0
2.407932 -12.511982 47.287918 9 0 0
-52.974503 33.365284 23.643959 10 0 0
-31.303116 20.853302 23.643959 10 0 0
-9.631728 33.365284 217.524414 10 0 0
-9.631728 8.341321 42.559120 10 0 0
12.039660 54.218586 4.728791 10 0 0
12.039660 29.194624 4.728791 10 0 0
-48.158642 33.365284 18.915165 11 0 0
-26.487251 45.877266 14.186375 11 0 0
-26.487251 20.853302 4.728791 11 0 0
-4.815864 33.365284 359.388153 11 0 0
-9.631728 33.365284 99.304626 12 0 0
-9.631728 8.341321 47.287918 12 0 0
12.039660 29.194624 89.847038 12 0 0
33.711048 16.682642 9.457582 12 0 0
-26.487251 70.901230 14.186375 13 0 0
-4.815864 83.413208 18.915165 13 0 0
-4.815864 8.341321 14.186375 13 0 0
16.855524 29.194624 23.643959 13 0 0
-74.645889 -4.170660 23.643959 14 0 0
-4.815864 33.365284 9.457582 15 0 0
16.855524 4.170660 70.931870 15 0 0
-9.631728 8.341321 61.474293 16 0 0
-4.815864 33.365284 28.372749 17 0 0
-23.143768 98.475433 23.643959 18 0 0
-9.631728 33.365284 18.915165 18 1 0
-45.750710 -37.535946 12.546175 0 0 0
-2.407932 -37.535946 2.091029 0 0 0
2.407932 -37.535946 3.803583 1 0 0
55.382435 -20.853302 19.935848 2 0 0
-2.407932 -37.535946 19.935848 2 0 0
2.407932 -37.535946 9.787251 3 0 0
-2.407932 -37.535946 141.949371 4 0 0
2.407932 -37.535946 302.284760 5 0 0
-2.407932 -12.511982 14.186375 6 0 0
-2.407932 -37.535946 435.048828 6 0 0
40.934845 -37.535946 37.830330 6 0 0
-19.263456 -25.023964 23.643959 7 0 0
2.407932 -37.535946 586.370178 7 0 0
24.079321 -25.023964 56.745499 7 0 0
-30.367563 -94.304771 9.457582 8 0 0
-2.407932 -37.535946 945.758240 8 0 0
19.263456 -25.023964 108.762207 8 0 0
38.526913 -8.341321 66.203087 9 0 0
-40.934845 -37.535946 18.915165 9 0 0
-19.263456 -25.023964 89.847038 9 0 0
-19.263456 -50.047928 28.372749 9 0 0
2.407932 -37.535946 643.115662 9 0 0
24.079321 -25.023964 14.186375 9 0 0
33.711048 -8.341321 37.830330 10 0 0
55.382435 -20.853302 33.101543 10 0 0
-24.079321 -25.023964 37.830330 10 0 0
-2.407932 -12.511982 4.728791 10 0 0
-2.407932 -37.535946 643.115662 10 0 0
-2.407932 -62.559910 108.762207 10 0 0
19.263456 -25.023964 255.354752 10 0 0
40.934845 -37.535946 42.559120 10 0 0
37.591358 -90.134109 80.389458 11 0 0
-19.263456 -50.047928 28.372749 11 0 0
2.407932 -12.511982 9.457582 11 0 0
2.407932 -37.535946 397.218506 11 0 0
2.407932 -62.559910 33.101543 11 0 0
24.079321 -25.023964 160.778915 11 0 0
24.079321 -50.047928 28.372749 11 0 0
-73.710342 -119.328735 18.915165 12 0 0
-52.974503 33.365284 23.643959 12 0 0
-9.631728 8.341321 28.372749 12 0 0
12.039660 4.170660 28.372749 12 0 0
-2.407932 -37.535946 255.354752 12 0 0
19.263456 -25.023964 70.931870 12 0 0
19.263456 -50.047928 47.287918 12 0 0
40.934845 -62.559910 42.559120 12 0 0
-39.999290 85.963448 14.186375 13 0 0
15.919971 -152.694016 28.372749 13 0 0
2.407932 -12.511982 118.219780 13 0 0
2.407932 -37.535946 52.016701 13 0 0
24.079321 -50.047928 9.457582 13 0 0
24.079321 -75.071892 4.728791 13 0 0
-52.974503 58.389248 47.287918 14 0 0
-9.631728 8.341321 47.287918 14 0 0
19.263456 -25.023964 80.389458 14 0 0
-19.263456 -25.023964 14.186375 15 0 0
2.407932 -12.511982 14.186375 15 0 0
2.407932 -37.535946 66.203087 15 0 0
24.079321 -25.023964 14.186375 15 0 0
-52.038952 -156.864685 9.457582 16 0 0
12.039660 79.242554 9.457582 16 0 0
-2.407932 -37.535946 9.457582 16 0 0
19.263456 -25.023964 18.915165 16 0 0
-19.263456 -75.071892 9.457582 17 0 0
32.775497 -140.182037 18.915165 18 0 0
40.934845 -62.559910 61.474293 20 1 0
-2.407932 -37.535946 2.091029 0 0 0
-2.407932 -87.583870 1.045515 0 0 0
2.407932 -37.535946 5.705375 1 0 0
-2.407932 -37.535946 5.695957 2 0 0
2.407932 -37.535946 42.411415 3 0 0
-2.407932 -12.511982 14.942039 4 0 0
-2.407932 -37.535946 216.659576 4 0 0
19.263456 -25.023964 7.471019 4 0 0
-26.487251 -4.170660 186.705292 5 0 0
-19.263456 -25.023964 4.445364 5 0 0
2.407932 -37.535946 302.284760 5 0 0
-24.079321 -75.071892 23.643959 6 0 0
-2.407932 -37.535946 1172.740356 6 0 0
19.263456 -25.023964 18.915165 6 0 0
19.263456 -50.047928 108.762207 6 0 0
-19.263456 -25.023964 255.354752 7 0 0
2.407932 -37.535946 870.097656 7 0 0
-9.631728 83.413208 23.643959 8 0 0
-45.750710 -37.535946 14.186375 8 0 0
-24.079321 -50.047928 47.287918 8 0 0
-2.407932 -12.511982 99.304626 8 0 0
-2.407932 -37.535946 1021.419006 8 0 0
19.263456 -50.047928 9.457582 8 0 0
-19.263456 -25.023964 56.745499 9 0 0
-19.263456 -50.047928 66.203087 9 0 0
2.407932 -37.535946 586.370178 9 0 0
2.407932 -62.559910 42.559120 9 0 0
24.079321 -50.047928 42.559120 9 0 0
12.039660 4.170660 37.830330 10 0 0
-24.079321 -25.023964 37.830330 10 0 0
-24.079321 -50.047928 23.643959 10 0 0
-2.407932 -12.511982 9.457582 10 0 0
-2.407932 -37.535946 472.879120 10 0 0
-2.407932 -62.559910 56.745499 10 0 0
19.263456 -25.023964 70.931870 10 0 0
19.263456 -75.071892 33.101543 10 0 0
-19.263456 -25.023964 52.016701 11 0 0
-19.263456 -50.047928 33.101543 11 0 0
2.407932 -37.535946 179.694077 11 0 0
2.407932 -62.559910 9.457582 11 0 0
-31.303116 -4.170660 33.101543 12 0 0
-45.750710 -62.559910 18.915165 12 0 0
-24.079321 -50.047928 80.389458 12 0 0
-2.407932 -37.535946 14.186375 12 0 0
19.263456 -50.047928 28.372749 12 0 0
-19.263456 -25.023964 9.457582 13 0 0
2.407932 -37.535946 14.186375 13 0 0
-52.974503 -16.682642 66.203087 14 0 0
-2.407932 -12.511982 37.830330 14 0 0
-2.407932 -37.535946 28.372749 14 0 0
101.669975 -29.194624 23.643959 15 0 0
37.591358 -115.158073 37.830330 15 0 0
-19.263456 -25.023964 14.186375 15 0 0
2.407932 -37.535946 23.643959 15 0 0
19.263456 -50.047928 118.219780 16 0 0
40.934845 -37.535946 61.474293 16 0 0
119.461052 -81.792786 14.186375 18 0 0
-2.407932 -62.559910 80.389458 18 0 0
-45.750710 -37.535946 14.186375 20 1 0
12.039660 4.170660 2.091029 0 0 0
2.407932 -12.511982 5.705375 1 0 0
12.039660 4.170660 59.807549 2 0 0
-4.815864 8.341321 6.524833 3 0 0
16.855524 4.170660 19.574501 3 0 0
2.407932 -12.511982 110.922165 3 0 0
12.039660 4.170660 373.550964 4 0 0
-2.407932 -12.511982 141.949371 4 0 0
-26.487251 -4.170660 4.445364 5 0 0
-4.815864 8.341321 373.410583 5 0 0
16.855524 4.170660 111.134087 5 0 0
38.526913 66.730568 8.890727 5 0 0
38.526913 -8.341321 4.445364 5 0 0
-19.263456 -25.023964 66.680458 5 0 0
2.407932 -12.511982 604.569519 5 0 0
-94.446175 41.706604 14.186375 6 0 0
-9.631728 8.341321 160.778915 6 0 0
12.039660 4.170660 718.776306 6 0 0
33.711048 16.682642 14.186375 6 0 0
-2.407932 -12.511982 160.778915 6 0 0
-4.815864 8.341321 718.776306 7 0 0
16.855524 4.170660 397.218506 7 0 0
38.526913 -8.341321 14.186375 7 0 0
2.407932 -12.511982 397.218506 7 0 0
-9.631728 8.341321 89.847038 8 0 0
12.039660 4.170660 255.354752 8 0 0
-2.407932 -12.511982 127.677376 8 0 0
-26.487251 -4.170660 4.728791 9 0 0
-4.815864 8.341321 52.016701 9 0 0
16.855524 4.170660 108.762207 9 0 0
38.526913 16.682642 14.186375 9 0 0
2.407932 -12.511982 397.218506 9 0 0
97.789658 152.694016 23.643959 10 0 0
-9.631728 8.341321 18.915165 10 0 0
12.039660 4.170660 236.439560 10 0 0
33.711048 -8.341321 14.186375 10 0 0
-2.407932 -12.511982 108.762207 10 0 0
-169.092072 -62.559910 18.915165 11 0 0
-26.487251 -4.170660 89.847038 11 0 0
-4.815864 8.341321 61.474293 11 0 0
60.198299 -20.853302 47.287918 11 0 0
-40.934845 -37.535946 14.186375 11 0 0
2.407932 -12.511982 37.830330 11 0 0
18.327904 98.475433 14.186375 12 0 0
-31.303116 20.853302 9.457582 12 0 0
12.039660 4.170660 89.847038 12 0 0
33.711048 -8.341321 14.186375 12 0 0
77.053825 -33.365284 18.915165 12 0 0
-24.079321 -75.071892 4.728791 12 0 0
-2.407932 -12.511982 14.186375 12 0 0
-2.407932 -37.535946 4.728791 12 0 0
-4.815864 8.341321 4.728791 13 0 0
16.855524 4.170660 9.457582 13 0 0
2.407932 -12.511982 127.677376 13 0 0
-9.631728 8.341321 9.457582 14 0 0
12.039660 4.170660 160.778915 14 0 0
-2.407932 -12.511982 61.474293 14 0 0
16.855524 4.170660 99.304626 15 0 0
38.526913 -8.341321 4.728791 15 0 0
-19.263456 -25.023964 18.915165 15 0 0
12.039660 4.170660 42.559120 16 0 0
33.711048 -8.341321 4.728791 16 0 0
55.382435 4.170660 14.186375 16 0 0
-2.407932 -12.511982 14.186375 16 0 0
16.855524 29.194624 4.728791 17 0 0
-2.407932 -37.535946 9.457582 18 0 0
-2.407932 -12.511982 18.915165 20 0 0
38.526913 16.682642 146.851135 23 1 0
-9.631728 8.341321 4.182058 0 0 0
-2.407932 -12.511982 2.091029 0 0 0
-26.487251 20.853302 11.410750 1 0 0
-4.815864 8.341321 11.410750 1 0 0
-2.407932 -12.511982 11.391913 2 0 0
-4.815864 8.341321 9.787251 3 0 0
-2.407932 -12.511982 186.775482 4 0 0
-4.815864 8.341321 444.536346 5 0 0
2.407932 -12.511982 22.226820 5 0 0
-31.303116 -4.170660 89.847038 6 0 0
-9.631728 8.341321 321.557831 6 0 0
12.039660 4.170660 42.559120 6 0 0
33.711048 -8.341321 23.643959 6 0 0
-45.750710 -62.559910 14.186375 6 0 0
-24.079321 -25.023964 217.524414 6 0 0
-24.079321 -50.047928 56.745499 6 0 0
-2.407932 -12.511982 870.097656 6 0 0
-26.487251 -4.170660 14.186375 7 0 0
-4.815864 8.341321 870.097656 7 0 0
16.855524 4.170660 160.778915 7 0 0
2.407932 -12.511982 586.370178 7 0 0
11.104108 169.376663 18.915165 8 0 0
-9.631728 8.341321 179.694077 8 0 0
12.039660 4.170660 14.186375 8 0 0
-45.750710 -37.535946 9.457582 8 0 0
-2.407932 -12.511982 643.115662 8 0 0
19.263456 -25.023964 18.915165 8 0 0
-26.487251 -4.170660 18.915165 9 0 0
-4.815864 8.341321 435.048828 9 0 0
16.855524 29.194624 9.457582 9 0 0
16.855524 4.170660 28.372749 9 0 0
2.407932 -12.511982 146.592545 9 0 0
-52.974503 8.341321 18.915165 10 0 0
-52.974503 -16.682642 23.643959 10 0 0
-31.303116 -4.170660 28.372749 10 0 0
-9.631728 33.365284 4.728791 10 0 0
-9.631728 8.341321 255.354752 10 0 0
12.039660 4.170660 4.728791 10 0 0
-2.407932 -12.511982 127.677376 10 0 0
-2.407932 -37.535946 18.915165 10 0 0
-26.487251 20.853302 47.287918 11 0 0
-26.487251 -4.170660 23.643959 11 0 0
-4.815864 8.341321 397.218506 11 0 0
-19.263456 -25.023964 28.372749 11 0 0
2.407932 -12.511982 146.592545 11 0 0
-74.645889 -29.194624 23.643959 12 0 0
-31.303116 -4.170660 18.915165 12 0 0
-9.631728 8.341321 28.372749 12 0 0
-2.407932 -12.511982 14.186375 12 0 0
19.263456 -50.047928 33.101543 12 0 0
-26.487251 -4.170660 28.372749 13 0 0
-4.815864 58.389248 56.745499 13 0 0
-4.815864 8.341321 80.389458 13 0 0
2.407932 -12.511982 99.304626 13 0 0
24.079321 -25.023964 14.186375 13 0 0
-9.631728 8.341321 42.559120 14 0 0
33.711048 66.730568 18.915165 14 0 0
-45.750710 -37.535946 28.372749 14 0 0
-2.407932 -12.511982 23.643959 14 0 0
16.855524 4.170660 18.915165 15 0 0
2.407932 -12.511982 28.372749 15 0 0
55.382435 54.218586 14.186375 16 0 0
-69.830025 45.877266 23.643959 19 0 0
-26.487251 -4.170660 14.186375 19 0 0
45.750710 -62.559910 18.915165 21 1 0
-9.631728 8.341321 2.091029 0 0 0
-4.815864 8.341321 3.803583 1 0 0
-9.631728 8.341321 22.783827 2 0 0
-4.815864 8.341321 101.134911 3 0 0
-9.631728 33.365284 11.206531 4 0 0
-9.631728 8.341321 313.782867 4 0 0
-4.815864 33.365284 44.453640 5 0 0
-4.815864 8.341321 204.486740 5 0 0
38.526913 66.730568 17.781454 5 0 0
-9.631728 33.365284 80.389458 6 0 0
-9.631728 8.341321 217.524414 6 0 0
12.039660 4.170660 4.728791 6 0 0
-48.158642 33.365284 9.457582 7 0 0
-26.487251 20.853302 56.745499 7 0 0
-4.815864 8.341321 359.388153 7 0 0
-94.446175 16.682642 18.915165 8 0 0
-31.303116 45.877266 9.457582 8 0 0
-9.631728 58.389248 14.186375 8 0 0
-9.631728 33.365284 160.778915 8 0 0
-9.631728 8.341321 198.609253 8 0 0
12.039660 29.194624 14.186375 8 0 0
-45.750710 -37.535946 14.186375 8 0 0
-4.815864 33.365284 33.101543 9 0 0
-4.815864 8.341321 510.709503 9 0 0
16.855524 54.218586 9.457582 9 0 0
16.855524 29.194624 52.016701 9 0 0
38.526913 41.706604 14.186375 9 0 0
-31.303116 20.853302 99.304626 10 0 0
-9.631728 58.389248 70.931870 10 0 0
-9.631728 33.365284 198.609253 10 0 0
-9.631728 8.341321 397.218506 10 0 0
12.039660 4.170660 52.016701 10 0 0
-89.630310 16.682642 28.372749 11 0 0
-26.487251 45.877266 18.915165 11 0 0
-26.487251 20.853302 9.457582 11 0 0
-4.815864 33.365284 118.219780 11 0 0
-4.815864 8.341321 293.185089 11 0 0
16.855524 29.194624 28.372749 11 0 0
38.526913 41.706604 4.728791 11 0 0
38.526913 16.682642 47.287918 11 0 0
-9.631728 33.365284 179.694077 12 0 0
-9.631728 8.341321 274.269897 12 0 0
12.039660 29.194624 217.524414 12 0 0
12.039660 4.170660 118.219780 12 0 0
-26.487251 20.853302 47.287918 13 0 0
-4.815864 33.365284 198.609253 13 0 0
-4.815864 8.341321 472.879120 13 0 0
16.855524 29.194624 4.728791 13 0 0
-31.303116 -4.170660 9.457582 14 0 0
-9.631728 33.365284 89.847038 14 0 0
-9.631728 8.341321 255.354752 14 0 0
12.039660 29.194624 37.830330 14 0 0
12.039660 4.170660 70.931870 14 0 0
37.591358 -90.134109 14.186375 15 0 0
-26.487251 20.853302 47.287918 15 0 0
-26.487251 -4.170660 9.457582 15 0 0
-4.815864 58.389248 37.830330 15 0 0
-4.815864 33.365284 70.931870 15 0 0
-4.815864 8.341321 160.778915 15 0 0
16.855524 4.170660 56.745499 15 0 0
-9.631728 8.341321 14.186375 16 0 0
12.039660 79.242554 14.186375 16 0 0
12.039660 29.194624 14.186375 16 0 0
12.039660 4.170660 52.016701 16 0 0
33.711048 16.682642 28.372749 16 0 0
-26.487251 70.901230 14.186375 17 0 0
-4.815864 33.365284 9.457582 17 0 0
-4.815864 8.341321 14.186375 17 0 0
16.855524 29.194624 42.559120 17 0 0
16.855524 4.170660 33.101543 17 0 0
-19.263456 -25.023964 9.457582 17 0 0
-9.631728 33.365284 18.915165 18 0 0
-9.631728 8.341321 42.559120 18 1 0
12.039660 29.194624 2.091029 0 0 0
16.855524 29.194624 3.803583 1 0 0
205.211044 66.730568 22.783827 2 0 0
12.039660 29.194624 14.239892 2 0 0
16.855524 29.194624 26.099331 3 0 0
12.039660 29.194624 115.800812 4 0 0
-4.815864 33.365284 240.049667 5 0 0
16.855524 29.194624 444.536346 5 0 0
38.526913 41.706604 48.898998 5 0 0
-9.631728 83.413208 9.457582 6 0 0
-9.631728 8.341321 47.287918 6 0 0
12.039660 54.218586 33.101543 6 0 0
12.039660 29.194624 1286.231323 6 0 0
12.039660 4.170660 56.745499 6 0 0
33.711048 16.682642 14.186375 6 0 0
-26.487251 45.877266 14.186375 7 0 0
-26.487251 20.853302 47.287918 7 0 0
-4.815864 33.365284 586.370178 7 0 0
16.855524 29.194624 794.437012 7 0 0
38.526913 16.682642 80.389458 7 0 0
-9.631728 83.413208 18.915165 8 0 0
-9.631728 33.365284 61.474293 8 0 0
12.039660 54.218586 28.372749 8 0 0
12.039660 29.194624 794.437012 8 0 0
12.039660 4.170660 127.677376 8 0 0
33.711048 -8.341321 14.186375 8 0 0
55.382435 4.170660 9.457582 8 0 0
-4.815864 33.365284 66.203087 9 0 0
-4.815864 8.341321 179.694077 9 0 0
16.855524 54.218586 108.762207 9 0 0
16.855524 29.194624 586.370178 9 0 0
16.855524 4.170660 42.559120 9 0 0
38.526913 41.706604 14.186375 9 0 0
38.526913 16.682642 14.186375 9 0 0
83.342072 60.939484 18.915165 10 0 0
-52.974503 33.365284 52.016701 10 0 0
-9.631728 33.365284 28.372749 10 0 0
-9.631728 8.341321 61.474293 10 0 0
12.039660 29.194624 255.354752 10 0 0
12.039660 4.170660 80.389458 10 0 0
33.711048 16.682642 4.728791 10 0 0
-4.815864 83.413208 23.643959 11 0 0
-4.815864 58.389248 28.372749 11 0 0
-4.815864 33.365284 127.677376 11 0 0
-4.815864 8.341321 23.643959 11 0 0
16.855524 29.194624 52.016701 11 0 0
60.198299 29.194624 28.372749 11 0 0
12.039660 29.194624 28.372749 12 0 0
33.711048 66.730568 23.643959 12 0 0
-4.815864 33.365284 14.186375 13 0 0
-4.815864 8.341321 56.745499 13 0 0
16.855524 54.218586 9.457582 13 0 0
16.855524 29.194624 28.372749 13 0 0
-31.303116 20.853302 4.728791 14 0 0
-9.631728 8.341321 18.915165 14 0 0
12.039660 79.242554 160.778915 14 0 0
-4.815864 8.341321 18.915165 15 0 0
16.855524 54.218586 4.728791 15 0 0
16.855524 29.194624 14.186375 15 0 0
16.855524 4.170660 28.372749 15 0 0
24.079321 -50.047928 14.186375 15 0 0
-9.631728 8.341321 33.101543 16 0 0
12.039660 4.170660 23.643959 16 0 0
16.855524 79.242554 9.457582 17 0 0
33.711048 16.682642 33.101543 20 0 0
60.198299 4.170660 61.474293 21 0 0
77.053825 41.706604 9.457582 22 0 0
118.525497 58.389248 31.971682 24 1 0
-2.407932 -12.511982 2.091029 0 0 0
2.407932 -12.511982 3.803583 1 0 0
-2.407932 -12.511982 25.631804 2 0 0
2.407932 -12.511982 29.361746 3 0 0
-2.407932 -12.511982 108.329788 4 0 0
-69.830025 -4.170660 22.226820 5 0 0
-4.815864 8.341321 53.344368 5 0 0
2.407932 -12.511982 302.284760 5 0 0
12.039660 4.170660 198.609253 6 0 0
-2.407932 -12.511982 321.557831 6 0 0
19.263456 -25.023964 435.048828 6 0 0
-4.815864 8.341321 9.457582 7 0 0
16.855524 54.218586 9.457582 7 0 0
16.855524 4.170660 9.457582 7 0 0
-19.263456 -25.023964 198.609253 7 0 0
2.407932 -12.511982 472.879120 7 0 0
2.407932 -37.535946 118.219780 7 0 0
32.775497 -90.134109 28.372749 8 0 0
76.118271 -90.134109 108.762207 8 0 0
12.039660 29.194624 66.203087 8 0 0
12.039660 4.170660 33.101543 8 0 0
-2.407932 -12.511982 137.134949 8 0 0
-69.830025 -29.194624 18.915165 9 0 0
2.407932 -12.511982 586.370178 9 0 0
77.053825 -8.341321 14.186375 10 0 0
-2.407932 -12.511982 643.115662 10 0 0
-2.407932 -37.535946 47.287918 10 0 0
38.526913 -8.341321 18.915165 11 0 0
2.407932 -12.511982 397.218506 11 0 0
-52.038952 -156.864685 56.745499 12 0 0
12.039660 4.170660 52.016701 12 0 0
33.711048 41.706604 47.287918 12 0 0
33.711048 -8.341321 47.287918 12 0 0
55.382435 29.194624 33.101543 12 0 0
-24.079321 -50.047928 33.101543 12 0 0
-2.407932 -12.511982 321.557831 12 0 0
19.263456 -25.023964 18.915165 12 0 0
40.934845 -37.535946 28.372749 12 0 0
-4.815864 8.341321 18.915165 13 0 0
16.855524 4.170660 28.372749 13 0 0
2.407932 -12.511982 548.539795 13 0 0
24.079321 -25.023964 14.186375 13 0 0
45.750710 -37.535946 37.830330 13 0 0
-31.303116 45.877266 18.915165 14 0 0
-9.631728 8.341321 118.219780 14 0 0
12.039660 4.170660 118.219780 14 0 0
-24.079321 -25.023964 33.101543 14 0 0
-2.407932 -12.511982 236.439560 14 0 0
16.855524 4.170660 23.643959 15 0 0
-19.263456 -50.047928 18.915165 15 0 0
2.407932 -12.511982 274.269897 15 0 0
12.039660 4.170660 14.186375 16 0 0
-2.407932 -12.511982 47.287918 16 0 0
-2.407932 -37.535946 23.643959 16 0 0
-4.815864 8.341321 23.643959 17 0 0
38.526913 41.706604 37.830330 17 0 0
2.407932 -12.511982 146.592545 17 0 0
2.407932 -37.535946 9.457582 17 0 0
-9.631728 8.341321 28.372749 18 0 0
-67.422096 -50.047928 4.728791 18 0 0
-24.079321 -25.023964 89.847038 18 0 0
-2.407932 -12.511982 108.762207 18 0 0
-2.407932 -62.559910 9.457582 18 0 0
19.263456 -25.023964 18.915165 18 0 0
2.407932 -12.511982 37.830330 19 0 0
54.446884 -102.646088 23.643959 20 0 0
54.446884 -127.670052 9.457582 20 0 0
-2.407932 -37.535946 9.457582 20 0 0
19.263456 -25.023964 47.287918 20 0 0
19.263456 -50.047928 118.219780 20 0 0
-26.487251 45.877266 14.186375 21 0 0
38.526913 16.682642 14.186375 21 0 0
24.079321 -25.023964 80.389458 21 0 0
24.079321 -50.047928 23.643959 21 0 0
11.104108 -102.646088 4.728791 22 0 0
-2.407932 -37.535946 33.101543 22 0 0
38.526913 41.706604 19.154495 23 0 0
2.407932 -37.535946 57.463482 23 0 0
-3.880312 -156.864685 71.936279 27 1 0
97.789658 -119.328735 3.136544 0 0 0
-2.407932 -12.511982 3.136544 0 0 0
2.407932 -12.511982 5.705375 1 0 0
2.407932 -37.535946 1.901792 1 0 0
-2.407932 -12.511982 22.783827 2 0 0
-89.630310 41.706604 3.262416 3 0 0
-4.815864 8.341321 29.361746 3 0 0
2.407932 -12.511982 81.560402 3 0 0
-2.407932 -12.511982 127.007339 4 0 0
-48.158642 8.341321 62.235096 5 0 0
-4.815864 8.341321 57.789730 5 0 0
16.855524 29.194624 17.781454 5 0 0
2.407932 -12.511982 302.284760 5 0 0
-109.829323 73.451469 23.643959 6 0 0
-31.303116 -4.170660 23.643959 6 0 0
-9.631728 8.341321 28.372749 6 0 0
-24.079321 -50.047928 9.457582 6 0 0
-2.407932 -12.511982 718.776306 6 0 0
19.263456 -25.023964 4.728791 6 0 0
-47.223087 -81.792786 33.101543 7 0 0
-4.815864 8.341321 321.557831 7 0 0
60.198299 29.194624 4.728791 7 0 0
2.407932 -12.511982 718.776306 7 0 0
24.079321 -25.023964 28.372749 7 0 0
45.750710 -37.535946 4.728791 7 0 0
-74.645889 20.853302 61.474293 8 0 0
-9.631728 8.341321 18.915165 8 0 0
12.039660 4.170660 42.559120 8 0 0
-24.079321 -25.023964 33.101543 8 0 0
-2.407932 -12.511982 1021.419006 8 0 0
-2.407932 -62.559910 4.728791 8 0 0
-48.158642 -16.682642 18.915165 9 0 0
-4.815864 58.389248 23.643959 9 0 0
-4.815864 33.365284 9.457582 9 0 0
-4.815864 8.341321 99.304626 9 0 0
16.855524 29.194624 23.643959 9 0 0
16.855524 4.170660 28.372749 9 0 0
2.407932 -12.511982 359.388153 9 0 0
2.407932 -37.535946 18.915165 9 0 0
-31.303116 -4.170660 118.219780 10 0 0
-9.631728 8.341321 33.101543 10 0 0
12.039660 29.194624 28.372749 10 0 0
12.039660 4.170660 66.203087 10 0 0
-24.079321 -25.023964 37.830330 10 0 0
-2.407932 -12.511982 217.524414 10 0 0
-2.407932 -37.535946 23.643959 10 0 0
-104.077904 -50.047928 80.389458 11 0 0
-4.815864 8.341321 33.101543 11 0 0
38.526913 -8.341321 9.457582 11 0 0
-19.263456 -25.023964 42.559120 11 0 0
2.407932 -12.511982 255.354752 11 0 0
-9.631728 8.341321 47.287918 12 0 0
12.039660 4.170660 4.728791 12 0 0
33.711048 -8.341321 56.745499 12 0 0
55.382435 -20.853302 18.915165 12 0 0
-2.407932 -12.511982 127.677376 12 0 0
19.263456 -25.023964 14.186375 12 0 0
-4.815864 8.341321 52.016701 13 0 0
2.407932 -12.511982 9.457582 13 0 0
2.407932 -37.535946 18.915165 13 0 0
-66.486542 73.451469 14.186375 14 0 0
-9.631728 8.341321 9.457582 14 0 0
12.039660 4.170660 23.643959 14 0 0
-2.407932 -12.511982 28.372749 14 0 0
2.407932 -12.511982 127.677376 15 0 0
-74.645889 -29.194624 80.389458 16 0 0
-9.631728 8.341321 80.389458 16 0 0
12.039660 29.194624 23.643959 16 0 0
33.711048 -8.341321 14.186375 16 0 0
-2.407932 -12.511982 47.287918 16 0 0
19.263456 -25.023964 14.186375 16 0 0
-2.407932 -12.511982 9.457582 18 0 0
2.407932 -87.583870 42.559120 19 1 0
-9.631728 8.341321 3.136544 0 0 0
-4.815864 8.341321 3.803583 1 0 0
-9.631728 8.341321 5.695957 2 0 0
-4.815864 8.341321 61.985916 3 0 0
-9.631728 8.341321 100.858772 4 0 0
-2.407932 -12.511982 48.561630 4 0 0
-90.565865 -65.110146 13.336092 5 0 0
-4.815864 8.341321 408.973480 5 0 0
16.855524 4.170660 53.344368 5 0 0
-74.645889 -4.170660 18.915165 6 0 0
-74.645889 -29.194624 52.016701 6 0 0
-9.631728 8.341321 510.709503 6 0 0
12.039660 4.170660 179.694077 6 0 0
-2.407932 -12.511982 359.388153 6 0 0
-4.815864 8.341321 1021.419006 7 0 0
2.407932 -12.511982 108.762207 7 0 0
-9.631728 58.389248 9.457582 8 0 0
-9.631728 8.341321 718.776306 8 0 0
12.039660 4.170660 472.879120 8 0 0
-2.407932 -12.511982 137.134949 8 0 0
19.263456 -25.023964 37.830330 8 0 0
-48.158642 -16.682642 33.101543 9 0 0
-4.815864 8.341321 293.185089 9 0 0
16.855524 79.242554 18.915165 9 0 0
16.855524 4.170660 14.186375 9 0 0
38.526913 16.682642 37.830330 9 0 0
-19.263456 -25.023964 37.830330 9 0 0
-19.263456 -75.071892 137.134949 9 0 0
2.407932 -12.511982 146.592545 9 0 0
-116.117561 -20.853302 37.830330 10 0 0
-9.631728 8.341321 118.219780 10 0 0
12.039660 29.194624 66.203087 10 0 0
12.039660 4.170660 146.592545 10 0 0
-2.407932 -12.511982 89.847038 10 0 0
-126.684845 -211.083267 9.457582 11 0 0
-26.487251 -4.170660 9.457582 11 0 0
-4.815864 8.341321 255.354752 11 0 0
16.855524 4.170660 108.762207 11 0 0
24.079321 -25.023964 14.186375 11 0 0
-31.303116 -4.170660 9.457582 12 0 0
-9.631728 8.341321 236.439560 12 0 0
12.039660 4.170660 66.203087 12 0 0
33.711048 66.730568 89.847038 12 0 0
-2.407932 -12.511982 80.389458 12 0 0
-26.487251 -4.170660 89.847038 13 0 0
-4.815864 8.341321 217.524414 13 0 0
16.855524 4.170660 99.304626 13 0 0
2.407932 -12.511982 70.931870 13 0 0
24.079321 -50.047928 4.728791 13 0 0
12.039660 54.218586 47.287918 14 0 0
12.039660 29.194624 18.915165 14 0 0
12.039660 4.170660 33.101543 14 0 0
-2.407932 -12.511982 18.915165 14 0 0
-4.815864 8.341321 274.269897 15 0 0
16.855524 4.170660 28.372749 15 0 0
38.526913 -8.341321 42.559120 15 0 0
-30.367563 -119.328735 23.643959 16 0 0
-8.696176 -131.840714 23.643959 16 0 0
55.382435 4.170660 28.372749 16 0 0
-2.407932 -12.511982 14.186375 16 0 0
-25.551701 -119.328735 80.389458 17 0 0
-26.487251 20.853302 37.830330 17 0 0
81.869690 16.682642 9.457582 17 0 0
-9.631728 8.341321 18.915165 18 0 0
12.039660 4.170660 47.287918 18 0 0
-24.079321 -25.023964 14.186375 18 0 0
-26.487251 -4.170660 4.728791 19 0 0
12.039660 4.170660 23.643959 20 0 0
-26.487251 45.877266 18.915165 21 0 0
-4.815864 8.341321 31.924160 23 1 0
190.763458 -50.047928 7.318602 0 0 0
-24.079321 -25.023964 2.091029 0 0 0
-19.263456 -25.023964 39.937630 1 0 0
-24.079321 -25.023964 39.871696 2 0 0
-26.487251 -4.170660 19.574501 3 0 0
-19.263456 -25.023964 123.971832 3 0 0
2.407932 -12.511982 39.149002 3 0 0
-74.645889 20.853302 44.826122 4 0 0
-52.974503 8.341321 26.148571 4 0 0
-24.079321 -25.023964 254.014679 4 0 0
-2.407932 -37.535946 41.090607 4 0 0
-19.263456 -25.023964 675.695312 5 0 0
2.407932 -37.535946 337.847656 5 0 0
96.854111 20.853302 14.186375 6 0 0
-24.079321 -25.023964 643.115662 6 0 0
-24.079321 -50.047928 47.287918 6 0 0
-2.407932 -12.511982 23.643959 6 0 0
-2.407932 -37.535946 548.539795 6 0 0
19.263456 -25.023964 14.186375 6 0 0
80.934135 -115.158073 42.559120 7 0 0
-90.565865 -90.134109 9.457582 7 0 0
-68.894478 -94.304771 47.287918 7 0 0
-4.815864 8.341321 23.643959 7 0 0
-62.606232 -50.047928 18.915165 7 0 0
-40.934845 -37.535946 23.643959 7 0 0
-19.263456 -25.023964 870.097656 7 0 0
-19.263456 -50.047928 33.101543 7 0 0
2.407932 -12.511982 99.304626 7 0 0
2.407932 -37.535946 146.592545 7 0 0
-9.631728 8.341321 47.287918 8 0 0
-24.079321 -25.023964 397.218506 8 0 0
-24.079321 -50.047928 14.186375 8 0 0
-2.407932 -12.511982 70.931870 8 0 0
-2.407932 -37.535946 255.354752 8 0 0
19.263456 -25.023964 37.830330 8 0 0
-3.880312 -156.864685 33.101543 9 0 0
-26.487251 -4.170660 9.457582 9 0 0
-4.815864 8.341321 33.101543 9 0 0
-19.263456 -25.023964 794.437012 9 0 0
2.407932 -12.511982 80.389458 9 0 0
2.407932 -37.535946 99.304626 9 0 0
-52.974503 8.341321 18.915165 10 0 0
-31.303116 -4.170660 70.931870 10 0 0
33.711048 -8.341321 33.101543 10 0 0
-45.750710 -62.559910 9.457582 10 0 0
-24.079321 -25.023964 255.354752 10 0 0
-2.407932 -12.511982 89.847038 10 0 0
-2.407932 -37.535946 99.304626 10 0 0
-2.407932 -87.583870 4.728791 10 0 0
19.263456 -25.023964 359.388153 10 0 0
-19.263456 -25.023964 108.762207 11 0 0
2.407932 -37.535946 14.186375 11 0 0
-74.645889 20.853302 4.728791 12 0 0
-67.422096 -50.047928 14.186375 12 0 0
-125.749290 -37.535946 14.186375 13 0 0
-26.487251 20.853302 33.101543 13 0 0
16.855524 4.170660 14.186375 13 0 0
-19.263456 -25.023964 18.915165 13 0 0
-19.263456 -75.071892 14.186375 13 0 0
2.407932 -12.511982 14.186375 13 0 0
45.750710 -37.535946 14.186375 13 0 0
45.750710 -62.559910 28.372749 13 0 0
32.775497 -115.158073 9.457582 14 0 0
54.446884 -77.622124 47.287918 14 0 0
-31.303116 -4.170660 14.186375 14 0 0
-68.894478 -69.280807 37.830330 15 0 0
-19.263456 -50.047928 18.915165 15 0 0
-19.263456 -75.071892 56.745499 15 0 0
-52.974503 -16.682642 14.186375 16 0 0
-24.079321 -75.071892 33.101543 16 0 0
-2.407932 -37.535946 18.915165 16 0 0
2.407932 -37.535946 47.287918 17 0 0
-8.696176 -131.840714 14.186375 18 0 0
-69.830025 -29.194624 118.219780 19 1 0
-9.631728 8.341321 8.364117 0 0 0
-4.815864 8.341321 19.017920 1 0 0
-9.631728 8.341321 48.415634 2 0 0
55.382435 4.170660 22.783827 2 0 0
-4.815864 8.341321 68.510750 3 0 0
-9.631728 33.365284 33.619587 4 0 0
-9.631728 8.341321 216.659576 4 0 0
-4.815864 33.365284 93.352646 5 0 0
-4.815864 8.341321 222.268173 5 0 0
-44.815155 85.963448 70.931870 6 0 0
-31.303116 45.877266 4.728791 6 0 0
-31.303116 20.853302 4.728791 6 0 0
-9.631728 33.365284 160.778915 6 0 0
-9.631728 8.341321 359.388153 6 0 0
12.039660 54.218586 18.915165 6 0 0
12.039660 29.194624 47.287918 6 0 0
12.039660 4.170660 23.643959 6 0 0
-2.407932 -12.511982 47.287918 6 0 0
123.341362 58.389248 33.101543 7 0 0
-26.487251 20.853302 42.559120 7 0 0
-26.487251 -4.170660 118.219780 7 0 0
-4.815864 33.365284 236.439560 7 0 0
-4.815864 8.341321 718.776306 7 0 0
-31.303116 -4.170660 42.559120 8 0 0
-9.631728 33.365284 321.557831 8 0 0
-9.631728 8.341321 718.776306 8 0 0
12.039660 4.170660 14.186375 8 0 0
-26.487251 20.853302 80.389458 9 0 0
-26.487251 -4.170660 99.304626 9 0 0
-4.815864 33.365284 435.048828 9 0 0
-4.815864 8.341321 472.879120 9 0 0
-52.974503 58.389248 4.728791 10 0 0
-52.974503 33.365284 14.186375 10 0 0
-31.303116 70.901230 18.915165 10 0 0
-9.631728 58.389248 28.372749 10 0 0
-9.631728 33.365284 47.287918 10 0 0
-9.631728 8.341321 472.879120 10 0 0
12.039660 54.218586 47.287918 10 0 0
12.039660 4.170660 80.389458 10 0 0
-2.407932 -12.511982 127.677376 10 0 0
-69.830025 -4.170660 4.728791 11 0 0
-26.487251 20.853302 89.847038 11 0 0
-26.487251 -4.170660 37.830330 11 0 0
-4.815864 33.365284 198.609253 11 0 0
-4.815864 8.341321 217.524414 11 0 0
-9.631728 33.365284 18.915165 12 0 0
-9.631728 8.341321 118.219780 12 0 0
33.711048 -8.341321 37.830330 12 0 0
-26.487251 20.853302 127.677376 13 0 0
-4.815864 8.341321 56.745499 13 0 0
-31.303116 20.853302 89.847038 14 0 0
-9.631728 33.365284 37.830330 14 0 0
-9.631728 8.341321 14.186375 14 0 0
12.039660 54.218586 61.474293 14 0 0
-4.815864 33.365284 18.915165 15 0 0
-4.815864 8.341321 33.101543 15 0 0
12.039660 4.170660 14.186375 16 0 0
-24.079321 -25.023964 37.830330 16 0 0
-24.079321 -75.071892 23.643959 16 0 0
16.855524 4.170660 47.287918 17 0 0
-9.631728 8.341321 4.728791 18 0 0
2.407932 -12.511982 118.219780 19 0 0
12.039660 4.170660 14.186375 20 0 0
-4.815864 8.341321 47.287918 21 1 0
-2.407932 -37.535946 2.091029 0 0 0
2.407932 -37.535946 9.508960 1 0 0
-2.407932 -37.535946 8.543936 2 0 0
40.934845 -62.559910 2.847978 2 0 0
2.407932 -37.535946 42.411415 3 0 0
-24.079321 -25.023964 156.891434 4 0 0
-24.079321 -50.047928 14.942039 4 0 0
-2.407932 -37.535946 201.717545 4 0 0
-19.263456 -50.047928 13.336092 5 0 0
2.407932 -37.535946 186.705292 5 0 0
24.079321 -50.047928 84.461914 5 0 0
-52.974503 -16.682642 14.186375 6 0 0
-45.750710 -62.559910 9.457582 6 0 0
-24.079321 -25.023964 14.186375 6 0 0
-2.407932 -37.535946 945.758240 6 0 0
-40.934845 -37.535946 18.915165 7 0 0
-19.263456 -25.023964 548.539795 7 0 0
2.407932 -37.535946 1286.231323 7 0 0
-52.038952 -106.816750 28.372749 8 0 0
-24.079321 -25.023964 127.677376 8 0 0
-24.079321 -50.047928 89.847038 8 0 0
-2.407932 -12.511982 4.728791 8 0 0
-2.407932 -37.535946 1172.740356 8 0 0
-2.407932 -87.583870 18.915165 8 0 0
19.263456 -50.047928 146.592545 8 0 0
152.236542 -25.023964 28.372749 9 0 0
-19.263456 -25.023964 146.592545 9 0 0
-19.263456 -50.047928 160.778915 9 0 0
2.407932 -12.511982 33.101543 9 0 0
2.407932 -37.535946 548.539795 9 0 0
2.407932 -62.559910 18.915165 9 0 0
45.750710 -37.535946 33.101543 9 0 0
54.446884 -102.646088 33.101543 10 0 0
-52.974503 8.341321 14.186375 10 0 0
-24.079321 -25.023964 255.354752 10 0 0
-2.407932 -37.535946 198.609253 10 0 0
-2.407932 -62.559910 47.287918 10 0 0
19.263456 -25.023964 14.186375 10 0 0
19.263456 -50.047928 108.762207 10 0 0
-89.630310 -33.365284 9.457582 11 0 0
-47.223087 -81.792786 70.931870 11 0 0
-26.487251 -4.170660 4.728791 11 0 0
-40.934845 -62.559910 4.728791 11 0 0
-19.263456 -25.023964 28.372749 11 0 0
-19.263456 -50.047928 137.134949 11 0 0
2.407932 -37.535946 160.778915 11 0 0
-31.303116 -4.170660 9.457582 12 0 0
-9.631728 8.341321 9.457582 12 0 0
-45.750710 -62.559910 4.728791 12 0 0
-24.079321 -25.023964 127.677376 12 0 0
-24.079321 -50.047928 80.389458 12 0 0
-2.407932 -12.511982 18.915165 12 0 0
-2.407932 -37.535946 127.677376 12 0 0
-47.223087 -81.792786 4.728791 13 0 0
-40.934845 -37.535946 14.186375 13 0 0
-40.934845 -62.559910 18.915165 13 0 0
-19.263456 -25.023964 47.287918 13 0 0
2.407932 -62.559910 23.643959 13 0 0
54.446884 -127.670052 18.915165 14 0 0
-24.079321 -25.023964 89.847038 14 0 0
19.263456 -50.047928 56.745499 14 0 0
-19.263456 -50.047928 66.203087 15 0 0
24.079321 -25.023964 108.762207 15 0 0
-24.079321 -25.023964 70.931870 16 0 0
-2.407932 -12.511982 89.847038 16 0 0
-2.407932 -37.535946 9.457582 16 0 0
-2.407932 -62.559910 14.186375 16 0 0
2.407932 -37.535946 18.915165 17 0 0
-24.079321 -25.023964 9.457582 18 0 0
12.039660 4.170660 9.457582 20 1 0
-9.631728 8.341321 2.091029 0 0 0
19.263456 -25.023964 6.273088 0 0 0
-4.815864 8.341321 3.803583 1 0 0
-9.631728 8.341321 5.695957 2 0 0
-4.815864 8.341321 6.524833 3 0 0
24.079321 -25.023964 16.312084 3 0 0
-9.631728 33.365284 3.735510 4 0 0
-9.631728 8.341321 41.090607 4 0 0
12.039660 4.170660 18.677551 4 0 0
-4.815864 8.341321 480.099335 5 0 0
16.855524 4.170660 8.890727 5 0 0
-9.631728 33.365284 9.457582 6 0 0
-9.631728 8.341321 472.879120 6 0 0
12.039660 29.194624 42.559120 6 0 0
12.039660 4.170660 179.694077 6 0 0
33.711048 16.682642 146.592545 6 0 0
-4.815864 8.341321 945.758240 7 0 0
16.855524 29.194624 18.915165 7 0 0
16.855524 4.170660 52.016701 7 0 0
-9.631728 33.365284 28.372749 8 0 0
-9.631728 8.341321 472.879120 8 0 0
12.039660 54.218586 61.474293 8 0 0
12.039660 29.194624 160.778915 8 0 0
12.039660 4.170660 472.879120 8 0 0
-2.407932 -12.511982 9.457582 8 0 0
-39.999290 85.963448 9.457582 9 0 0
-26.487251 45.877266 33.101543 9 0 0
-4.815864 33.365284 14.186375 9 0 0
-4.815864 8.341321 718.776306 9 0 0
16.855524 29.194624 66.203087 9 0 0
16.855524 4.170660 9.457582 9 0 0
38.526913 41.706604 33.101543 9 0 0
38.526913 16.682642 28.372749 9 0 0
-40.934845 -37.535946 18.915165 9 0 0
2.407932 -12.511982 4.728791 9 0 0
67.422096 -50.047928 4.728791 9 0 0
-9.631728 8.341321 217.524414 10 0 0
12.039660 29.194624 52.016701 10 0 0
12.039660 4.170660 321.557831 10 0 0
-2.407932 -12.511982 4.728791 10 0 0
-48.158642 33.365284 14.186375 11 0 0
-26.487251 -4.170660 28.372749 11 0 0
-4.815864 8.341321 146.592545 11 0 0
16.855524 29.194624 52.016701 11 0 0
16.855524 4.170660 99.304626 11 0 0
-9.631728 33.365284 33.101543 12 0 0
-9.631728 8.341321 70.931870 12 0 0
12.039660 29.194624 23.643959 12 0 0
12.039660 4.170660 127.677376 12 0 0
33.711048 66.730568 23.643959 12 0 0
33.711048 16.682642 37.830330 12 0 0
55.382435 4.170660 89.847038 12 0 0
40.934845 -37.535946 14.186375 12 0 0
-26.487251 20.853302 14.186375 13 0 0
-4.815864 8.341321 160.778915 13 0 0
16.855524 29.194624 23.643959 13 0 0
16.855524 4.170660 42.559120 13 0 0
2.407932 -12.511982 4.728791 13 0 0
18.327904 98.475433 28.372749 14 0 0
-73.710342 -94.304771 14.186375 14 0 0
-9.631728 8.341321 47.287918 14 0 0
12.039660 79.242554 9.457582 14 0 0
12.039660 29.194624 33.101543 14 0 0
12.039660 4.170660 61.474293 14 0 0
-4.815864 8.341321 89.847038 15 0 0
16.855524 29.194624 9.457582 15 0 0
16.855524 4.170660 37.830330 15 0 0
-9.631728 8.341321 89.847038 16 0 0
-2.407932 -12.511982 28.372749 16 0 0
-4.815864 8.341321 23.643959 17 0 0
-26.487251 45.877266 18.915165 19 0 0
16.855524 29.194624 28.372749 19 0 0
-4.815864 8.341321 28.372749 21 0 0
12.039660 29.194624 14.186375 22 1 0
12.039660 29.194624 3.136544 0 0 0
-4.815864 8.341321 5.705375 1 0 0
12.039660 29.194624 37.023716 2 0 0
12.039660 4.170660 8.543936 2 0 0
19.263456 -25.023964 14.239892 2 0 0
-4.815864 8.341321 176.170502 3 0 0
12.039660 29.194624 254.014679 4 0 0
12.039660 4.170660 7.471019 4 0 0
-4.815864 33.365284 26.672184 5 0 0
-4.815864 8.341321 480.099335 5 0 0
16.855524 29.194624 26.672184 5 0 0
-31.303116 20.853302 56.745499 6 0 0
-9.631728 33.365284 321.557831 6 0 0
-9.631728 8.341321 274.269897 6 0 0
12.039660 29.194624 718.776306 6 0 0
12.039660 4.170660 80.389458 6 0 0
55.382435 29.194624 18.915165 6 0 0
101.669975 20.853302 4.728791 7 0 0
-26.487251 -4.170660 14.186375 7 0 0
-4.815864 33.365284 359.388153 7 0 0
-4.815864 8.341321 397.218506 7 0 0
16.855524 29.194624 42.559120 7 0 0
16.855524 4.170660 236.439560 7 0 0
-62.606232 -50.047928 4.728791 7 0 0
-52.974503 8.341321 14.186375 8 0 0
-9.631728 33.365284 359.388153 8 0 0
-9.631728 8.341321 510.709503 8 0 0
12.039660 29.194624 321.557831 8 0 0
12.039660 4.170660 89.847038 8 0 0
33.711048 -8.341321 37.830330 8 0 0
-2.407932 -12.511982 9.457582 8 0 0
-39.999290 85.963448 28.372749 9 0 0
-26.487251 20.853302 23.643959 9 0 0
-4.815864 33.365284 179.694077 9 0 0
-4.815864 8.341321 586.370178 9 0 0
16.855524 29.194624 99.304626 9 0 0
38.526913 16.682642 4.728791 9 0 0
205.211044 -8.341321 18.915165 10 0 0
-31.303116 45.877266 108.762207 10 0 0
-31.303116 20.853302 28.372749 10 0 0
-9.631728 33.365284 127.677376 10 0 0
-9.631728 8.341321 37.830330 10 0 0
12.039660 29.194624 236.439560 10 0 0
12.039660 4.170660 4.728791 10 0 0
33.711048 66.730568 9.457582 10 0 0
-26.487251 20.853302 52.016701 11 0 0
-4.815864 33.365284 217.524414 11 0 0
-4.815864 8.341321 108.762207 11 0 0
16.855524 54.218586 198.609253 11 0 0
16.855524 29.194624 146.592545 11 0 0
16.855524 4.170660 99.304626 11 0 0
24.079321 -25.023964 33.101543 11 0 0
-31.303116 20.853302 9.457582 12 0 0
-31.303116 -4.170660 9.457582 12 0 0
-9.631728 33.365284 37.830330 12 0 0
-9.631728 8.341321 23.643959 12 0 0
12.039660 29.194624 179.694077 12 0 0
12.039660 4.170660 118.219780 12 0 0
-4.815864 33.365284 33.101543 13 0 0
16.855524 4.170660 47.287918 13 0 0
12.039660 29.194624 66.203087 14 0 0
12.039660 4.170660 37.830330 14 0 0
-2.407932 -12.511982 42.559120 14 0 0
-4.815864 33.365284 217.524414 15 0 0
-4.815864 8.341321 33.101543 15 0 0
16.855524 29.194624 42.559120 15 0 0
12.039660 29.194624 37.830330 16 0 0
12.039660 4.170660 18.915165 16 0 0
33.711048 -8.341321 4.728791 16 0 0
-61.670681 73.451469 28.372749 17 0 0
38.526913 16.682642 80.389458 17 0 0
2.407932 -12.511982 14.186375 17 0 0
-26.487251 20.853302 12.769663 23 1 0
12.039660 29.194624 2.091029 0 0 0
-4.815864 33.365284 3.803583 1 0 0
12.039660 29.194624 48.415634 2 0 0
-4.815864 58.389248 45.673832 3 0 0
-4.815864 33.365284 101.134911 3 0 0
-9.631728 33.365284 11.206531 4 0 0
12.039660 29.194624 63.503670 4 0 0
-26.487251 45.877266 53.344368 5 0 0
-4.815864 33.365284 204.486740 5 0 0
16.855524 54.218586 13.336092 5 0 0
2.407932 -87.583870 13.336092 5 0 0
-9.631728 33.365284 179.694077 6 0 0
12.039660 29.194624 321.557831 6 0 0
-4.815864 33.365284 548.539795 7 0 0
16.855524 29.194624 37.830330 7 0 0
-9.631728 33.365284 80.389458 8 0 0
12.039660 29.194624 293.185089 8 0 0
12.039660 4.170660 14.186375 8 0 0
33.711048 16.682642 9.457582 8 0 0
-4.815864 58.389248 4.728791 9 0 0
-4.815864 33.365284 586.370178 9 0 0
16.855524 29.194624 80.389458 9 0 0
38.526913 41.706604 18.915165 9 0 0
38.526913 16.682642 9.457582 9 0 0
-9.631728 33.365284 255.354752 10 0 0
12.039660 54.218586 146.592545 10 0 0
12.039660 29.194624 945.758240 10 0 0
44.815155 85.963448 9.457582 11 0 0
-26.487251 -4.170660 9.457582 11 0 0
-4.815864 58.389248 56.745499 11 0 0
-4.815864 33.365284 643.115662 11 0 0
16.855524 54.218586 14.186375 11 0 0
16.855524 29.194624 14.186375 11 0 0
-9.631728 58.389248 47.287918 12 0 0
-9.631728 33.365284 217.524414 12 0 0
12.039660 79.242554 33.101543 12 0 0
12.039660 54.218586 56.745499 12 0 0
12.039660 29.194624 236.439560 12 0 0
55.382435 54.218586 9.457582 12 0 0
-2.407932 -12.511982 9.457582 12 0 0
-61.670681 73.451469 28.372749 13 0 0
-4.815864 58.389248 14.186375 13 0 0
-4.815864 33.365284 236.439560 13 0 0
16.855524 54.218586 66.203087 13 0 0
16.855524 29.194624 42.559120 13 0 0
-9.631728 33.365284 80.389458 14 0 0
-9.631728 8.341321 14.186375 14 0 0
12.039660 79.242554 9.457582 14 0 0
12.039660 54.218586 23.643959 14 0 0
12.039660 29.194624 56.745499 14 0 0
33.711048 66.730568 4.728791 14 0 0
-48.158642 33.365284 18.915165 15 0 0
-26.487251 -4.170660 80.389458 15 0 0
-4.815864 33.365284 80.389458 15 0 0
12.039660 54.218586 9.457582 16 0 0
12.039660 29.194624 37.830330 16 0 0
-4.815864 33.365284 33.101543 17 0 0
16.855524 29.194624 33.101543 17 0 0
38.526913 16.682642 4.728791 17 0 0
-4.815864 33.365284 47.287918 19 0 0
39.999290 85.963448 18.915165 20 0 0
-31.303116 45.877266 23.643959 20 0 0
-9.631728 83.413208 33.101543 20 0 0
-154.644470 29.194624 14.186375 21 0 0
44.815155 110.987411 37.830330 21 0 0
16.855524 54.218586 42.559120 21 0 0
16.855524 29.194624 51.078651 23 0 0
-9.631728 58.389248 79.929207 24 1 0
-2.407932 -12.511982 2.091029 0 0 0
2.407932 -12.511982 3.803583 1 0 0
-2.407932 -12.511982 11.391913 2 0 0
-125.749290 -62.559910 29.361746 3 0 0
2.407932 -12.511982 189.220139 3 0 0
-2.407932 -12.511982 283.898743 4 0 0
-26.487251 -4.170660 13.336092 5 0 0
16.855524 29.194624 17.781454 5 0 0
2.407932 -12.511982 480.099335 5 0 0
-9.631728 8.341321 14.186375 6 0 0
12.039660 4.170660 80.389458 6 0 0
33.711048 16.682642 61.474293 6 0 0
-2.407932 -12.511982 1172.740356 6 0 0
19.263456 -25.023964 137.134949 6 0 0
-19.263456 -25.023964 80.389458 7 0 0
2.407932 -12.511982 945.758240 7 0 0
45.750710 -62.559910 47.287918 7 0 0
-9.631728 8.341321 28.372749 8 0 0
-24.079321 -25.023964 33.101543 8 0 0
-2.407932 -12.511982 548.539795 8 0 0
19.263456 -25.023964 9.457582 8 0 0
-26.487251 -4.170660 89.847038 9 0 0
-4.815864 33.365284 9.457582 9 0 0
-4.815864 8.341321 14.186375 9 0 0
16.855524 4.170660 14.186375 9 0 0
-19.263456 -25.023964 70.931870 9 0 0
2.407932 -12.511982 718.776306 9 0 0
24.079321 -25.023964 70.931870 9 0 0
-94.446175 -33.365284 89.847038 10 0 0
-9.631728 33.365284 14.186375 10 0 0
-9.631728 8.341321 61.474293 10 0 0
-2.407932 -12.511982 274.269897 10 0 0
-2.407932 -37.535946 33.101543 10 0 0
19.263456 -25.023964 66.203087 10 0 0
-26.487251 -4.170660 118.219780 11 0 0
-4.815864 8.341321 56.745499 11 0 0
16.855524 54.218586 18.915165 11 0 0
16.855524 4.170660 23.643959 11 0 0
2.407932 -12.511982 435.048828 11 0 0
24.079321 -25.023964 9.457582 11 0 0
96.854111 20.853302 99.304626 12 0 0
33.711048 -8.341321 28.372749 12 0 0
55.382435 29.194624 42.559120 12 0 0
-2.407932 -12.511982 66.203087 12 0 0
-89.630310 -33.365284 14.186375 13 0 0
-69.830025 -29.194624 4.728791 13 0 0
16.855524 29.194624 9.457582 13 0 0
2.407932 -12.511982 52.016701 13 0 0
24.079321 -25.023964 4.728791 13 0 0
-4.815864 8.341321 37.830330 15 0 0
2.407932 -12.511982 14.186375 15 0 0
45.750710 -37.535946 47.287918 15 0 0
-31.303116 -4.170660 37.830330 16 0 0
-2.407932 -37.535946 56.745499 16 0 0
-9.631728 8.341321 37.830330 18 0 0
-2.407932 -12.511982 9.457582 18 1 0
12.039660 29.194624 2.091029 0 0 0
16.855524 29.194624 3.803583 1 0 0
60.198299 4.170660 7.607167 1 0 0
-44.815155 85.963448 28.479784 2 0 0
-74.645889 -29.194624 25.631804 2 0 0
12.039660 29.194624 37.023716 2 0 0
-69.830025 -29.194624 16.312084 3 0 0
-4.815864 8.341321 61.985916 3 0 0
16.855524 29.194624 75.035583 3 0 0
16.855524 4.170660 39.149002 3 0 0
-74.645889 -29.194624 14.942039 4 0 0
12.039660 29.194624 254.014679 4 0 0
12.039660 4.170660 70.974686 4 0 0
-69.830025 -29.194624 22.226820 5 0 0
-4.815864 58.389248 13.336092 5 0 0
-4.815864 33.365284 93.352646 5 0 0
-4.815864 8.341321 746.821167 5 0 0
16.855524 54.218586 17.781454 5 0 0
16.855524 29.194624 275.612579 5 0 0
-74.645889 -29.194624 18.915165 6 0 0
-31.303116 20.853302 33.101543 6 0 0
-9.631728 58.389248 14.186375 6 0 0
-9.631728 33.365284 108.762207 6 0 0
-9.631728 8.341321 137.134949 6 0 0
12.039660 29.194624 510.709503 6 0 0
12.039660 4.170660 89.847038 6 0 0
33.711048 16.682642 23.643959 6 0 0
-69.830025 -29.194624 14.186375 7 0 0
-4.815864 83.413208 14.186375 7 0 0
-4.815864 58.389248 18.915165 7 0 0
-4.815864 33.365284 321.557831 7 0 0
-4.815864 8.341321 236.439560 7 0 0
16.855524 29.194624 397.218506 7 0 0
16.855524 4.170660 359.388153 7 0 0
38.526913 16.682642 80.389458 7 0 0
2.407932 -12.511982 321.557831 7 0 0
-23.143768 98.475433 14.186375 8 0 0
-52.974503 -16.682642 14.186375 8 0 0
-9.631728 33.365284 160.778915 8 0 0
-9.631728 8.341321 47.287918 8 0 0
12.039660 29.194624 321.557831 8 0 0
12.039660 4.170660 160.778915 8 0 0
33.711048 16.682642 4.728791 8 0 0
55.382435 4.170660 66.203087 8 0 0
-2.407932 -12.511982 18.915165 8 0 0
-25.551701 127.670052 37.830330 9 0 0
101.669975 -4.170660 14.186375 9 0 0
-48.158642 -16.682642 42.559120 9 0 0
-4.815864 33.365284 9.457582 9 0 0
16.855524 29.194624 118.219780 9 0 0
16.855524 4.170660 47.287918 9 0 0
38.526913 16.682642 47.287918 9 0 0
60.198299 4.170660 47.287918 9 0 0
2.407932 -12.511982 33.101543 9 0 0
24.079321 -25.023964 14.186375 9 0 0
-30.367563 127.670052 18.915165 10 0 0
-9.631728 58.389248 28.372749 10 0 0
-9.631728 8.341321 9.457582 10 0 0
12.039660 29.194624 56.745499 10 0 0
12.039660 4.170660 14.186375 10 0 0
33.711048 -8.341321 33.101543 10 0 0
77.053825 -8.341321 56.745499 10 0 0
-45.750710 -37.535946 9.457582 10 0 0
-24.079321 -25.023964 9.457582 10 0 0
-132.973083 -8.341321 28.372749 11 0 0
-25.551701 152.694016 14.186375 11 0 0
101.669975 -4.170660 89.847038 11 0 0
16.855524 29.194624 37.830330 11 0 0
16.855524 4.170660 33.101543 11 0 0
60.198299 4.170660 42.559120 11 0 0
-40.934845 -37.535946 14.186375 11 0 0
-19.263456 -25.023964 9.457582 11 0 0
-30.367563 152.694016 33.101543 12 0 0
96.854111 -29.194624 14.186375 12 0 0
-9.631728 33.365284 9.457582 12 0 0
12.039660 79.242554 14.186375 12 0 0
12.039660 29.194624 42.559120 12 0 0
12.039660 4.170660 18.915165 12 0 0
-45.750710 -37.535946 14.186375 12 0 0
-24.079321 -25.023964 28.372749 12 0 0
-47.223087 190.229965 14.186375 13 0 0
-4.815864 33.365284 9.457582 13 0 0
16.855524 29.194624 118.219780 13 0 0
16.855524 4.170660 18.915165 13 0 0
38.526913 16.682642 14.186375 13 0 0
81.869690 -33.365284 80.389458 13 0 0
-40.934845 -37.535946 56.745499 13 0 0
-19.263456 -50.047928 14.186375 13 0 0
-52.038952 190.229965 14.186375 14 0 0
-24.079321 -50.047928 18.915165 14 0 0
-47.223087 215.253922 14.186375 15 0 0
-19.263456 -50.047928 23.643959 15 0 0
-73.710342 227.765915 23.643959 16 0 0
-24.079321 -50.047928 23.643959 16 0 0
-68.894478 227.765915 9.457582 17 0 0
-19.263456 -50.047928 18.915165 17 0 0
-24.079321 -50.047928 33.101543 18 0 0
-40.934845 -62.559910 18.915165 19 0 0
-24.079321 -75.071892 18.915165 20 0 0
-19.263456 -75.071892 14.186375 21 0 0
-24.079321 -75.071892 18.915165 22 0 0
-30.367563 -94.304771 31.971682 24 0 0
-25.551701 -94.304771 47.957523 25 0 0
-30.367563 -94.304771 39.964603 26 0 0
-25.551701 -119.328735 63.943363 27 0 0
-30.367563 -119.328735 55.950447 28 0 0
-25.551701 -119.328735 63.943363 29 0 0
-30.367563 -119.328735 167.851334 30 1 0
-2.407932 -12.511982 2.091029 0 0 0
-4.815864 8.341321 3.803583 1 0 0
-2.407932 -12.511982 22.783827 2 0 0
-4.815864 8.341321 6.524833 3 0 0
-2.407932 -12.511982 85.916733 4 0 0
-4.815864 8.341321 66.680458 5 0 0
-52.974503 -16.682642 18.915165 6 0 0
-31.303116 -4.170660 4.728791 6 0 0
-9.631728 8.341321 9.457582 6 0 0
-45.750710 -37.535946 33.101543 6 0 0
-2.407932 -12.511982 198.609253 6 0 0
19.263456 -25.023964 9.457582 6 0 0
-69.830025 -29.194624 52.016701 7 0 0
-26.487251 -4.170660 14.186375 7 0 0
-4.815864 8.341321 321.557831 7 0 0
2.407932 -12.511982 4.728791 7 0 0
-31.303116 -4.170660 108.762207 8 0 0
-9.631728 8.341321 198.609253 8 0 0
33.711048 16.682642 14.186375 8 0 0
-2.407932 -12.511982 1097.079590 8 0 0
19.263456 -25.023964 47.287918 8 0 0
-26.487251 -4.170660 794.437012 9 0 0
-4.815864 8.341321 870.097656 9 0 0
16.855524 4.170660 70.931870 9 0 0
-19.263456 -25.023964 137.134949 9 0 0
2.407932 -12.511982 586.370178 9 0 0
2.407932 -37.535946 28.372749 9 0 0
45.750710 -37.535946 4.728791 9 0 0
-52.974503 -16.682642 18.915165 10 0 0
-31.303116 -4.170660 118.219780 10 0 0
-9.631728 8.341321 293.185089 10 0 0
33.711048 16.682642 37.830330 10 0 0
-45.750710 -37.535946 28.372749 10 0 0
-24.079321 -25.023964 99.304626 10 0 0
-2.407932 -12.511982 293.185089 10 0 0
-2.407932 -37.535946 9.457582 10 0 0
-89.630310 -8.341321 14.186375 11 0 0
-26.487251 45.877266 66.203087 11 0 0
-26.487251 -4.170660 80.389458 11 0 0
-4.815864 8.341321 255.354752 11 0 0
16.855524 54.218586 18.915165 11 0 0
38.526913 -8.341321 14.186375 11 0 0
-19.263456 -25.023964 14.186375 11 0 0
2.407932 -12.511982 127.677376 11 0 0
24.079321 -25.023964 52.016701 11 0 0
-52.974503 -16.682642 14.186375 12 0 0
-31.303116 -4.170660 14.186375 12 0 0
-9.631728 8.341321 127.677376 12 0 0
12.039660 4.170660 4.728791 12 0 0
-45.750710 -37.535946 14.186375 12 0 0
-24.079321 -25.023964 18.915165 12 0 0
-2.407932 -12.511982 146.592545 12 0 0
-48.158642 -16.682642 33.101543 13 0 0
-26.487251 -4.170660 99.304626 13 0 0
-4.815864 33.365284 23.643959 13 0 0
-4.815864 8.341321 70.931870 13 0 0
-40.934845 -37.535946 4.728791 13 0 0
-19.263456 -25.023964 33.101543 13 0 0
2.407932 -12.511982 179.694077 13 0 0
-31.303116 -4.170660 56.745499 14 0 0
12.039660 4.170660 28.372749 14 0 0
55.382435 4.170660 18.915165 14 0 0
77.053825 -8.341321 9.457582 14 0 0
-45.750710 -37.535946 37.830330 14 0 0
-26.487251 -4.170660 70.931870 15 0 0
-4.815864 8.341321 146.592545 15 0 0
24.079321 -25.023964 9.457582 15 0 0
-9.631728 8.341321 80.389458 16 0 0
-9.631728 8.341321 47.287918 18 0 0
2.407932 -62.559910 51.078651 23 1 0
-9.631728 33.365284 17.773748 0 0 0
-26.487251 20.853302 5.705375 1 0 0
-4.815864 33.365284 15.214334 1 0 0
-9.631728 33.365284 59.807549 2 0 0
-4.815864 33.365284 101.134911 3 0 0
-9.631728 33.365284 231.601624 4 0 0
12.039660 29.194624 44.826122 4 0 0
23.143768 98.475433 8.890727 5 0 0
-4.815864 58.389248 444.536346 5 0 0
-4.815864 33.365284 604.569519 5 0 0
16.855524 79.242554 17.781454 5 0 0
-94.446175 16.682642 18.915165 6 0 0
97.789658 -94.304771 23.643959 6 0 0
-9.631728 33.365284 643.115662 6 0 0
-9.631728 8.341321 14.186375 6 0 0
12.039660 29.194624 179.694077 6 0 0
40.934845 -37.535946 33.101543 6 0 0
37.591358 -90.134109 89.847038 7 0 0
-4.815864 33.365284 945.758240 7 0 0
16.855524 29.194624 9.457582 7 0 0
24.079321 -75.071892 9.457582 7 0 0
76.118271 -65.110146 28.372749 8 0 0
-9.631728 58.389248 9.457582 8 0 0
-9.631728 33.365284 397.218506 8 0 0
-9.631728 8.341321 14.186375 8 0 0
12.039660 54.218586 108.762207 8 0 0
12.039660 29.194624 118.219780 8 0 0
12.039660 4.170660 198.609253 8 0 0
33.711048 66.730568 18.915165 8 0 0
33.711048 16.682642 28.372749 8 0 0
-4.815864 33.365284 870.097656 9 0 0
-4.815864 8.341321 23.643959 9 0 0
16.855524 4.170660 4.728791 9 0 0
-74.645889 -4.170660 28.372749 10 0 0
-9.631728 83.413208 9.457582 10 0 0
-9.631728 33.365284 236.439560 10 0 0
-9.631728 8.341321 18.915165 10 0 0
12.039660 54.218586 14.186375 10 0 0
12.039660 29.194624 80.389458 10 0 0
12.039660 4.170660 52.016701 10 0 0
23.143768 98.475433 18.915165 11 0 0
-26.487251 20.853302 14.186375 11 0 0
-4.815864 33.365284 118.219780 11 0 0
-4.815864 8.341321 18.915165 11 0 0
-19.263456 -25.023964 14.186375 11 0 0
-66.486542 98.475433 14.186375 12 0 0
-9.631728 33.365284 89.847038 12 0 0
-9.631728 8.341321 70.931870 12 0 0
12.039660 54.218586 160.778915 12 0 0
12.039660 29.194624 99.304626 12 0 0
-4.815864 33.365284 14.186375 13 0 0
16.855524 79.242554 18.915165 13 0 0
16.855524 29.194624 18.915165 13 0 0
38.526913 -8.341321 9.457582 13 0 0
60.198299 29.194624 28.372749 13 0 0
54.446884 -77.622124 4.728791 14 0 0
12.039660 29.194624 9.457582 14 0 0
-2.407932 -12.511982 14.186375 14 0 0
62.606232 -50.047928 99.304626 14 0 0
23.143768 98.475433 66.203087 15 0 0
-26.487251 -4.170660 18.915165 15 0 0
-4.815864 33.365284 28.372749 15 0 0
83.342072 85.963448 61.474293 16 0 0
-31.303116 20.853302 37.830330 16 0 0
-52.974503 -16.682642 47.287918 18 1 0
-2.407932 -37.535946 3.136544 0 0 0
2.407932 -37.535946 7.607167 1 0 0
-2.407932 -37.535946 37.023716 2 0 0
-19.263456 -25.023964 22.836916 3 0 0
2.407932 -37.535946 9.787251 3 0 0
-24.079321 -25.023964 14.942039 4 0 0
-2.407932 -37.535946 70.974686 4 0 0
-19.263456 -25.023964 75.571190 5 0 0
2.407932 -37.535946 240.049667 5 0 0
-24.079321 -25.023964 127.677376 6 0 0
-24.079321 -50.047928 89.847038 6 0 0
-2.407932 -37.535946 510.709503 6 0 0
-19.263456 -25.023964 397.218506 7 0 0
2.407932 -12.511982 28.372749 7 0 0
2.407932 -37.535946 586.370178 7 0 0
-66.486542 98.475433 4.728791 8 0 0
-24.079321 -25.023964 47.287918 8 0 0
-2.407932 -12.511982 23.643959 8 0 0
-2.407932 -37.535946 321.557831 8 0 0
19.263456 -25.023964 137.134949 8 0 0
-19.263456 -25.023964 321.557831 9 0 0
-19.263456 -50.047928 33.101543 9 0 0
2.407932 -37.535946 718.776306 9 0 0
12.039660 29.194624 9.457582 10 0 0
-24.079321 -25.023964 397.218506 10 0 0
-24.079321 -50.047928 4.728791 10 0 0
-2.407932 -12.511982 23.643959 10 0 0
-2.407932 -37.535946 236.439560 10 0 0
19.263456 -25.023964 33.101543 10 0 0
19.263456 -50.047928 37.830330 10 0 0
-48.158642 33.365284 18.915165 11 0 0
-26.487251 -4.170660 70.931870 11 0 0
-19.263456 -25.023964 255.354752 11 0 0
2.407932 -12.511982 37.830330 11 0 0
2.407932 -37.535946 198.609253 11 0 0
54.446884 -77.622124 42.559120 12 0 0
-138.724503 -90.134109 4.728791 12 0 0
-24.079321 -25.023964 127.677376 12 0 0
-24.079321 -50.047928 23.643959 12 0 0
-2.407932 -12.511982 66.203087 12 0 0
-2.407932 -37.535946 359.388153 12 0 0
40.934845 -37.535946 80.389458 12 0 0
15.919971 -152.694016 37.830330 13 0 0
15.919971 -177.717987 14.186375 13 0 0
-69.830025 -4.170660 23.643959 13 0 0
60.198299 4.170660 18.915165 13 0 0
-19.263456 -25.023964 397.218506 13 0 0
2.407932 -37.535946 118.219780 13 0 0
45.750710 -37.535946 4.728791 13 0 0
-44.815155 110.987411 137.134949 14 0 0
104.077904 -50.047928 18.915165 14 0 0
-52.974503 8.341321 37.830330 14 0 0
-24.079321 -50.047928 9.457582 14 0 0
-2.407932 -12.511982 33.101543 14 0 0
-2.407932 -37.535946 66.203087 14 0 0
38.526913 -8.341321 9.457582 15 0 0
-19.263456 -25.023964 47.287918 15 0 0
-19.263456 -50.047928 99.304626 15 0 0
2.407932 -12.511982 66.203087 15 0 0
2.407932 -37.535946 33.101543 15 0 0
24.079321 -25.023964 14.186375 15 0 0
61.670681 -198.571289 9.457582 16 0 0
-52.038952 -106.816750 4.728791 16 0 0
-2.407932 -37.535946 28.372749 16 0 0
-47.223087 -81.792786 18.915165 17 0 0
-25.551701 -144.352692 14.186375 17 0 0
-31.303116 20.853302 14.186375 18 0 0
-24.079321 -25.023964 61.474293 18 0 0
-2.407932 -37.535946 42.559120 18 0 0
-19.263456 -25.023964 42.559120 19 0 0
-45.750710 -37.535946 18.915165 20 0 0
2.407932 -37.535946 33.101543 21 0 0
2.407932 -62.559910 14.186375 21 0 0
-47.223087 -81.792786 63.848320 23 0 0
101.669975 -4.170660 15.985841 25 1 0
-2.407932 -37.535946 2.091029 0 0 0
2.407932 -37.535946 3.803583 1 0 0
-2.407932 -37.535946 5.695957 2 0 0
101.669975 -4.170660 16.312084 3 0 0
2.407932 -37.535946 123.971832 3 0 0
-2.407932 -37.535946 171.833466 4 0 0
-19.263456 -50.047928 26.672184 5 0 0
2.407932 -37.535946 373.410583 5 0 0
-24.079321 -50.047928 4.728791 6 0 0
-2.407932 -12.511982 4.728791 6 0 0
-2.407932 -37.535946 870.097656 6 0 0
-25.551701 -94.304771 14.186375 7 0 0
-40.934845 -37.535946 9.457582 7 0 0
-19.263456 -25.023964 9.457582 7 0 0
-19.263456 -50.047928 33.101543 7 0 0
2.407932 -37.535946 945.758240 7 0 0
24.079321 -50.047928 18.915165 7 0 0
32.775497 -90.134109 18.915165 8 0 0
-24.079321 -25.023964 4.728791 8 0 0
-24.079321 -50.047928 9.457582 8 0 0
-2.407932 -12.511982 14.186375 8 0 0
-2.407932 -37.535946 586.370178 8 0 0
-2.407932 -62.559910 9.457582 8 0 0
19.263456 -50.047928 9.457582 8 0 0
-19.263456 -25.023964 28.372749 9 0 0
2.407932 -12.511982 274.269897 9 0 0
2.407932 -37.535946 643.115662 9 0 0
2.407932 -62.559910 28.372749 9 0 0
24.079321 -25.023964 4.728791 9 0 0
33.711048 -8.341321 18.915165 10 0 0
-2.407932 -37.535946 548.539795 10 0 0
-2.407932 -62.559910 9.457582 10 0 0
19.263456 -50.047928 4.728791 10 0 0
-4.815864 8.341321 14.186375 11 0 0
-40.934845 -62.559910 4.728791 11 0 0
-19.263456 -50.047928 42.559120 11 0 0
2.407932 -37.535946 160.778915 11 0 0
2.407932 -62.559910 99.304626 11 0 0
24.079321 -50.047928 23.643959 11 0 0
-31.303116 20.853302 18.915165 12 0 0
-24.079321 -50.047928 56.745499 12 0 0
-2.407932 -12.511982 4.728791 12 0 0
-2.407932 -37.535946 108.762207 12 0 0
-2.407932 -62.559910 33.101543 12 0 0
19.263456 -50.047928 70.931870 12 0 0
59.262749 -77.622124 160.778915 13 0 0
2.407932 -37.535946 160.778915 13 0 0
24.079321 -50.047928 47.287918 13 0 0
24.079321 -75.071892 108.762207 13 0 0
-45.750710 -37.535946 47.287918 14 0 0
-24.079321 -25.023964 14.186375 14 0 0
-24.079321 -50.047928 118.219780 14 0 0
-2.407932 -12.511982 61.474293 14 0 0
-2.407932 -37.535946 42.559120 14 0 0
19.263456 -50.047928 18.915165 14 0 0
-4.815864 8.341321 37.830330 15 0 0
2.407932 -37.535946 37.830330 15 0 0
67.422096 -50.047928 14.186375 15 0 0
-24.079321 -25.023964 14.186375 16 0 0
-2.407932 -12.511982 14.186375 16 0 0
-2.407932 -37.535946 23.643959 16 0 0
19.263456 -25.023964 14.186375 16 0 0
40.934845 -37.535946 9.457582 16 0 0
-90.565865 -115.158073 14.186375 17 0 0
2.407932 -37.535946 14.186375 17 0 0
-2.407932 -62.559910 23.643959 18 1 0
-9.631728 8.341321 4.182058 0 0 0
-4.815864 8.341321 3.803583 1 0 0
-9.631728 8.341321 28.479784 2 0 0
-4.815864 8.341321 137.021500 3 0 0
-9.631728 8.341321 156.891434 4 0 0
12.039660 4.170660 93.387741 4 0 0
-4.815864 8.341321 337.847656 5 0 0
16.855524 4.170660 22.226820 5 0 0
-9.631728 8.341321 643.115662 6 0 0
12.039660 4.170660 56.745499 6 0 0
-4.815864 33.365284 9.457582 7 0 0
-4.815864 8.341321 1437.552612 7 0 0
2.407932 -12.511982 179.694077 7 0 0
-31.303116 20.853302 9.457582 8 0 0
-9.631728 8.341321 548.539795 8 0 0
12.039660 4.170660 89.847038 8 0 0
-2.407932 -12.511982 47.287918 8 0 0
-69.830025 -4.170660 18.915165 9 0 0
-26.487251 -4.170660 14.186375 9 0 0
-4.815864 8.341321 794.437012 9 0 0
16.855524 4.170660 80.389458 9 0 0
38.526913 16.682642 9.457582 9 0 0
-19.263456 -25.023964 37.830330 9 0 0
2.407932 -12.511982 80.389458 9 0 0
-116.117561 -20.853302 56.745499 10 0 0
11.104108 119.328735 37.830330 10 0 0
-117.053116 -77.622124 4.728791 10 0 0
-31.303116 45.877266 9.457582 10 0 0
-31.303116 -4.170660 56.745499 10 0 0
-9.631728 33.365284 47.287918 10 0 0
-9.631728 8.341321 472.879120 10 0 0
12.039660 4.170660 37.830330 10 0 0
33.711048 -8.341321 4.728791 10 0 0
-2.407932 -12.511982 255.354752 10 0 0
-26.487251 20.853302 160.778915 11 0 0
-26.487251 -4.170660 14.186375 11 0 0
-4.815864 33.365284 18.915165 11 0 0
-4.815864 8.341321 472.879120 11 0 0
2.407932 -12.511982 217.524414 11 0 0
-9.631728 8.341321 80.389458 12 0 0
12.039660 4.170660 99.304626 12 0 0
-26.487251 -4.170660 33.101543 13 0 0
-4.815864 8.341321 37.830330 13 0 0
16.855524 4.170660 70.931870 13 0 0
38.526913 16.682642 89.847038 13 0 0
2.407932 -12.511982 108.762207 13 0 0
24.079321 -25.023964 23.643959 13 0 0
-9.631728 8.341321 66.203087 14 0 0
12.039660 29.194624 37.830330 14 0 0
12.039660 4.170660 37.830330 14 0 0
-45.750710 -37.535946 18.915165 14 0 0
-4.815864 8.341321 47.287918 15 0 0
16.855524 4.170660 33.101543 15 0 0
45.750710 -37.535946 33.101543 15 0 0
67.422096 -50.047928 9.457582 15 0 0
12.039660 4.170660 33.101543 16 0 0
19.263456 -25.023964 14.186375 16 0 0
-26.487251 20.853302 28.372749 17 0 0
-52.974503 8.341321 47.287918 18 0 0
12.039660 4.170660 4.728791 18 0 0
16.855524 4.170660 14.186375 21 0 0
12.039660 29.194624 28.372749 22 1 0
-9.631728 8.341321 2.091029 0 0 0
-4.815864 8.341321 3.803583 1 0 0
-9.631728 8.341321 22.783827 2 0 0
-4.815864 8.341321 39.149002 3 0 0
-94.446175 16.682642 7.471019 4 0 0
-9.631728 8.341321 108.329788 4 0 0
-4.815864 8.341321 408.973480 5 0 0
16.855524 4.170660 44.453640 5 0 0
-9.631728 8.341321 718.776306 6 0 0
12.039660 4.170660 56.745499 6 0 0
-2.407932 -12.511982 47.287918 6 0 0
-26.487251 -4.170660 14.186375 7 0 0
-4.815864 8.341321 794.437012 7 0 0
2.407932 -12.511982 99.304626 7 0 0
-31.303116 -4.170660 14.186375 8 0 0
-9.631728 33.365284 198.609253 8 0 0
-9.631728 8.341321 945.758240 8 0 0
12.039660 4.170660 217.524414 8 0 0
-2.407932 -12.511982 80.389458 8 0 0
-26.487251 45.877266 118.219780 9 0 0
-26.487251 -4.170660 4.728791 9 0 0
-4.815864 8.341321 1021.419006 9 0 0
16.855524 4.170660 99.304626 9 0 0
2.407932 -12.511982 160.778915 9 0 0
-31.303116 -4.170660 14.186375 10 0 0
-9.631728 8.341321 472.879120 10 0 0
12.039660 4.170660 255.354752 10 0 0
-2.407932 -12.511982 118.219780 10 0 0
-4.815864 33.365284 80.389458 11 0 0
-4.815864 8.341321 397.218506 11 0 0
2.407932 -12.511982 217.524414 11 0 0
-52.974503 58.389248 127.677376 12 0 0
-31.303116 20.853302 33.101543 12 0 0
-9.631728 8.341321 89.847038 12 0 0
12.039660 4.170660 33.101543 12 0 0
-2.407932 -12.511982 80.389458 12 0 0
-83.342072 85.963448 33.101543 13 0 0
-4.815864 8.341321 89.847038 13 0 0
16.855524 4.170660 4.728791 13 0 0
2.407932 -12.511982 42.559120 13 0 0
-9.631728 8.341321 80.389458 14 0 0
12.039660 4.170660 9.457582 14 0 0
-4.815864 58.389248 23.643959 15 0 0
16.855524 4.170660 47.287918 15 0 0
38.526913 66.730568 56.745499 15 0 0
12.039660 4.170660 37.830330 16 0 0
33.711048 16.682642 18.915165 16 0 0
40.934845 -37.535946 28.372749 16 0 0
-4.815864 8.341321 14.186375 17 0 0
-19.263456 -25.023964 18.915165 17 0 0
-9.631728 8.341321 14.186375 18 0 0
16.855524 29.194624 18.915165 19 0 0
16.855524 4.170660 23.643959 19 0 0
81.869690 41.706604 14.186375 19 0 0
33.711048 66.730568 33.101543 22 1 0
12.039660 4.170660 2.091029 0 0 0
16.855524 4.170660 3.803583 1 0 0
12.039660 4.170660 5.695957 2 0 0
-4.815864 8.341321 19.574501 3 0 0
16.855524 4.170660 81.560402 3 0 0
12.039660 4.170660 254.014679 4 0 0
-2.407932 -12.511982 11.206531 4 0 0
-4.815864 8.341321 302.284760 5 0 0
16.855524 4.170660 151.142380 5 0 0
2.407932 -12.511982 75.571190 5 0 0
-31.303116 45.877266 9.457582 6 0 0
-9.631728 8.341321 42.559120 6 0 0
12.039660 4.170660 643.115662 6 0 0
-2.407932 -12.511982 99.304626 6 0 0
19.263456 -75.071892 14.186375 6 0 0
-26.487251 -4.170660 23.643959 7 0 0
-4.815864 33.365284 37.830330 7 0 0
-4.815864 8.341321 510.709503 7 0 0
16.855524 29.194624 9.457582 7 0 0
16.855524 4.170660 236.439560 7 0 0
2.407932 -12.511982 179.694077 7 0 0
-9.631728 8.341321 61.474293 8 0 0
12.039660 4.170660 435.048828 8 0 0
33.711048 41.706604 61.474293 8 0 0
-24.079321 -25.023964 14.186375 8 0 0
-2.407932 -12.511982 37.830330 8 0 0
80.934135 -65.110146 61.474293 9 0 0
-4.815864 8.341321 435.048828 9 0 0
16.855524 4.170660 127.677376 9 0 0
2.407932 -12.511982 217.524414 9 0 0
-9.631728 8.341321 42.559120 10 0 0
12.039660 4.170660 472.879120 10 0 0
55.382435 -20.853302 47.287918 10 0 0
77.053825 16.682642 9.457582 10 0 0
-24.079321 -25.023964 52.016701 10 0 0
-2.407932 -12.511982 160.778915 10 0 0
-69.830025 -29.194624 56.745499 11 0 0
-26.487251 70.901230 9.457582 11 0 0
-4.815864 8.341321 137.134949 11 0 0
16.855524 4.170660 66.203087 11 0 0
38.526913 16.682642 18.915165 11 0 0
2.407932 -12.511982 80.389458 11 0 0
2.407932 -37.535946 23.643959 11 0 0
-9.631728 8.341321 255.354752 12 0 0
12.039660 4.170660 61.474293 12 0 0
-24.079321 -25.023964 9.457582 12 0 0
-2.407932 -12.511982 89.847038 12 0 0
-26.487251 -4.170660 9.457582 13 0 0
-4.815864 8.341321 137.134949 13 0 0
16.855524 4.170660 118.219780 13 0 0
-40.934845 -62.559910 14.186375 13 0 0
-19.263456 -50.047928 37.830330 13 0 0
2.407932 -12.511982 42.559120 13 0 0
2.407932 -37.535946 14.186375 13 0 0
-52.974503 8.341321 14.186375 14 0 0
12.039660 4.170660 89.847038 14 0 0
33.711048 41.706604 4.728791 14 0 0
-24.079321 -25.023964 28.372749 14 0 0
-2.407932 -12.511982 9.457582 14 0 0
19.263456 -25.023964 61.474293 14 0 0
-4.815864 33.365284 160.778915 15 0 0
-4.815864 8.341321 118.219780 15 0 0
16.855524 4.170660 89.847038 15 0 0
38.526913 -8.341321 18.915165 15 0 0
2.407932 -12.511982 14.186375 15 0 0
-44.815155 85.963448 66.203087 16 0 0
33.711048 41.706604 14.186375 16 0 0
-24.079321 -25.023964 108.762207 16 0 0
-2.407932 -12.511982 14.186375 16 0 0
19.263456 -25.023964 18.915165 16 0 0
-4.815864 8.341321 37.830330 17 0 0
38.526913 41.706604 42.559120 17 0 0
-40.934845 -62.559910 14.186375 17 0 0
-2.407932 -37.535946 9.457582 18 0 0
18.327904 98.475433 14.186375 20 0 0
-9.631728 8.341321 37.830330 20 0 0
40.934845 -62.559910 14.186375 20 0 0
-94.446175 41.706604 14.186375 22 1 0
96.854111 -29.194624 6.273088 0 0 0
-9.631728 83.413208 1.045515 0 0 0
-9.631728 33.365284 2.091029 0 0 0
-4.815864 33.365284 3.803583 1 0 0
-52.974503 -16.682642 17.087872 2 0 0
-9.631728 33.365284 8.543936 2 0 0
-61.670681 73.451469 16.312084 3 0 0
-4.815864 33.365284 75.035583 3 0 0
38.526913 16.682642 88.085251 3 0 0
-66.486542 73.451469 18.677551 4 0 0
11.104108 -127.670052 7.471019 4 0 0
-31.303116 45.877266 11.206531 4 0 0
-9.631728 33.365284 254.014679 4 0 0
-4.815864 33.365284 408.973480 5 0 0
16.855524 54.218586 4.445364 5 0 0
-52.974503 33.365284 33.101543 6 0 0
-31.303116 20.853302 52.016701 6 0 0
-9.631728 83.413208 28.372749 6 0 0
-9.631728 58.389248 89.847038 6 0 0
-9.631728 33.365284 1097.079590 6 0 0
-90.565865 156.864685 9.457582 7 0 0
-48.158642 -16.682642 61.474293 7 0 0
-26.487251 70.901230 14.186375 7 0 0
-26.487251 45.877266 42.559120 7 0 0
-26.487251 20.853302 146.592545 7 0 0
-26.487251 -4.170660 23.643959 7 0 0
-4.815864 33.365284 1740.195312 7 0 0
-4.815864 8.341321 9.457582 7 0 0
16.855524 54.218586 14.186375 7 0 0
-31.303116 70.901230 9.457582 8 0 0
-31.303116 45.877266 14.186375 8 0 0
-9.631728 58.389248 70.931870 8 0 0
-9.631728 33.365284 794.437012 8 0 0
-9.631728 8.341321 66.203087 8 0 0
12.039660 54.218586 56.745499 8 0 0
12.039660 29.194624 14.186375 8 0 0
12.039660 4.170660 14.186375 8 0 0
-18.327904 98.475433 23.643959 9 0 0
-26.487251 45.877266 18.915165 9 0 0
-26.487251 20.853302 127.677376 9 0 0
-4.815864 33.365284 870.097656 9 0 0
-4.815864 8.341321 23.643959 9 0 0
-88.157928 110.987411 14.186375 10 0 0
-52.974503 33.365284 9.457582 10 0 0
-31.303116 45.877266 9.457582 10 0 0
-31.303116 20.853302 14.186375 10 0 0
-9.631728 33.365284 359.388153 10 0 0
12.039660 29.194624 9.457582 10 0 0
-48.158642 33.365284 293.185089 11 0 0
-26.487251 45.877266 33.101543 11 0 0
-26.487251 20.853302 14.186375 11 0 0
-4.815864 83.413208 28.372749 11 0 0
-4.815864 58.389248 37.830330 11 0 0
-4.815864 33.365284 472.879120 11 0 0
-4.815864 8.341321 18.915165 11 0 0
-66.486542 73.451469 14.186375 12 0 0
-31.303116 45.877266 47.287918 12 0 0
-31.303116 20.853302 23.643959 12 0 0
-9.631728 33.365284 160.778915 12 0 0
-9.631728 8.341321 179.694077 12 0 0
12.039660 54.218586 23.643959 12 0 0
33.711048 66.730568 42.559120 12 0 0
33.711048 41.706604 9.457582 12 0 0
19.263456 -25.023964 160.778915 12 0 0
-126.684845 110.987411 23.643959 13 0 0
66.486542 98.475433 18.915165 13 0 0
-48.158642 33.365284 18.915165 13 0 0
-26.487251 45.877266 37.830330 13 0 0
-4.815864 33.365284 160.778915 13 0 0
16.855524 54.218586 14.186375 13 0 0
60.198299 54.218586 47.287918 13 0 0
11.104108 -102.646088 37.830330 14 0 0
-31.303116 45.877266 9.457582 14 0 0
19.263456 -25.023964 33.101543 14 0 0
-9.631728 83.413208 9.457582 16 0 0
55.382435 54.218586 23.643959 16 0 0
-9.631728 33.365284 146.592545 18 0 0
-25.551701 -94.304771 23.978762 25 1 0
12.039660 4.170660 3.136544 0 0 0
-4.815864 8.341321 3.803583 1 0 0
12.039660 54.218586 14.239892 2 0 0
12.039660 4.170660 48.415634 2 0 0
-24.079321 -25.023964 17.087872 2 0 0
-4.815864 8.341321 75.035583 3 0 0
38.526913 16.682642 13.049665 3 0 0
2.407932 -12.511982 45.673832 3 0 0
-31.303116 -4.170660 3.735510 4 0 0
-9.631728 8.341321 18.677551 4 0 0
12.039660 4.170660 186.775482 4 0 0
-2.407932 -12.511982 44.826122 4 0 0
-26.487251 -4.170660 35.562908 5 0 0
-4.815864 8.341321 240.049667 5 0 0
16.855524 4.170660 35.562908 5 0 0
38.526913 41.706604 8.890727 5 0 0
2.407932 -12.511982 222.268173 5 0 0
-9.631728 8.341321 56.745499 6 0 0
12.039660 4.170660 255.354752 6 0 0
-24.079321 -25.023964 42.559120 6 0 0
-2.407932 -12.511982 359.388153 6 0 0
-4.815864 8.341321 359.388153 7 0 0
16.855524 4.170660 80.389458 7 0 0
2.407932 -12.511982 321.557831 7 0 0
-9.631728 8.341321 179.694077 8 0 0
12.039660 4.170660 321.557831 8 0 0
-24.079321 -25.023964 33.101543 8 0 0
-2.407932 -12.511982 397.218506 8 0 0
-4.815864 33.365284 28.372749 9 0 0
-4.815864 8.341321 472.879120 9 0 0
38.526913 -8.341321 23.643959 9 0 0
2.407932 -12.511982 2042.838013 9 0 0
-109.829323 73.451469 23.643959 10 0 0
-9.631728 8.341321 89.847038 10 0 0
12.039660 4.170660 108.762207 10 0 0
55.382435 -20.853302 33.101543 10 0 0
-24.079321 -50.047928 23.643959 10 0 0
-2.407932 -12.511982 47.287918 10 0 0
40.934845 -37.535946 18.915165 10 0 0
-25.551701 -119.328735 179.694077 11 0 0
-4.815864 8.341321 146.592545 11 0 0
16.855524 4.170660 89.847038 11 0 0
2.407932 -12.511982 70.931870 11 0 0
24.079321 -25.023964 18.915165 11 0 0
45.750710 -37.535946 47.287918 11 0 0
76.118271 -65.110146 89.847038 12 0 0
-9.631728 8.341321 28.372749 12 0 0
12.039660 4.170660 127.677376 12 0 0
-2.407932 -12.511982 28.372749 12 0 0
-2.407932 -62.559910 146.592545 12 0 0
-4.815864 58.389248 33.101543 13 0 0
-4.815864 8.341321 33.101543 13 0 0
140.196884 -4.170660 14.186375 14 0 0
-9.631728 8.341321 99.304626 14 0 0
33.711048 -8.341321 70.931870 14 0 0
-45.750710 -37.535946 4.728791 14 0 0
-24.079321 -25.023964 160.778915 14 0 0
-2.407932 -12.511982 52.016701 14 0 0
-4.815864 58.389248 28.372749 15 0 0
-4.815864 8.341321 89.847038 15 0 0
16.855524 4.170660 23.643959 15 0 0
2.407932 -12.511982 33.101543 15 0 0
24.079321 -25.023964 37.830330 15 0 0
-31.303116 -4.170660 23.643959 16 0 0
-9.631728 8.341321 28.372749 16 0 0
12.039660 4.170660 28.372749 16 0 0
19.263456 -25.023964 80.389458 16 0 0
-154.644470 4.170660 33.101543 17 0 0
-4.815864 33.365284 23.643959 17 0 0
-4.815864 8.341321 66.203087 17 0 0
16.855524 29.194624 61.474293 17 0 0
16.855524 4.170660 108.762207 17 0 0
2.407932 -12.511982 23.643959 17 0 0
33.711048 66.730568 28.372749 18 0 0
40.934845 -37.535946 14.186375 18 0 0
38.526913 -8.341321 66.203087 19 0 0
2.407932 -12.511982 9.457582 19 0 0
2.407932 -37.535946 9.457582 19 0 0
-9.631728 8.341321 23.643959 20 0 0
2.407932 -12.511982 31.971682 25 1 0
19.263456 -25.023964 9.409632 0 0 0
2.407932 -12.511982 26.625088 1 0 0
24.079321 -25.023964 19.017920 1 0 0
-2.407932 -12.511982 14.239892 2 0 0
19.263456 -25.023964 5.695957 2 0 0
2.407932 -12.511982 61.985916 3 0 0
24.079321 -25.023964 48.936249 3 0 0
12.039660 29.194624 3.735510 4 0 0
-2.407932 -12.511982 127.007339 4 0 0
-2.407932 -37.535946 11.206531 4 0 0
19.263456 -25.023964 254.014679 4 0 0
-4.815864 8.341321 22.226820 5 0 0
-19.263456 -25.023964 35.562908 5 0 0
2.407932 -12.511982 257.831085 5 0 0
2.407932 -37.535946 66.680458 5 0 0
24.079321 -25.023964 373.410583 5 0 0
-2.407932 -12.511982 255.354752 6 0 0
-2.407932 -37.535946 179.694077 6 0 0
19.263456 -25.023964 643.115662 6 0 0
-69.830025 20.853302 14.186375 7 0 0
-26.487251 -4.170660 18.915165 7 0 0
-19.263456 -25.023964 18.915165 7 0 0
2.407932 -12.511982 118.219780 7 0 0
2.407932 -37.535946 236.439560 7 0 0
24.079321 -25.023964 435.048828 7 0 0
45.750710 -37.535946 4.728791 7 0 0
-31.303116 -4.170660 9.457582 8 0 0
12.039660 4.170660 9.457582 8 0 0
-45.750710 -62.559910 14.186375 8 0 0
-2.407932 -12.511982 179.694077 8 0 0
-2.407932 -37.535946 359.388153 8 0 0
19.263456 -25.023964 510.709503 8 0 0
19.263456 -50.047928 70.931870 8 0 0
40.934845 -37.535946 33.101543 8 0 0
15.919971 -102.646088 14.186375 9 0 0
-4.815864 8.341321 9.457582 9 0 0
16.855524 29.194624 9.457582 9 0 0
-19.263456 -25.023964 9.457582 9 0 0
-19.263456 -50.047928 14.186375 9 0 0
2.407932 -12.511982 160.778915 9 0 0
2.407932 -37.535946 255.354752 9 0 0
2.407932 -62.559910 23.643959 9 0 0
24.079321 -25.023964 160.778915 9 0 0
-94.446175 41.706604 37.830330 10 0 0
-31.303116 -4.170660 14.186375 10 0 0
-9.631728 33.365284 9.457582 10 0 0
33.711048 16.682642 47.287918 10 0 0
-24.079321 -25.023964 28.372749 10 0 0
-24.079321 -50.047928 18.915165 10 0 0
-2.407932 -12.511982 66.203087 10 0 0
-2.407932 -37.535946 118.219780 10 0 0
19.263456 -25.023964 179.694077 10 0 0
19.263456 -50.047928 23.643959 10 0 0
40.934845 -37.535946 9.457582 10 0 0
-26.487251 -4.170660 23.643959 11 0 0
-19.263456 -25.023964 198.609253 11 0 0
-19.263456 -50.047928 89.847038 11 0 0
2.407932 -12.511982 33.101543 11 0 0
2.407932 -37.535946 99.304626 11 0 0
24.079321 -25.023964 274.269897 11 0 0
24.079321 -50.047928 179.694077 11 0 0
45.750710 -62.559910 23.643959 11 0 0
-2.407932 -37.535946 28.372749 12 0 0
40.934845 -37.535946 28.372749 12 0 0
-4.815864 8.341321 70.931870 13 0 0
38.526913 -8.341321 47.287918 13 0 0
2.407932 -12.511982 47.287918 13 0 0
45.750710 -62.559910 89.847038 13 0 0
-2.407932 -12.511982 127.677376 14 0 0
-2.407932 -62.559910 9.457582 14 0 0
19.263456 -25.023964 118.219780 14 0 0
2.407932 -12.511982 137.134949 15 0 0
-8.696176 -131.840714 66.203087 16 0 0
-31.303116 -4.170660 9.457582 16 0 0
19.263456 -25.023964 9.457582 16 0 0
-40.934845 -37.535946 37.830330 17 0 0
2.407932 -12.511982 137.134949 17 0 0
12.039660 4.170660 9.457582 18 0 0
-2.407932 -12.511982 33.101543 18 0 0
-126.684845 110.987411 47.287918 19 0 0
2.407932 -12.511982 9.457582 19 0 0
19.263456 -25.023964 37.830330 20 0 0
-19.263456 -50.047928 19.154495 23 1 0
-2.407932 -12.511982 4.182058 0 0 0
2.407932 -12.511982 5.705375 1 0 0
-2.407932 -12.511982 37.023716 2 0 0
-19.263456 -25.023964 3.262416 3 0 0
2.407932 -12.511982 137.021500 3 0 0
-52.974503 -16.682642 14.942039 4 0 0
12.039660 4.170660 11.206531 4 0 0
-2.407932 -12.511982 254.014679 4 0 0
-2.407932 -37.535946 11.206531 4 0 0
19.263456 -25.023964 22.413061 4 0 0
19.263456 -50.047928 3.735510 4 0 0
-26.487251 -4.170660 26.672184 5 0 0
2.407932 -12.511982 746.821167 5 0 0
24.079321 -25.023964 13.336092 5 0 0
12.039660 4.170660 118.219780 6 0 0
-45.750710 -37.535946 18.915165 6 0 0
-24.079321 -25.023964 9.457582 6 0 0
-2.407932 -12.511982 945.758240 6 0 0
19.263456 -25.023964 14.186375 6 0 0
16.855524 4.170660 198.609253 7 0 0
-19.263456 -25.023964 18.915165 7 0 0
2.407932 -12.511982 945.758240 7 0 0
24.079321 -25.023964 33.101543 7 0 0
24.079321 -50.047928 18.915165 7 0 0
169.092072 -12.511982 4.728791 8 0 0
-9.631728 8.341321 4.728791 8 0 0
12.039660 4.170660 18.915165 8 0 0
33.711048 -8.341321 4.728791 8 0 0
-2.407932 -12.511982 718.776306 8 0 0
19.263456 -25.023964 66.203087 8 0 0
-4.815864 8.341321 108.762207 9 0 0
16.855524 4.170660 160.778915 9 0 0
-19.263456 -25.023964 70.931870 9 0 0
2.407932 -12.511982 643.115662 9 0 0
24.079321 -25.023964 70.931870 9 0 0
-52.974503 8.341321 14.186375 10 0 0
33.711048 16.682642 42.559120 10 0 0
33.711048 -8.341321 18.915165 10 0 0
-2.407932 -12.511982 179.694077 10 0 0
-2.407932 -37.535946 14.186375 10 0 0
19.263456 -25.023964 118.219780 10 0 0
19.263456 -50.047928 99.304626 10 0 0
-48.158642 -16.682642 9.457582 11 0 0
-26.487251 -4.170660 23.643959 11 0 0
-4.815864 33.365284 23.643959 11 0 0
-4.815864 8.341321 23.643959 11 0 0
38.526913 16.682642 18.915165 11 0 0
2.407932 -12.511982 198.609253 11 0 0
24.079321 -50.047928 33.101543 11 0 0
-9.631728 8.341321 42.559120 12 0 0
12.039660 29.194624 18.915165 12 0 0
12.039660 4.170660 23.643959 12 0 0
55.382435 4.170660 9.457582 12 0 0
19.263456 -50.047928 9.457582 12 0 0
-26.487251 -4.170660 4.728791 13 0 0
-4.815864 8.341321 66.203087 13 0 0
-19.263456 -75.071892 9.457582 13 0 0
2.407932 -12.511982 23.643959 13 0 0
12.039660 4.170660 14.186375 14 0 0
-2.407932 -12.511982 56.745499 14 0 0
19.263456 -25.023964 47.287918 14 0 0
24.079321 -25.023964 9.457582 15 0 0
45.750710 -37.535946 18.915165 15 0 0
45.750710 -37.535946 70.931870 17 1 0
-2.407932 -37.535946 2.091029 0 0 0
2.407932 -37.535946 1.901792 1 0 0
-2.407932 -37.535946 22.783827 2 0 0
2.407932 -37.535946 189.220139 3 0 0
-2.407932 -37.535946 313.782867 4 0 0
-2.407932 -62.559910 37.355103 4 0 0
38.526913 -8.341321 13.336092 5 0 0
-19.263456 -25.023964 84.461914 5 0 0
2.407932 -37.535946 302.284760 5 0 0
-30.367563 -94.304771 14.186375 6 0 0
-24.079321 -25.023964 99.304626 6 0 0
-2.407932 -12.511982 9.457582 6 0 0
-2.407932 -37.535946 643.115662 6 0 0
-147.420685 -25.023964 9.457582 7 0 0
-19.263456 -25.023964 321.557831 7 0 0
2.407932 -12.511982 146.592545 7 0 0
2.407932 -37.535946 586.370178 7 0 0
-24.079321 -25.023964 66.203087 8 0 0
-24.079321 -75.071892 9.457582 8 0 0
-2.407932 -12.511982 70.931870 8 0 0
-2.407932 -37.535946 794.437012 8 0 0
-68.894478 -69.280807 23.643959 9 0 0
-3.880312 -106.816750 14.186375 9 0 0
-26.487251 20.853302 18.915165 9 0 0
81.869690 41.706604 47.287918 9 0 0
-62.606232 -50.047928 33.101543 9 0 0
-19.263456 -25.023964 118.219780 9 0 0
-19.263456 -50.047928 66.203087 9 0 0
2.407932 -37.535946 643.115662 9 0 0
2.407932 -62.559910 9.457582 9 0 0
-74.645889 20.853302 23.643959 10 0 0
-9.631728 33.365284 4.728791 10 0 0
-24.079321 -25.023964 146.592545 10 0 0
-24.079321 -50.047928 18.915165 10 0 0
-2.407932 -12.511982 56.745499 10 0 0
-2.407932 -37.535946 321.557831 10 0 0
19.263456 -50.047928 14.186375 10 0 0
40.934845 -37.535946 4.728791 10 0 0
-48.158642 -16.682642 52.016701 11 0 0
16.855524 4.170660 18.915165 11 0 0
-19.263456 -25.023964 179.694077 11 0 0
2.407932 -12.511982 33.101543 11 0 0
2.407932 -37.535946 397.218506 11 0 0
24.079321 -25.023964 66.203087 11 0 0
67.422096 -50.047928 4.728791 11 0 0
-31.303116 45.877266 4.728791 12 0 0
55.382435 54.218586 47.287918 12 0 0
-24.079321 -25.023964 80.389458 12 0 0
-2.407932 -37.535946 160.778915 12 0 0
-2.407932 -62.559910 14.186375 12 0 0
-26.487251 20.853302 18.915165 13 0 0
-26.487251 -4.170660 18.915165 13 0 0
81.869690 -33.365284 14.186375 13 0 0
-19.263456 -25.023964 42.559120 13 0 0
2.407932 -12.511982 23.643959 13 0 0
2.407932 -37.535946 146.592545 13 0 0
24.079321 -50.047928 14.186375 13 0 0
45.750710 -62.559910 89.847038 13 0 0
-31.303116 -4.170660 23.643959 14 0 0
-24.079321 -50.047928 14.186375 14 0 0
-2.407932 -37.535946 14.186375 14 0 0
-26.487251 20.853302 37.830330 15 0 0
-19.263456 -25.023964 9.457582 15 0 0
2.407932 -37.535946 14.186375 15 0 0
45.750710 -62.559910 9.457582 15 0 0
-2.407932 -37.535946 9.457582 16 0 0
-2.407932 -62.559910 37.830330 16 0 0
19.263456 -50.047928 4.728791 16 0 0
2.407932 -37.535946 14.186375 17 0 0
24.079321 -25.023964 42.559120 17 0 0
-94.446175 -33.365284 80.389458 18 0 0
-24.079321 -25.023964 14.186375 18 0 0
-26.487251 -4.170660 9.457582 19 0 0
-2.407932 -12.511982 28.372749 20 1 0
-2.407932 -12.511982 2.091029 0 0 0
-4.815864 8.341321 3.803583 1 0 0
-31.303116 20.853302 2.847978 2 0 0
-2.407932 -12.511982 22.783827 2 0 0
123.341362 58.389248 16.312084 3 0 0
145.012741 70.901230 19.574501 3 0 0
-4.815864 8.341321 123.971832 3 0 0
-9.631728 8.341321 11.206531 4 0 0
12.039660 4.170660 70.974686 4 0 0
33.711048 -8.341321 11.206531 4 0 0
-2.407932 -12.511982 343.666931 4 0 0
-83.342072 85.963448 13.336092 5 0 0
-4.815864 8.341321 889.072693 5 0 0
2.407932 -12.511982 128.915543 5 0 0
-74.645889 20.853302 4.728791 6 0 0
-9.631728 8.341321 255.354752 6 0 0
12.039660 4.170660 108.762207 6 0 0
-2.407932 -12.511982 510.709503 6 0 0
-26.487251 -4.170660 9.457582 7 0 0
-4.815864 8.341321 510.709503 7 0 0
-19.263456 -50.047928 4.728791 7 0 0
2.407932 -12.511982 510.709503 7 0 0
45.750710 -37.535946 37.830330 7 0 0
-52.974503 -16.682642 56.745499 8 0 0
-9.631728 8.341321 108.762207 8 0 0
12.039660 4.170660 160.778915 8 0 0
-2.407932 -12.511982 510.709503 8 0 0
-4.815864 8.341321 510.709503 9 0 0
16.855524 29.194624 18.915165 9 0 0
60.198299 4.170660 70.931870 9 0 0
-19.263456 -25.023964 52.016701 9 0 0
2.407932 -12.511982 359.388153 9 0 0
24.079321 -50.047928 18.915165 9 0 0
-31.303116 20.853302 18.915165 10 0 0
-9.631728 8.341321 99.304626 10 0 0
12.039660 4.170660 42.559120 10 0 0
33.711048 -8.341321 9.457582 10 0 0
77.053825 16.682642 99.304626 10 0 0
-2.407932 -12.511982 66.203087 10 0 0
-2.407932 -37.535946 127.677376 10 0 0
-26.487251 -4.170660 33.101543 11 0 0
-4.815864 33.365284 18.915165 11 0 0
-4.815864 8.341321 108.762207 11 0 0
16.855524 4.170660 127.677376 11 0 0
38.526913 16.682642 14.186375 11 0 0
2.407932 -12.511982 14.186375 11 0 0
24.079321 -50.047928 14.186375 11 0 0
-31.303116 -4.170660 14.186375 12 0 0
-9.631728 8.341321 217.524414 12 0 0
-2.407932 -12.511982 89.847038 12 0 0
19.263456 -25.023964 108.762207 12 0 0
-68.894478 -94.304771 37.830330 13 0 0
-4.815864 8.341321 56.745499 13 0 0
38.526913 -8.341321 33.101543 13 0 0
-9.631728 8.341321 28.372749 14 0 0
12.039660 4.170660 14.186375 14 0 0
-2.407932 -12.511982 14.186375 14 0 0
-52.974503 58.389248 4.728791 16 0 0
16.855524 4.170660 89.847038 17 0 0
-52.974503 -16.682642 80.389458 18 0 0
-52.974503 8.341321 23.643959 20 1 0
-2.407932 -37.535946 3.136544 0 0 0
2.407932 -37.535946 3.803583 1 0 0
55.382435 -20.853302 11.391913 2 0 0
-67.422096 -50.047928 31.327759 2 0 0
-2.407932 -37.535946 8.543936 2 0 0
2.407932 -37.535946 88.085251 3 0 0
-45.750710 -62.559910 3.735510 4 0 0
-2.407932 -12.511982 7.471019 4 0 0
-2.407932 -37.535946 254.014679 4 0 0
19.263456 -25.023964 22.413061 4 0 0
2.407932 -37.535946 275.612579 5 0 0
24.079321 -25.023964 22.226820 5 0 0
-74.645889 45.877266 47.287918 6 0 0
-52.974503 33.365284 9.457582 6 0 0
12.039660 4.170660 9.457582 6 0 0
-2.407932 -12.511982 4.728791 6 0 0
-2.407932 -37.535946 472.879120 6 0 0
19.263456 -25.023964 397.218506 6 0 0
19.263456 -50.047928 70.931870 6 0 0
-19.263456 -25.023964 99.304626 7 0 0
2.407932 -37.535946 643.115662 7 0 0
24.079321 -25.023964 47.287918 7 0 0
45.750710 -62.559910 14.186375 7 0 0
-24.079321 -25.023964 14.186375 8 0 0
-2.407932 -12.511982 179.694077 8 0 0
-2.407932 -37.535946 1172.740356 8 0 0
19.263456 -25.023964 321.557831 8 0 0
-47.223087 -81.792786 18.915165 9 0 0
-48.158642 -16.682642 14.186375 9 0 0
81.869690 -33.365284 9.457582 9 0 0
-19.263456 -25.023964 18.915165 9 0 0
-19.263456 -50.047928 4.728791 9 0 0
2.407932 -37.535946 510.709503 9 0 0
2.407932 -62.559910 33.101543 9 0 0
24.079321 -25.023964 14.186375 9 0 0
24.079321 -50.047928 118.219780 9 0 0
54.446884 -102.646088 14.186375 10 0 0
55.382435 4.170660 14.186375 10 0 0
-2.407932 -12.511982 14.186375 10 0 0
-2.407932 -37.535946 397.218506 10 0 0
19.263456 -25.023964 321.557831 10 0 0
19.263456 -75.071892 23.643959 10 0 0
40.934845 -62.559910 137.134949 10 0 0
145.948303 -169.376663 66.203087 11 0 0
-25.551701 -94.304771 18.915165 11 0 0
-4.815864 8.341321 14.186375 11 0 0
38.526913 16.682642 28.372749 11 0 0
-62.606232 -50.047928 4.728791 11 0 0
2.407932 -12.511982 33.101543 11 0 0
2.407932 -37.535946 217.524414 11 0 0
55.382435 -20.853302 33.101543 12 0 0
-24.079321 -25.023964 14.186375 12 0 0
-2.407932 -12.511982 14.186375 12 0 0
-2.407932 -37.535946 99.304626 12 0 0
19.263456 -25.023964 9.457582 12 0 0
40.934845 -37.535946 28.372749 12 0 0
-48.158642 -16.682642 28.372749 13 0 0
38.526913 -8.341321 4.728791 13 0 0
-19.263456 -50.047928 4.728791 13 0 0
2.407932 -37.535946 66.203087 13 0 0
24.079321 -50.047928 28.372749 13 0 0
-24.079321 -50.047928 4.728791 14 0 0
-2.407932 -12.511982 61.474293 14 0 0
-2.407932 -37.535946 80.389458 14 0 0
19.263456 -25.023964 9.457582 14 0 0
2.407932 -62.559910 9.457582 15 0 0
-74.645889 45.877266 18.915165 16 0 0
33.711048 -8.341321 61.474293 16 0 0
24.079321 -25.023964 127.677376 17 0 0
24.079321 -75.071892 9.457582 17 0 0
-52.038952 -81.792786 4.728791 18 0 0
-48.158642 -16.682642 99.304626 21 1 0
-2.407932 -37.535946 3.136544 0 0 0
2.407932 -37.535946 26.625088 1 0 0
-2.407932 -37.535946 31.327759 2 0 0
38.526913 -8.341321 13.049665 3 0 0
2.407932 -37.535946 16.312084 3 0 0
-2.407932 -37.535946 201.717545 4 0 0
-19.263456 -50.047928 111.134087 5 0 0
2.407932 -37.535946 817.946960 5 0 0
-44.815155 85.963448 33.101543 6 0 0
-2.407932 -12.511982 14.186375 6 0 0
-2.407932 -37.535946 945.758240 6 0 0
19.263456 -25.023964 47.287918 6 0 0
-69.830025 45.877266 28.372749 7 0 0
-26.487251 -4.170660 52.016701 7 0 0
-19.263456 -25.023964 137.134949 7 0 0
2.407932 -37.535946 794.437012 7 0 0
-24.079321 -25.023964 42.559120 8 0 0
-24.079321 -50.047928 9.457582 8 0 0
-2.407932 -12.511982 4.728791 8 0 0
-2.407932 -37.535946 718.776306 8 0 0
-2.407932 -87.583870 33.101543 8 0 0
19.263456 -25.023964 9.457582 8 0 0
19.263456 -50.047928 28.372749 8 0 0
-26.487251 -4.170660 9.457582 9 0 0
-19.263456 -25.023964 70.931870 9 0 0
2.407932 -12.511982 56.745499 9 0 0
2.407932 -37.535946 718.776306 9 0 0
24.079321 -25.023964 160.778915 9 0 0
-9.631728 8.341321 9.457582 10 0 0
-24.079321 -50.047928 14.186375 10 0 0
-2.407932 -37.535946 548.539795 10 0 0
19.263456 -25.023964 9.457582 10 0 0
19.263456 -50.047928 28.372749 10 0 0
40.934845 -37.535946 137.134949 10 0 0
62.606232 -50.047928 18.915165 10 0 0
-48.158642 33.365284 4.728791 11 0 0
-4.815864 8.341321 33.101543 11 0 0
16.855524 4.170660 47.287918 11 0 0
-19.263456 -25.023964 14.186375 11 0 0
2.407932 -12.511982 56.745499 11 0 0
2.407932 -37.535946 359.388153 11 0 0
2.407932 -62.559910 18.915165 11 0 0
-52.974503 -16.682642 9.457582 12 0 0
-45.750710 -37.535946 18.915165 12 0 0
-2.407932 -37.535946 255.354752 12 0 0
-2.407932 -62.559910 118.219780 12 0 0
19.263456 -50.047928 56.745499 12 0 0
124.276909 -81.792786 23.643959 13 0 0
-47.223087 -81.792786 61.474293 13 0 0
-4.815864 8.341321 9.457582 13 0 0
-19.263456 -25.023964 28.372749 13 0 0
-19.263456 -50.047928 14.186375 13 0 0
2.407932 -12.511982 61.474293 13 0 0
2.407932 -37.535946 217.524414 13 0 0
24.079321 -25.023964 9.457582 13 0 0
-52.974503 8.341321 9.457582 14 0 0
-24.079321 -25.023964 18.915165 14 0 0
-2.407932 -12.511982 9.457582 14 0 0
19.263456 -50.047928 56.745499 14 0 0
-69.830025 -4.170660 4.728791 15 0 0
-40.934845 -37.535946 4.728791 15 0 0
2.407932 -37.535946 56.745499 15 0 0
-2.407932 -37.535946 118.219780 16 0 0
19.263456 -25.023964 70.931870 16 0 0
-25.551701 -119.328735 9.457582 17 0 0
-19.263456 -25.023964 137.134949 17 0 0
24.079321 -50.047928 33.101543 17 0 0
-45.750710 -37.535946 4.728791 18 0 0
59.262749 -77.622124 9.457582 19 0 0
-26.487251 -4.170660 37.830330 19 0 0
-19.263456 -50.047928 9.457582 19 0 0
-19.263456 -75.071892 52.016701 19 0 0
2.407932 -37.535946 28.372749 19 0 0
24.079321 -50.047928 33.101543 19 0 0
45.750710 -37.535946 12.769663 23 1 0
12.039660 4.170660 2.091029 0 0 0
16.855524 4.170660 19.017920 1 0 0
12.039660 4.170660 5.695957 2 0 0
16.855524 4.170660 101.134911 3 0 0
12.039660 4.170660 141.949371 4 0 0
-169.092072 -12.511982 26.672184 5 0 0
-26.487251 20.853302 35.562908 5 0 0
-4.815864 8.341321 53.344368 5 0 0
16.855524 4.170660 222.268173 5 0 0
38.526913 -8.341321 31.117548 5 0 0
81.869690 -8.341321 17.781454 5 0 0
45.750710 -62.559910 17.781454 5 0 0
67.422096 -50.047928 4.445364 5 0 0
-31.303116 -4.170660 23.643959 6 0 0
-9.631728 33.365284 14.186375 6 0 0
12.039660 29.194624 23.643959 6 0 0
12.039660 4.170660 718.776306 6 0 0
-26.487251 45.877266 14.186375 7 0 0
-4.815864 8.341321 397.218506 7 0 0
16.855524 29.194624 18.915165 7 0 0
16.855524 4.170660 794.437012 7 0 0
60.198299 54.218586 61.474293 7 0 0
2.407932 -12.511982 33.101543 7 0 0
24.079321 -25.023964 99.304626 7 0 0
39.999290 110.987411 42.559120 8 0 0
-9.631728 8.341321 80.389458 8 0 0
12.039660 29.194624 47.287918 8 0 0
12.039660 4.170660 718.776306 8 0 0
33.711048 -8.341321 4.728791 8 0 0
-4.815864 33.365284 56.745499 9 0 0
-4.815864 8.341321 435.048828 9 0 0
16.855524 4.170660 510.709503 9 0 0
2.407932 -12.511982 37.830330 9 0 0
96.854111 45.877266 4.728791 10 0 0
-9.631728 33.365284 9.457582 10 0 0
-9.631728 8.341321 42.559120 10 0 0
12.039660 29.194624 160.778915 10 0 0
12.039660 4.170660 397.218506 10 0 0
33.711048 16.682642 14.186375 10 0 0
-26.487251 -4.170660 18.915165 11 0 0
-4.815864 33.365284 9.457582 11 0 0
-4.815864 8.341321 255.354752 11 0 0
16.855524 29.194624 80.389458 11 0 0
16.855524 4.170660 217.524414 11 0 0
38.526913 -8.341321 61.474293 11 0 0
2.407932 -12.511982 80.389458 11 0 0
32.775497 -115.158073 14.186375 12 0 0
12.039660 29.194624 47.287918 12 0 0
12.039660 4.170660 89.847038 12 0 0
33.711048 41.706604 23.643959 12 0 0
33.711048 16.682642 9.457582 12 0 0
40.934845 -62.559910 18.915165 12 0 0
-26.487251 70.901230 56.745499 13 0 0
-26.487251 45.877266 42.559120 13 0 0
-4.815864 8.341321 108.762207 13 0 0
16.855524 29.194624 127.677376 13 0 0
16.855524 4.170660 70.931870 13 0 0
38.526913 -8.341321 47.287918 13 0 0
-19.263456 -50.047928 61.474293 13 0 0
12.039660 4.170660 23.643959 14 0 0
-24.079321 -50.047928 18.915165 14 0 0
-2.407932 -62.559910 18.915165 14 0 0
-4.815864 8.341321 33.101543 15 0 0
16.855524 4.170660 9.457582 15 0 0
60.198299 54.218586 14.186375 15 0 0
24.079321 -25.023964 14.186375 15 0 0
59.262749 144.352692 18.915165 17 0 0
12.039660 4.170660 14.186375 18 0 0
-2.407932 -37.535946 4.728791 18 0 0
19.263456 -25.023964 198.609253 18 0 0
16.855524 4.170660 14.186375 19 0 0
38.526913 -8.341321 4.728791 19 0 0
2.407932 -87.583870 9.457582 19 1 0
19.263456 -25.023964 2.091029 0 0 0
2.407932 -37.535946 20.919708 1 0 0
-24.079321 -75.071892 11.391913 2 0 0
19.263456 -25.023964 28.479784 2 0 0
81.869690 16.682642 61.985916 3 0 0
2.407932 -37.535946 26.099331 3 0 0
-24.079321 -25.023964 22.413061 4 0 0
-2.407932 -37.535946 11.206531 4 0 0
19.263456 -25.023964 108.329788 4 0 0
-48.158642 58.389248 22.226820 5 0 0
-19.263456 -25.023964 26.672184 5 0 0
2.407932 -12.511982 75.571190 5 0 0
2.407932 -37.535946 675.695312 5 0 0
24.079321 -25.023964 31.117548 5 0 0
-52.974503 -16.682642 14.186375 6 0 0
-24.079321 -25.023964 89.847038 6 0 0
-24.079321 -50.047928 42.559120 6 0 0
-2.407932 -12.511982 137.134949 6 0 0
-2.407932 -37.535946 397.218506 6 0 0
-2.407932 -62.559910 23.643959 6 0 0
19.263456 -25.023964 643.115662 6 0 0
19.263456 -50.047928 18.915165 6 0 0
62.606232 -50.047928 66.203087 6 0 0
-26.487251 -4.170660 4.728791 7 0 0
38.526913 -8.341321 9.457582 7 0 0
-19.263456 -25.023964 9.457582 7 0 0
2.407932 -12.511982 127.677376 7 0 0
2.407932 -37.535946 945.758240 7 0 0
24.079321 -25.023964 321.557831 7 0 0
-74.645889 45.877266 28.372749 8 0 0
-52.974503 58.389248 9.457582 8 0 0
-52.974503 -16.682642 4.728791 8 0 0
-9.631728 33.365284 4.728791 8 0 0
33.711048 -8.341321 23.643959 8 0 0
-24.079321 -25.023964 108.762207 8 0 0
-2.407932 -12.511982 66.203087 8 0 0
-2.407932 -37.535946 321.557831 8 0 0
19.263456 -25.023964 397.218506 8 0 0
-4.815864 8.341321 56.745499 9 0 0
-19.263456 -25.023964 52.016701 9 0 0
2.407932 -12.511982 510.709503 9 0 0
2.407932 -37.535946 359.388153 9 0 0
24.079321 -25.023964 198.609253 9 0 0
76.118271 -65.110146 47.287918 10 0 0
12.039660 4.170660 255.354752 10 0 0
33.711048 16.682642 47.287918 10 0 0
-24.079321 -25.023964 14.186375 10 0 0
-24.079321 -50.047928 9.457582 10 0 0
-2.407932 -12.511982 255.354752 10 0 0
-2.407932 -37.535946 321.557831 10 0 0
19.263456 -25.023964 56.745499 10 0 0
62.606232 -50.047928 9.457582 10 0 0
-19.263456 -25.023964 14.186375 11 0 0
2.407932 -12.511982 52.016701 11 0 0
2.407932 -37.535946 4.728791 11 0 0
24.079321 -25.023964 28.372749 11 0 0
11.104108 -102.646088 47.287918 12 0 0
-9.631728 8.341321 33.101543 12 0 0
12.039660 4.170660 18.915165 12 0 0
-45.750710 -62.559910 52.016701 12 0 0
-2.407932 -37.535946 70.931870 12 0 0
19.263456 -25.023964 18.915165 12 0 0
19.263456 -50.047928 33.101543 12 0 0
40.934845 -37.535946 56.745499 12 0 0
62.606232 -50.047928 14.186375 12 0 0
-4.815864 33.365284 37.830330 13 0 0
2.407932 -37.535946 47.287918 13 0 0
2.407932 -62.559910 18.915165 13 0 0
24.079321 -25.023964 52.016701 13 0 0
-24.079321 -25.023964 28.372749 14 0 0
19.263456 -25.023964 14.186375 14 0 0
40.934845 -37.535946 14.186375 14 0 0
-61.670681 73.451469 14.186375 15 0 0
-69.830025 -4.170660 4.728791 15 0 0
12.039660 29.194624 33.101543 16 0 0
-24.079321 -75.071892 33.101543 16 0 0
-24.079321 -25.023964 18.915165 18 0 0
-2.407932 -12.511982 89.847038 18 0 0
-132.973083 66.730568 9.457582 21 1 0
-9.631728 33.365284 8.364117 0 0 0
-4.815864 33.365284 32.330460 1 0 0
38.526913 66.730568 1.901792 1 0 0
-9.631728 33.365284 19.935848 2 0 0
-4.815864 33.365284 42.411415 3 0 0
-9.631728 33.365284 78.445717 4 0 0
12.039660 29.194624 93.387741 4 0 0
-4.815864 33.365284 257.831085 5 0 0
-9.631728 33.365284 321.557831 6 0 0
12.039660 29.194624 99.304626 6 0 0
-4.815864 33.365284 586.370178 7 0 0
-4.815864 8.341321 14.186375 7 0 0
16.855524 79.242554 127.677376 7 0 0
16.855524 29.194624 66.203087 7 0 0
83.342072 110.987411 108.762207 8 0 0
-9.631728 33.365284 435.048828 8 0 0
12.039660 29.194624 108.762207 8 0 0
88.157928 110.987411 9.457582 9 0 0
-26.487251 20.853302 18.915165 9 0 0
-4.815864 33.365284 794.437012 9 0 0
-4.815864 8.341321 47.287918 9 0 0
16.855524 54.218586 61.474293 9 0 0
16.855524 29.194624 99.304626 9 0 0
16.855524 4.170660 9.457582 9 0 0
2.407932 -12.511982 37.830330 9 0 0
2.407932 -37.535946 9.457582 9 0 0
-181.131729 8.341321 47.287918 10 0 0
-31.303116 45.877266 4.728791 10 0 0
-9.631728 33.365284 718.776306 10 0 0
-9.631728 8.341321 28.372749 10 0 0
12.039660 54.218586 61.474293 10 0 0
12.039660 29.194624 548.539795 10 0 0
12.039660 4.170660 9.457582 10 0 0
33.711048 66.730568 28.372749 10 0 0
33.711048 41.706604 47.287918 10 0 0
33.711048 -8.341321 37.830330 10 0 0
-69.830025 -29.194624 18.915165 11 0 0
-4.815864 33.365284 472.879120 11 0 0
-4.815864 8.341321 108.762207 11 0 0
16.855524 54.218586 146.592545 11 0 0
16.855524 29.194624 47.287918 11 0 0
38.526913 41.706604 18.915165 11 0 0
2.407932 -12.511982 37.830330 11 0 0
96.854111 20.853302 56.745499 12 0 0
-9.631728 33.365284 108.762207 12 0 0
12.039660 29.194624 217.524414 12 0 0
12.039660 4.170660 47.287918 12 0 0
33.711048 41.706604 4.728791 12 0 0
33.711048 16.682642 14.186375 12 0 0
-2.407932 -37.535946 18.915165 12 0 0
-26.487251 45.877266 127.677376 13 0 0
-26.487251 20.853302 47.287918 13 0 0
-4.815864 33.365284 179.694077 13 0 0
16.855524 29.194624 108.762207 13 0 0
16.855524 4.170660 18.915165 13 0 0
-9.631728 33.365284 160.778915 14 0 0
-9.631728 8.341321 108.762207 14 0 0
12.039660 54.218586 89.847038 14 0 0
12.039660 29.194624 23.643959 14 0 0
33.711048 41.706604 28.372749 14 0 0
33.711048 16.682642 9.457582 14 0 0
-26.487251 20.853302 42.559120 15 0 0
-4.815864 83.413208 42.559120 15 0 0
-4.815864 33.365284 146.592545 15 0 0
16.855524 54.218586 14.186375 15 0 0
16.855524 29.194624 80.389458 15 0 0
-31.303116 20.853302 4.728791 16 0 0
-9.631728 8.341321 14.186375 16 0 0
12.039660 54.218586 18.915165 16 0 0
12.039660 29.194624 23.643959 16 0 0
-26.487251 -4.170660 9.457582 17 0 0
-4.815864 33.365284 9.457582 17 0 0
16.855524 54.218586 4.728791 17 0 0
12.039660 54.218586 33.101543 18 0 0
33.711048 66.730568 9.457582 18 0 0
12.039660 4.170660 42.559120 20 1 0
-9.631728 33.365284 7.318602 0 0 0
12.039660 29.194624 2.091029 0 0 0
-4.815864 33.365284 3.803583 1 0 0
12.039660 29.194624 8.543936 2 0 0
-4.815864 33.365284 9.787251 3 0 0
-116.117561 54.218586 14.942039 4 0 0
-31.303116 20.853302 3.735510 4 0 0
-9.631728 33.365284 52.297142 4 0 0
12.039660 29.194624 283.898743 4 0 0
12.039660 4.170660 26.148571 4 0 0
-4.815864 33.365284 604.569519 5 0 0
-4.815864 8.341321 102.243370 5 0 0
16.855524 29.194624 26.672184 5 0 0
-74.645889 -29.194624 66.203087 6 0 0
-9.631728 33.365284 435.048828 6 0 0
-9.631728 8.341321 198.609253 6 0 0
12.039660 29.194624 794.437012 6 0 0
12.039660 4.170660 99.304626 6 0 0
-26.487251 45.877266 18.915165 7 0 0
-4.815864 83.413208 33.101543 7 0 0
-4.815864 58.389248 23.643959 7 0 0
-4.815864 33.365284 643.115662 7 0 0
-4.815864 8.341321 99.304626 7 0 0
16.855524 29.194624 198.609253 7 0 0
-9.631728 33.365284 179.694077 8 0 0
-9.631728 8.341321 61.474293 8 0 0
12.039660 54.218586 18.915165 8 0 0
12.039660 29.194624 510.709503 8 0 0
12.039660 4.170660 23.643959 8 0 0
33.711048 41.706604 14.186375 8 0 0
33.711048 16.682642 80.389458 8 0 0
66.486542 73.451469 47.287918 9 0 0
-48.158642 58.389248 42.559120 9 0 0
-26.487251 45.877266 18.915165 9 0 0
-4.815864 33.365284 643.115662 9 0 0
-4.815864 8.341321 80.389458 9 0 0
16.855524 54.218586 28.372749 9 0 0
16.855524 29.194624 274.269897 9 0 0
16.855524 4.170660 33.101543 9 0 0
2.407932 -12.511982 18.915165 9 0 0
-31.303116 45.877266 18.915165 10 0 0
-31.303116 -4.170660 33.101543 10 0 0
-9.631728 33.365284 28.372749 10 0 0
-9.631728 8.341321 137.134949 10 0 0
12.039660 29.194624 236.439560 10 0 0
12.039660 4.170660 52.016701 10 0 0
33.711048 41.706604 4.728791 10 0 0
-69.830025 20.853302 9.457582 11 0 0
-4.815864 33.365284 198.609253 11 0 0
-4.815864 8.341321 52.016701 11 0 0
16.855524 54.218586 37.830330 11 0 0
16.855524 29.194624 146.592545 11 0 0
-19.263456 -50.047928 37.830330 11 0 0
54.446884 -77.622124 28.372749 12 0 0
-31.303116 20.853302 18.915165 12 0 0
-9.631728 33.365284 52.016701 12 0 0
12.039660 29.194624 23.643959 12 0 0
12.039660 4.170660 42.559120 12 0 0
-24.079321 -50.047928 4.728791 12 0 0
-26.487251 70.901230 28.372749 13 0 0
-4.815864 33.365284 179.694077 13 0 0
-4.815864 8.341321 66.203087 13 0 0
16.855524 54.218586 28.372749 13 0 0
16.855524 29.194624 70.931870 13 0 0
-52.038952 140.182037 118.219780 14 0 0
-30.367563 127.670052 28.372749 14 0 0
-23.143768 98.475433 89.847038 14 0 0
12.039660 29.194624 37.830330 14 0 0
77.053825 16.682642 4.728791 14 0 0
-61.670681 73.451469 14.186375 15 0 0
38.526913 -8.341321 28.372749 15 0 0
-19.263456 -50.047928 18.915165 15 0 0
2.407932 -37.535946 66.203087 15 0 0
-31.303116 45.877266 23.643959 16 0 0
-2.407932 -37.535946 28.372749 16 0 0
16.855524 29.194624 37.830330 19 1 0
12.039660 4.170660 3.136544 0 0 0
2.407932 -12.511982 3.803583 1 0 0
-2.407932 -12.511982 8.543936 2 0 0
-4.815864 8.341321 55.461082 3 0 0
2.407932 -12.511982 68.510750 3 0 0
-9.631728 8.341321 41.090607 4 0 0
12.039660 4.170660 41.090607 4 0 0
-2.407932 -12.511982 156.891434 4 0 0
19.263456 -50.047928 3.735510 4 0 0
-68.894478 -94.304771 4.445364 5 0 0
-26.487251 70.901230 22.226820 5 0 0
-26.487251 -4.170660 35.562908 5 0 0
-4.815864 8.341321 93.352646 5 0 0
16.855524 4.170660 84.461914 5 0 0
2.407932 -12.511982 889.072693 5 0 0
96.854111 -29.194624 9.457582 6 0 0
32.775497 -90.134109 89.847038 6 0 0
-9.631728 8.341321 66.203087 6 0 0
12.039660 4.170660 179.694077 6 0 0
33.711048 -8.341321 9.457582 6 0 0
-2.407932 -12.511982 397.218506 6 0 0
19.263456 -75.071892 70.931870 6 0 0
-26.487251 -4.170660 37.830330 7 0 0
-4.815864 8.341321 108.762207 7 0 0
2.407932 -12.511982 586.370178 7 0 0
76.118271 -115.158073 4.728791 8 0 0
-31.303116 20.853302 66.203087 8 0 0
-9.631728 8.341321 47.287918 8 0 0
12.039660 4.170660 179.694077 8 0 0
-2.407932 -12.511982 510.709503 8 0 0
88.157928 85.963448 47.287918 9 0 0
130.565155 -37.535946 28.372749 9 0 0
-148.356232 -198.571289 33.101543 9 0 0
-4.815864 8.341321 236.439560 9 0 0
16.855524 4.170660 89.847038 9 0 0
38.526913 16.682642 89.847038 9 0 0
2.407932 -12.511982 870.097656 9 0 0
-74.645889 -4.170660 66.203087 10 0 0
-9.631728 8.341321 236.439560 10 0 0
33.711048 -8.341321 4.728791 10 0 0
-2.407932 -12.511982 236.439560 10 0 0
-4.815864 8.341321 293.185089 11 0 0
-19.263456 -25.023964 9.457582 11 0 0
2.407932 -12.511982 255.354752 11 0 0
-52.974503 33.365284 42.559120 12 0 0
-52.974503 8.341321 52.016701 12 0 0
-9.631728 8.341321 52.016701 12 0 0
12.039660 4.170660 179.694077 12 0 0
-24.079321 -25.023964 37.830330 12 0 0
-2.407932 -12.511982 160.778915 12 0 0
-48.158642 33.365284 33.101543 13 0 0
-26.487251 20.853302 4.728791 13 0 0
-4.815864 8.341321 89.847038 13 0 0
16.855524 4.170660 4.728791 13 0 0
60.198299 29.194624 4.728791 13 0 0
2.407932 -12.511982 56.745499 13 0 0
24.079321 -25.023964 99.304626 13 0 0
-9.631728 8.341321 66.203087 14 0 0
12.039660 4.170660 9.457582 14 0 0
-2.407932 -12.511982 89.847038 14 0 0
-4.815864 33.365284 42.559120 15 0 0
16.855524 4.170660 42.559120 15 0 0
-9.631728 8.341321 14.186375 16 0 0
33.711048 -8.341321 18.915165 16 0 0
-26.487251 -4.170660 37.830330 17 0 0
2.407932 -37.535946 28.372749 17 0 0
-31.303116 -4.170660 23.643959 18 0 0
55.382435 29.194624 80.389458 18 0 0
55.382435 4.170660 52.016701 18 0 0
-4.815864 8.341321 42.559120 19 0 0
-4.815864 33.365284 23.643959 21 0 0
-2.407932 -37.535946 33.101543 22 0 0
-40.934845 -37.535946 12.769663 23 0 0
-40.934845 -37.535946 23.978762 25 1 0
-9.631728 8.341321 3.136544 0 0 0
-4.815864 8.341321 5.705375 1 0 0
-9.631728 8.341321 22.783827 2 0 0
-4.815864 8.341321 94.610069 3 0 0
-9.631728 8.341321 283.898743 4 0 0
-2.407932 -12.511982 44.826122 4 0 0
-4.815864 8.341321 675.695312 5 0 0
16.855524 54.218586 57.789730 5 0 0
2.407932 -12.511982 53.344368 5 0 0
-31.303116 -4.170660 56.745499 6 0 0
-9.631728 8.341321 794.437012 6 0 0
12.039660 4.170660 160.778915 6 0 0
-2.407932 -12.511982 179.694077 6 0 0
40.934845 -37.535946 47.287918 6 0 0
-69.830025 20.853302 4.728791 7 0 0
-48.158642 8.341321 9.457582 7 0 0
-4.815864 33.365284 23.643959 7 0 0
-4.815864 8.341321 1172.740356 7 0 0
16.855524 4.170660 14.186375 7 0 0
38.526913 41.706604 33.101543 7 0 0
-19.263456 -25.023964 28.372749 7 0 0
2.407932 -12.511982 52.016701 7 0 0
-173.907928 -62.559910 14.186375 8 0 0
-9.631728 8.341321 586.370178 8 0 0
77.053825 -33.365284 56.745499 8 0 0
-2.407932 -12.511982 548.539795 8 0 0
101.669975 45.877266 18.915165 9 0 0
-25.551701 -94.304771 18.915165 9 0 0
-26.487251 -4.170660 18.915165 9 0 0
-4.815864 8.341321 1097.079590 9 0 0
16.855524 4.170660 70.931870 9 0 0
2.407932 -12.511982 99.304626 9 0 0
-9.631728 8.341321 435.048828 10 0 0
12.039660 4.170660 61.474293 10 0 0
-2.407932 -12.511982 160.778915 10 0 0
19.263456 -25.023964 42.559120 10 0 0
-26.487251 20.853302 42.559120 11 0 0
-26.487251 -4.170660 33.101543 11 0 0
-4.815864 33.365284 56.745499 11 0 0
-4.815864 8.341321 179.694077 11 0 0
16.855524 4.170660 37.830330 11 0 0
38.526913 16.682642 9.457582 11 0 0
2.407932 -12.511982 108.762207 11 0 0
24.079321 -50.047928 14.186375 11 0 0
-31.303116 20.853302 37.830330 12 0 0
-9.631728 8.341321 80.389458 12 0 0
-24.079321 -25.023964 42.559120 12 0 0
-2.407932 -12.511982 33.101543 12 0 0
19.263456 -75.071892 66.203087 12 0 0
-4.815864 8.341321 47.287918 13 0 0
-19.263456 -50.047928 23.643959 13 0 0
2.407932 -12.511982 108.762207 13 0 0
24.079321 -50.047928 89.847038 13 0 0
-30.367563 -94.304771 4.728791 14 0 0
-31.303116 20.853302 23.643959 14 0 0
-9.631728 8.341321 28.372749 14 0 0
12.039660 4.170660 14.186375 14 0 0
-2.407932 -37.535946 18.915165 14 0 0
-26.487251 20.853302 89.847038 15 0 0
-4.815864 8.341321 89.847038 15 0 0
38.526913 16.682642 14.186375 15 0 0
24.079321 -25.023964 52.016701 15 0 0
45.750710 -37.535946 9.457582 15 0 0
-31.303116 45.877266 18.915165 16 0 0
-31.303116 -4.170660 14.186375 16 0 0
12.039660 4.170660 42.559120 16 0 0
33.711048 16.682642 33.101543 16 0 0
-2.407932 -12.511982 89.847038 16 0 0
-9.631728 8.341321 18.915165 18 0 0
-2.407932 -12.511982 14.186375 18 0 0
-26.487251 20.853302 198.609253 19 0 0
-26.487251 -4.170660 472.879120 19 0 0
38.526913 16.682642 37.830330 19 0 0
-52.974503 -16.682642 14.186375 20 0 0
-40.934845 -62.559910 4.728791 21 0 0
-26.487251 20.853302 95.915047 27 1 0
32.775497 -115.158073 2.091029 0 0 0
-2.407932 -12.511982 2.091029 0 0 0
19.263456 -50.047928 3.136544 0 0 0
2.407932 -12.511982 3.803583 1 0 0
-2.407932 -12.511982 25.631804 2 0 0
-4.815864 8.341321 3.262416 3 0 0
2.407932 -12.511982 110.922165 3 0 0
-2.407932 -12.511982 201.717545 4 0 0
-4.815864 33.365284 48.898998 5 0 0
2.407932 -12.511982 337.847656 5 0 0
55.382435 -20.853302 23.643959 6 0 0
-24.079321 -25.023964 160.778915 6 0 0
-2.407932 -12.511982 643.115662 6 0 0
-2.407932 -62.559910 89.847038 6 0 0
101.669975 20.853302 18.915165 7 0 0
-19.263456 -50.047928 14.186375 7 0 0
2.407932 -12.511982 510.709503 7 0 0
24.079321 -25.023964 66.203087 7 0 0
-9.631728 8.341321 56.745499 8 0 0
55.382435 -20.853302 4.728791 8 0 0
-2.407932 -12.511982 643.115662 8 0 0
-2.407932 -37.535946 14.186375 8 0 0
-4.815864 33.365284 9.457582 9 0 0
-4.815864 8.341321 108.762207 9 0 0
-40.934845 -62.559910 4.728791 9 0 0
-19.263456 -25.023964 160.778915 9 0 0
-19.263456 -50.047928 42.559120 9 0 0
2.407932 -12.511982 359.388153 9 0 0
24.079321 -25.023964 14.186375 9 0 0
-30.367563 -119.328735 47.287918 10 0 0
12.039660 4.170660 37.830330 10 0 0
-2.407932 -12.511982 397.218506 10 0 0
-2.407932 -37.535946 198.609253 10 0 0
19.263456 -25.023964 28.372749 10 0 0
19.263456 -50.047928 52.016701 10 0 0
59.262749 -102.646088 33.101543 11 0 0
-68.894478 -94.304771 14.186375 11 0 0
-26.487251 45.877266 18.915165 11 0 0
-26.487251 20.853302 42.559120 11 0 0
-4.815864 33.365284 9.457582 11 0 0
16.855524 4.170660 4.728791 11 0 0
-19.263456 -25.023964 66.203087 11 0 0
-19.263456 -50.047928 56.745499 11 0 0
2.407932 -12.511982 397.218506 11 0 0
2.407932 -37.535946 9.457582 11 0 0
-9.631728 8.341321 80.389458 12 0 0
12.039660 4.170660 33.101543 12 0 0
-2.407932 -12.511982 255.354752 12 0 0
-26.487251 -4.170660 14.186375 13 0 0
-4.815864 8.341321 4.728791 13 0 0
16.855524 4.170660 18.915165 13 0 0
-19.263456 -25.023964 56.745499 13 0 0
-19.263456 -50.047928 61.474293 13 0 0
2.407932 -12.511982 70.931870 13 0 0
24.079321 -25.023964 14.186375 13 0 0
-66.486542 -173.547318 56.745499 14 0 0
-2.407932 -12.511982 42.559120 14 0 0
2.407932 -12.511982 108.762207 15 0 0
12.039660 4.170660 9.457582 16 0 0
-67.422096 -50.047928 14.186375 16 0 0
-24.079321 -25.023964 47.287918 16 0 0
19.263456 -75.071892 9.457582 16 0 0
-90.565865 -65.110146 9.457582 17 0 0
24.079321 -75.071892 33.101543 17 0 0
-24.079321 -50.047928 4.728791 20 1 0
-2.407932 -12.511982 2.091029 0 0 0
2.407932 -12.511982 3.803583 1 0 0
-2.407932 -12.511982 11.391913 2 0 0
2.407932 -12.511982 6.524833 3 0 0
-24.079321 -50.047928 14.942039 4 0 0
-2.407932 -12.511982 7.471019 4 0 0
2.407932 -12.511982 75.571190 5 0 0
-2.407932 -12.511982 198.609253 6 0 0
19.263456 -25.023964 9.457582 6 0 0
2.407932 -12.511982 321.557831 7 0 0
12.039660 4.170660 42.559120 8 0 0
-2.407932 -12.511982 794.437012 8 0 0
-19.263456 -25.023964 14.186375 9 0 0
2.407932 -12.511982 643.115662 9 0 0
-31.303116 -4.170660 47.287918 10 0 0
-9.631728 8.341321 42.559120 10 0 0
12.039660 4.170660 28.372749 10 0 0
-24.079321 -25.023964 4.728791 10 0 0
-2.407932 -12.511982 870.097656 10 0 0
-2.407932 -37.535946 359.388153 10 0 0
-4.815864 8.341321 14.186375 11 0 0
-19.263456 -25.023964 146.592545 11 0 0
2.407932 -12.511982 718.776306 11 0 0
24.079321 -25.023964 18.915165 11 0 0
-52.038952 -81.792786 4.728791 12 0 0
-52.974503 8.341321 37.830330 12 0 0
-52.974503 -16.682642 118.219780 12 0 0
-9.631728 8.341321 28.372749 12 0 0
-45.750710 -37.535946 9.457582 12 0 0
-24.079321 -25.023964 255.354752 12 0 0
-2.407932 -12.511982 472.879120 12 0 0
-2.407932 -37.535946 89.847038 12 0 0
19.263456 -25.023964 28.372749 12 0 0
-48.158642 -16.682642 47.287918 13 0 0
16.855524 29.194624 18.915165 13 0 0
-19.263456 -25.023964 14.186375 13 0 0
-19.263456 -50.047928 23.643959 13 0 0
2.407932 -12.511982 127.677376 13 0 0
12.039660 4.170660 18.915165 14 0 0
-24.079321 -25.023964 14.186375 14 0 0
-2.407932 -12.511982 179.694077 14 0 0
-2.407932 -37.535946 14.186375 14 0 0
-26.487251 20.853302 9.457582 15 0 0
-4.815864 8.341321 9.457582 15 0 0
-40.934845 -37.535946 18.915165 15 0 0
-19.263456 -25.023964 70.931870 15 0 0
2.407932 -12.511982 108.762207 15 0 0
2.407932 -37.535946 37.830330 15 0 0
2.407932 -62.559910 18.915165 15 0 0
55.382435 -20.853302 14.186375 16 0 0
-45.750710 -37.535946 14.186375 16 0 0
-24.079321 -25.023964 89.847038 16 0 0
-2.407932 -12.511982 99.304626 16 0 0
19.263456 -25.023964 4.728791 16 0 0
-19.263456 -25.023964 118.219780 17 0 0
2.407932 -12.511982 66.203087 17 0 0
2.407932 -37.535946 18.915165 17 0 0
-31.303116 -4.170660 14.186375 18 0 0
-24.079321 -75.071892 80.389458 18 0 0
-4.815864 8.341321 4.728791 19 0 0
-4.815864 8.341321 33.101543 21 0 0
24.079321 -25.023964 47.287918 21 0 0
45.750710 -37.535946 18.915165 21 0 0
12.039660 54.218586 56.745499 22 0 0
-4.815864 33.365284 15.985841 25 1 0
-9.631728 33.365284 3.136544 0 0 0
-4.815864 33.365284 3.803583 1 0 0
-9.631728 33.365284 14.239892 2 0 0
-4.815864 33.365284 16.312084 3 0 0
-9.631728 58.389248 26.148571 4 0 0
-9.631728 33.365284 283.898743 4 0 0
33.711048 16.682642 11.206531 4 0 0
-2.407932 -37.535946 11.206531 4 0 0
-4.815864 33.365284 444.536346 5 0 0
-4.815864 8.341321 17.781454 5 0 0
-9.631728 33.365284 794.437012 6 0 0
-9.631728 8.341321 47.287918 6 0 0
12.039660 29.194624 18.915165 6 0 0
-26.487251 20.853302 18.915165 7 0 0
-4.815864 33.365284 1021.419006 7 0 0
-4.815864 8.341321 127.677376 7 0 0
16.855524 54.218586 4.728791 7 0 0
16.855524 29.194624 42.559120 7 0 0
39.999290 85.963448 4.728791 8 0 0
-31.303116 20.853302 33.101543 8 0 0
-9.631728 33.365284 718.776306 8 0 0
-9.631728 8.341321 89.847038 8 0 0
12.039660 29.194624 160.778915 8 0 0
-2.407932 -12.511982 14.186375 8 0 0
-26.487251 -4.170660 37.830330 9 0 0
-4.815864 58.389248 9.457582 9 0 0
-4.815864 33.365284 794.437012 9 0 0
16.855524 29.194624 23.643959 9 0 0
2.407932 -12.511982 23.643959 9 0 0
2.407932 -37.535946 18.915165 9 0 0
-31.303116 45.877266 4.728791 10 0 0
-9.631728 58.389248 33.101543 10 0 0
-9.631728 33.365284 293.185089 10 0 0
-9.631728 8.341321 137.134949 10 0 0
12.039660 29.194624 52.016701 10 0 0
12.039660 4.170660 37.830330 10 0 0
109.829323 123.499390 14.186375 11 0 0
-26.487251 20.853302 99.304626 11 0 0
-4.815864 33.365284 274.269897 11 0 0
-4.815864 8.341321 4.728791 11 0 0
16.855524 29.194624 14.186375 11 0 0
-9.631728 33.365284 236.439560 12 0 0
12.039660 54.218586 52.016701 12 0 0
-4.815864 33.365284 61.474293 13 0 0
-4.815864 8.341321 37.830330 13 0 0
16.855524 54.218586 52.016701 13 0 0
16.855524 29.194624 33.101543 13 0 0
16.855524 4.170660 28.372749 13 0 0
38.526913 16.682642 18.915165 13 0 0
-52.038952 140.182037 4.728791 14 0 0
-31.303116 20.853302 52.016701 14 0 0
-9.631728 33.365284 66.203087 14 0 0
12.039660 29.194624 66.203087 14 0 0
-26.487251 70.901230 4.728791 15 0 0
-4.815864 58.389248 14.186375 15 0 0
-4.815864 33.365284 14.186375 15 0 0
-52.974503 33.365284 33.101543 16 0 0
-9.631728 33.365284 108.762207 16 0 0
38.526913 -8.341321 4.728791 17 0 0
60.198299 54.218586 28.372749 17 0 0
-52.038952 -81.792786 14.186375 18 0 0
-31.303116 20.853302 18.915165 18 0 0
-24.079321 -75.071892 61.474293 18 0 0
81.869690 -8.341321 33.101543 19 0 0
54.446884 -77.622124 52.016701 20 0 0
77.053825 16.682642 14.186375 20 1 0
12.039660 29.194624 2.091029 0 0 0
16.855524 29.194624 5.705375 1 0 0
12.039660 29.194624 5.695957 2 0 0
109.829323 73.451469 26.099331 3 0 0
16.855524 29.194624 221.844330 3 0 0
38.526913 41.706604 6.524833 3 0 0
-9.631728 8.341321 3.735510 4 0 0
12.039660 29.194624 567.797485 4 0 0
19.263456 -25.023964 3.735510 4 0 0
66.486542 73.451469 57.789730 5 0 0
-4.815864 33.365284 57.789730 5 0 0
-4.815864 8.341321 53.344368 5 0 0
16.855524 54.218586 8.890727 5 0 0
16.855524 29.194624 817.946960 5 0 0
16.855524 4.170660 53.344368 5 0 0
-9.631728 33.365284 66.203087 6 0 0
-9.631728 8.341321 14.186375 6 0 0
12.039660 29.194624 1286.231323 6 0 0
12.039660 4.170660 179.694077 6 0 0
33.711048 41.706604 14.186375 6 0 0
33.711048 -8.341321 66.203087 6 0 0
-69.830025 45.877266 14.186375 7 0 0
-26.487251 45.877266 14.186375 7 0 0
-4.815864 33.365284 435.048828 7 0 0
-4.815864 8.341321 435.048828 7 0 0
16.855524 54.218586 108.762207 7 0 0
16.855524 29.194624 321.557831 7 0 0
16.855524 4.170660 359.388153 7 0 0
38.526913 16.682642 4.728791 7 0 0
83.342072 85.963448 89.847038 8 0 0
-31.303116 45.877266 70.931870 8 0 0
-31.303116 20.853302 37.830330 8 0 0
-9.631728 33.365284 42.559120 8 0 0
-9.631728 8.341321 99.304626 8 0 0
12.039660 29.194624 321.557831 8 0 0
12.039660 4.170660 179.694077 8 0 0
33.711048 16.682642 52.016701 8 0 0
55.382435 29.194624 23.643959 8 0 0
-26.487251 45.877266 47.287918 9 0 0
-26.487251 -4.170660 37.830330 9 0 0
-4.815864 33.365284 118.219780 9 0 0
-4.815864 8.341321 14.186375 9 0 0
16.855524 29.194624 236.439560 9 0 0
16.855524 4.170660 37.830330 9 0 0
83.342072 60.939484 70.931870 10 0 0
104.077904 -50.047928 52.016701 10 0 0
-9.631728 58.389248 28.372749 10 0 0
-9.631728 33.365284 61.474293 10 0 0
-9.631728 8.341321 80.389458 10 0 0
12.039660 54.218586 70.931870 10 0 0
12.039660 29.194624 255.354752 10 0 0
12.039660 4.170660 14.186375 10 0 0
77.053825 16.682642 4.728791 10 0 0
-48.158642 -16.682642 4.728791 11 0 0
-26.487251 45.877266 28.372749 11 0 0
-26.487251 -4.170660 18.915165 11 0 0
-4.815864 33.365284 146.592545 11 0 0
-4.815864 8.341321 28.372749 11 0 0
16.855524 29.194624 52.016701 11 0 0
16.855524 4.170660 42.559120 11 0 0
-8.696176 190.229965 47.287918 12 0 0
-9.631728 33.365284 42.559120 12 0 0
55.382435 29.194624 4.728791 12 0 0
-48.158642 -16.682642 33.101543 13 0 0
-9.631728 33.365284 37.830330 14 0 0
12.039660 29.194624 14.186375 14 0 0
12.039660 4.170660 9.457582 14 0 0
16.855524 4.170660 18.915165 15 0 0
12.039660 29.194624 28.372749 16 0 0
-111.301697 29.194624 28.372749 17 0 0
16.855524 29.194624 56.745499 17 0 0
-9.631728 8.341321 4.728791 18 0 0
33.711048 -8.341321 111.900894 24 1 0
-9.631728 33.365284 5.227573 0 0 0
-4.815864 33.365284 19.017920 1 0 0
-9.631728 33.365284 22.783827 2 0 0
37.591358 -90.134109 3.262416 3 0 0
-4.815864 33.365284 55.461082 3 0 0
-9.631728 33.365284 186.775482 4 0 0
-48.158642 8.341321 13.336092 5 0 0
-4.815864 33.365284 337.847656 5 0 0
-9.631728 33.365284 255.354752 6 0 0
-9.631728 8.341321 118.219780 6 0 0
19.263456 -75.071892 18.915165 6 0 0
-4.815864 33.365284 472.879120 7 0 0
-4.815864 8.341321 56.745499 7 0 0
32.775497 131.840714 4.728791 8 0 0
-52.974503 58.389248 42.559120 8 0 0
-31.303116 45.877266 66.203087 8 0 0
-9.631728 33.365284 718.776306 8 0 0
-9.631728 8.341321 198.609253 8 0 0
12.039660 4.170660 18.915165 8 0 0
-2.407932 -12.511982 14.186375 8 0 0
-2.407932 -37.535946 28.372749 8 0 0
23.143768 98.475433 28.372749 9 0 0
-26.487251 45.877266 9.457582 9 0 0
-26.487251 20.853302 61.474293 9 0 0
-4.815864 58.389248 4.728791 9 0 0
-4.815864 33.365284 643.115662 9 0 0
-4.815864 8.341321 23.643959 9 0 0
38.526913 16.682642 42.559120 9 0 0
32.775497 156.864685 47.287918 10 0 0
-31.303116 20.853302 37.830330 10 0 0
-9.631728 83.413208 14.186375 10 0 0
-9.631728 33.365284 510.709503 10 0 0
-9.631728 8.341321 118.219780 10 0 0
12.039660 29.194624 33.101543 10 0 0
55.382435 29.194624 9.457582 10 0 0
-154.644470 79.242554 14.186375 11 0 0
-48.158642 33.365284 70.931870 11 0 0
-26.487251 20.853302 42.559120 11 0 0
-4.815864 33.365284 718.776306 11 0 0
-4.815864 8.341321 33.101543 11 0 0
-31.303116 45.877266 23.643959 12 0 0
-31.303116 20.853302 28.372749 12 0 0
-31.303116 -4.170660 28.372749 12 0 0
-9.631728 33.365284 397.218506 12 0 0
-9.631728 8.341321 70.931870 12 0 0
12.039660 29.194624 33.101543 12 0 0
33.711048 66.730568 47.287918 12 0 0
55.382435 54.218586 9.457582 12 0 0
-4.815864 33.365284 217.524414 13 0 0
-4.815864 8.341321 33.101543 13 0 0
16.855524 29.194624 56.745499 13 0 0
-9.631728 58.389248 4.728791 14 0 0
-9.631728 33.365284 198.609253 14 0 0
-9.631728 8.341321 14.186375 14 0 0
12.039660 54.218586 66.203087 14 0 0
-26.487251 70.901230 52.016701 15 0 0
-26.487251 45.877266 4.728791 15 0 0
-26.487251 20.853302 89.847038 15 0 0
-4.815864 33.365284 42.559120 15 0 0
-4.815864 8.341321 14.186375 15 0 0
16.855524 54.218586 80.389458 15 0 0
16.855524 4.170660 14.186375 15 0 0
18.327904 98.475433 18.915165 16 0 0
-9.631728 33.365284 47.287918 16 0 0
12.039660 79.242554 4.728791 16 0 0
12.039660 29.194624 52.016701 16 0 0
33.711048 16.682642 18.915165 16 0 0
-48.158642 33.365284 14.186375 17 0 0
16.855524 79.242554 9.457582 17 0 0
16.855524 54.218586 14.186375 17 0 0
39.999290 85.963448 18.915165 18 0 0
-52.974503 8.341321 4.728791 18 0 0
-9.631728 33.365284 42.559120 18 0 0
12.039660 29.194624 28.372749 18 0 0
88.157928 85.963448 18.915165 19 0 0
-62.606232 -50.047928 18.915165 19 0 0
-52.974503 33.365284 23.643959 20 0 0
-9.631728 8.341321 9.457582 20 1 0
-2.407932 -12.511982 6.273088 0 0 0
2.407932 -12.511982 11.410750 1 0 0
-24.079321 -25.023964 8.543936 2 0 0
-2.407932 -12.511982 82.591362 2 0 0
2.407932 -12.511982 163.120804 3 0 0
-24.079321 -25.023964 22.413061 4 0 0
-2.407932 -12.511982 254.014679 4 0 0
81.869690 41.706604 66.680458 5 0 0
-19.263456 -25.023964 57.789730 5 0 0
2.407932 -12.511982 337.847656 5 0 0
12.039660 4.170660 9.457582 6 0 0
-24.079321 -25.023964 33.101543 6 0 0
-2.407932 -12.511982 472.879120 6 0 0
-26.487251 -4.170660 9.457582 7 0 0
-19.263456 -25.023964 179.694077 7 0 0
2.407932 -12.511982 794.437012 7 0 0
2.407932 -37.535946 37.830330 7 0 0
24.079321 -25.023964 33.101543 7 0 0
-9.631728 8.341321 4.728791 8 0 0
-24.079321 -25.023964 80.389458 8 0 0
-2.407932 -12.511982 548.539795 8 0 0
19.263456 -25.023964 33.101543 8 0 0
-25.551701 -94.304771 9.457582 9 0 0
-26.487251 -4.170660 80.389458 9 0 0
-4.815864 8.341321 33.101543 9 0 0
-19.263456 -25.023964 80.389458 9 0 0
2.407932 -12.511982 510.709503 9 0 0
-31.303116 20.853302 37.830330 10 0 0
-31.303116 -4.170660 14.186375 10 0 0
-9.631728 8.341321 52.016701 10 0 0
-24.079321 -25.023964 236.439560 10 0 0
-24.079321 -50.047928 70.931870 10 0 0
-2.407932 -12.511982 359.388153 10 0 0
-2.407932 -37.535946 42.559120 10 0 0
62.606232 -50.047928 52.016701 10 0 0
-111.301697 -20.853302 18.915165 11 0 0
-26.487251 -4.170660 28.372749 11 0 0
-4.815864 8.341321 56.745499 11 0 0
16.855524 4.170660 89.847038 11 0 0
38.526913 -8.341321 9.457582 11 0 0
-19.263456 -25.023964 89.847038 11 0 0
2.407932 -12.511982 179.694077 11 0 0
2.407932 -37.535946 23.643959 11 0 0
-31.303116 -4.170660 9.457582 12 0 0
-9.631728 8.341321 4.728791 12 0 0
12.039660 29.194624 14.186375 12 0 0
-24.079321 -25.023964 23.643959 12 0 0
-2.407932 -12.511982 217.524414 12 0 0
-48.158642 -16.682642 4.728791 13 0 0
81.869690 16.682642 14.186375 13 0 0
-40.934845 -37.535946 14.186375 13 0 0
2.407932 -12.511982 47.287918 13 0 0
-52.038952 -106.816750 4.728791 14 0 0
19.263456 -25.023964 89.847038 14 0 0
-26.487251 -4.170660 28.372749 15 0 0
-19.263456 -25.023964 33.101543 15 0 0
2.407932 -12.511982 14.186375 15 0 0
2.407932 -37.535946 23.643959 15 0 0
12.039660 29.194624 4.728791 16 0 0
-24.079321 -25.023964 18.915165 16 0 0
19.263456 -25.023964 108.762207 16 0 0
-24.079321 -25.023964 66.203087 20 0 0
-25.551701 -119.328735 83.002823 23 0 0
55.382435 4.170660 47.957523 24 1 0
12.039660 4.170660 3.136544 0 0 0
-4.815864 8.341321 11.410750 1 0 0
-31.303116 20.853302 8.543936 2 0 0
-9.631728 8.341321 5.695957 2 0 0
12.039660 4.170660 39.871696 2 0 0
-4.815864 33.365284 19.574501 3 0 0
-4.815864 8.341321 75.035583 3 0 0
-9.631728 8.341321 186.775482 4 0 0
12.039660 29.194624 11.206531 4 0 0
12.039660 4.170660 171.833466 4 0 0
-24.079321 -25.023964 22.413061 4 0 0
-4.815864 8.341321 373.410583 5 0 0
-31.303116 -4.170660 66.203087 6 0 0
-9.631728 33.365284 42.559120 6 0 0
-9.631728 8.341321 643.115662 6 0 0
12.039660 29.194624 37.830330 6 0 0
12.039660 4.170660 586.370178 6 0 0
33.711048 -8.341321 14.186375 6 0 0
55.382435 4.170660 4.728791 6 0 0
-26.487251 20.853302 23.643959 7 0 0
-4.815864 33.365284 61.474293 7 0 0
-4.815864 8.341321 1286.231323 7 0 0
16.855524 4.170660 89.847038 7 0 0
2.407932 -12.511982 14.186375 7 0 0
-31.303116 -4.170660 33.101543 8 0 0
-9.631728 33.365284 47.287918 8 0 0
-9.631728 8.341321 397.218506 8 0 0
12.039660 54.218586 18.915165 8 0 0
12.039660 29.194624 89.847038 8 0 0
12.039660 4.170660 870.097656 8 0 0
33.711048 16.682642 4.728791 8 0 0
-4.815864 33.365284 127.677376 9 0 0
-4.815864 8.341321 548.539795 9 0 0
16.855524 29.194624 23.643959 9 0 0
16.855524 4.170660 61.474293 9 0 0
81.869690 -33.365284 4.728791 9 0 0
39.999290 85.963448 18.915165 10 0 0
126.684845 110.987411 33.101543 10 0 0
-9.631728 33.365284 14.186375 10 0 0
-9.631728 8.341321 179.694077 10 0 0
12.039660 29.194624 118.219780 10 0 0
12.039660 4.170660 321.557831 10 0 0
33.711048 16.682642 56.745499 10 0 0
40.934845 -62.559910 47.287918 10 0 0
62.606232 -50.047928 37.830330 10 0 0
-26.487251 20.853302 9.457582 11 0 0
-26.487251 -4.170660 33.101543 11 0 0
-4.815864 33.365284 42.559120 11 0 0
-4.815864 8.341321 108.762207 11 0 0
-9.631728 58.389248 18.915165 12 0 0
-9.631728 33.365284 23.643959 12 0 0
-9.631728 8.341321 89.847038 12 0 0
12.039660 29.194624 137.134949 12 0 0
12.039660 4.170660 61.474293 12 0 0
77.053825 -8.341321 28.372749 12 0 0
-4.815864 33.365284 4.728791 13 0 0
-4.815864 8.341321 198.609253 13 0 0
16.855524 4.170660 52.016701 13 0 0
-9.631728 8.341321 28.372749 14 0 0
-4.815864 8.341321 70.931870 15 0 0
16.855524 4.170660 80.389458 15 0 0
38.526913 16.682642 18.915165 15 0 0
-52.974503 58.389248 23.643959 16 0 0
-31.303116 -4.170660 42.559120 16 0 0
-45.750710 -37.535946 28.372749 16 0 0
40.934845 -62.559910 4.728791 16 0 0
-26.487251 20.853302 37.830330 17 0 0
-9.631728 33.365284 23.643959 18 0 0
-9.631728 8.341321 14.186375 18 1 0
-2.407932 -12.511982 13.591691 0 0 0
38.526913 -8.341321 7.607167 1 0 0
2.407932 -12.511982 15.214334 1 0 0
55.382435 -20.853302 22.783827 2 0 0
-2.407932 -12.511982 59.807549 2 0 0
16.855524 4.170660 22.836916 3 0 0
2.407932 -12.511982 352.341003 3 0 0
12.039660 4.170660 22.413061 4 0 0
-2.407932 -12.511982 433.319153 4 0 0
40.934845 -62.559910 14.942039 4 0 0
-4.815864 8.341321 8.890727 5 0 0
2.407932 -12.511982 817.946960 5 0 0
2.407932 -37.535946 17.781454 5 0 0
24.079321 -25.023964 13.336092 5 0 0
-74.645889 -29.194624 9.457582 6 0 0
-31.303116 20.853302 61.474293 6 0 0
12.039660 4.170660 14.186375 6 0 0
-2.407932 -12.511982 1021.419006 6 0 0
19.263456 -25.023964 9.457582 6 0 0
2.407932 -12.511982 718.776306 7 0 0
45.750710 -37.535946 47.287918 7 0 0
45.750710 -62.559910 108.762207 7 0 0
-52.974503 -16.682642 56.745499 8 0 0
-9.631728 8.341321 61.474293 8 0 0
12.039660 29.194624 4.728791 8 0 0
12.039660 4.170660 56.745499 8 0 0
33.711048 66.730568 33.101543 8 0 0
-2.407932 -12.511982 435.048828 8 0 0
19.263456 -25.023964 52.016701 8 0 0
-112.237251 169.376663 4.728791 9 0 0
16.855524 4.170660 217.524414 9 0 0
38.526913 -8.341321 23.643959 9 0 0
-19.263456 -25.023964 146.592545 9 0 0
2.407932 -12.511982 472.879120 9 0 0
-31.303116 -4.170660 14.186375 10 0 0
12.039660 4.170660 66.203087 10 0 0
55.382435 4.170660 217.524414 10 0 0
-2.407932 -12.511982 89.847038 10 0 0
-2.407932 -37.535946 42.559120 10 0 0
19.263456 -25.023964 127.677376 10 0 0
-4.815864 8.341321 14.186375 11 0 0
2.407932 -12.511982 198.609253 11 0 0
2.407932 -37.535946 14.186375 11 0 0
2.407932 -62.559910 18.915165 11 0 0
-9.631728 8.341321 4.728791 12 0 0
12.039660 4.170660 52.016701 12 0 0
-24.079321 -25.023964 89.847038 12 0 0
-2.407932 -12.511982 99.304626 12 0 0
-2.407932 -37.535946 42.559120 12 0 0
19.263456 -25.023964 33.101543 12 0 0
-4.815864 8.341321 33.101543 13 0 0
38.526913 -8.341321 18.915165 13 0 0
60.198299 -20.853302 99.304626 13 0 0
-19.263456 -25.023964 4.728791 13 0 0
2.407932 -12.511982 99.304626 13 0 0
2.407932 -37.535946 28.372749 13 0 0
-2.407932 -12.511982 28.372749 14 0 0
19.263456 -25.023964 56.745499 14 0 0
-26.487251 20.853302 9.457582 15 0 0
16.855524 29.194624 4.728791 15 0 0
-19.263456 -25.023964 28.372749 15 0 0
2.407932 -12.511982 28.372749 15 0 0
-9.631728 58.389248 18.915165 16 0 0
-4.815864 58.389248 14.186375 17 0 0
33.711048 -8.341321 33.101543 18 0 0
77.053825 16.682642 14.186375 18 1 0
-9.631728 8.341321 2.091029 0 0 0
-4.815864 8.341321 3.803583 1 0 0
-9.631728 8.341321 59.807549 2 0 0
12.039660 4.170660 34.175743 2 0 0
-4.815864 8.341321 75.035583 3 0 0
2.407932 -12.511982 19.574501 3 0 0
-9.631728 8.341321 115.800812 4 0 0
-2.407932 -12.511982 201.717545 4 0 0
-4.815864 8.341321 746.821167 5 0 0
16.855524 4.170660 75.571190 5 0 0
38.526913 41.706604 8.890727 5 0 0
2.407932 -12.511982 17.781454 5 0 0
-9.631728 8.341321 1097.079590 6 0 0
12.039660 4.170660 33.101543 6 0 0
-24.079321 -25.023964 18.915165 6 0 0
-2.407932 -12.511982 397.218506 6 0 0
19.263456 -25.023964 18.915165 6 0 0
188.355530 79.242554 14.186375 7 0 0
-48.158642 33.365284 9.457582 7 0 0
-26.487251 -4.170660 56.745499 7 0 0
-4.815864 8.341321 870.097656 7 0 0
16.855524 4.170660 33.101543 7 0 0
2.407932 -12.511982 14.186375 7 0 0
-74.645889 45.877266 18.915165 8 0 0
-31.303116 45.877266 52.016701 8 0 0
-31.303116 20.853302 4.728791 8 0 0
-31.303116 -4.170660 14.186375 8 0 0
-9.631728 8.341321 321.557831 8 0 0
-2.407932 -12.511982 198.609253 8 0 0
19.263456 -25.023964 18.915165 8 0 0
-26.487251 -4.170660 9.457582 9 0 0
-4.815864 8.341321 359.388153 9 0 0
16.855524 4.170660 42.559120 9 0 0
-40.934845 -37.535946 33.101543 9 0 0
-19.263456 -25.023964 28.372749 9 0 0
2.407932 -12.511982 99.304626 9 0 0
2.407932 -62.559910 14.186375 9 0 0
24.079321 -25.023964 9.457582 9 0 0
-9.631728 8.341321 321.557831 10 0 0
12.039660 4.170660 37.830330 10 0 0
55.382435 54.218586 14.186375 10 0 0
-45.750710 -62.559910 9.457582 10 0 0
-24.079321 -25.023964 89.847038 10 0 0
-2.407932 -12.511982 160.778915 10 0 0
-26.487251 -4.170660 33.101543 11 0 0
-4.815864 8.341321 321.557831 11 0 0
16.855524 4.170660 56.745499 11 0 0
2.407932 -12.511982 70.931870 11 0 0
-9.631728 8.341321 14.186375 12 0 0
-2.407932 -12.511982 89.847038 12 0 0
-48.158642 -16.682642 14.186375 13 0 0
-26.487251 -4.170660 37.830330 13 0 0
-4.815864 8.341321 80.389458 13 0 0
2.407932 -12.511982 9.457582 13 0 0
-30.367563 -94.304771 33.101543 14 0 0
-9.631728 8.341321 42.559120 14 0 0
12.039660 4.170660 118.219780 14 0 0
-67.422096 -50.047928 37.830330 14 0 0
-24.079321 -25.023964 14.186375 14 0 0
-4.815864 8.341321 99.304626 15 0 0
-9.631728 58.389248 37.830330 16 0 0
-26.487251 20.853302 4.728791 17 1 0
-2.407932 -12.511982 3.136544 0 0 0
2.407932 -12.511982 3.803583 1 0 0
-2.407932 -12.511982 17.087872 2 0 0
19.263456 -25.023964 8.543936 2 0 0
-47.223087 -81.792786 19.574501 3 0 0
2.407932 -12.511982 29.361746 3 0 0
-2.407932 -12.511982 433.319153 4 0 0
19.263456 -25.023964 14.942039 4 0 0
2.407932 -12.511982 515.662170 5 0 0
24.079321 -25.023964 26.672184 5 0 0
-24.079321 -25.023964 80.389458 6 0 0
-2.407932 -12.511982 945.758240 6 0 0
-2.407932 -37.535946 33.101543 6 0 0
19.263456 -25.023964 236.439560 6 0 0
19.263456 -50.047928 9.457582 6 0 0
66.486542 73.451469 4.728791 7 0 0
-48.158642 8.341321 4.728791 7 0 0
-26.487251 -4.170660 14.186375 7 0 0
16.855524 29.194624 4.728791 7 0 0
2.407932 -12.511982 945.758240 7 0 0
24.079321 -25.023964 435.048828 7 0 0
-52.974503 -16.682642 4.728791 8 0 0
-67.422096 -50.047928 9.457582 8 0 0
-2.407932 -12.511982 472.879120 8 0 0
19.263456 -25.023964 293.185089 8 0 0
19.263456 -50.047928 18.915165 8 0 0
16.855524 29.194624 42.559120 9 0 0
16.855524 4.170660 52.016701 9 0 0
38.526913 -8.341321 23.643959 9 0 0
2.407932 -12.511982 643.115662 9 0 0
2.407932 -37.535946 56.745499 9 0 0
24.079321 -25.023964 321.557831 9 0 0
-9.631728 33.365284 33.101543 10 0 0
12.039660 29.194624 23.643959 10 0 0
-45.750710 -37.535946 23.643959 10 0 0
-24.079321 -25.023964 18.915165 10 0 0
-2.407932 -12.511982 217.524414 10 0 0
-2.407932 -37.535946 47.287918 10 0 0
19.263456 -25.023964 160.778915 10 0 0
-48.158642 8.341321 14.186375 11 0 0
-26.487251 -4.170660 33.101543 11 0 0
38.526913 -8.341321 9.457582 11 0 0
60.198299 -20.853302 9.457582 11 0 0
-19.263456 -50.047928 18.915165 11 0 0
2.407932 -12.511982 179.694077 11 0 0
2.407932 -37.535946 33.101543 11 0 0
2.407932 -87.583870 108.762207 11 0 0
96.854111 -4.170660 23.643959 12 0 0
-31.303116 -4.170660 42.559120 12 0 0
12.039660 29.194624 118.219780 12 0 0
33.711048 -8.341321 9.457582 12 0 0
-45.750710 -37.535946 14.186375 12 0 0
-24.079321 -50.047928 52.016701 12 0 0
-2.407932 -12.511982 179.694077 12 0 0
-2.407932 -37.535946 42.559120 12 0 0
40.934845 -62.559910 99.304626 12 0 0
16.855524 4.170660 89.847038 13 0 0
38.526913 -8.341321 23.643959 13 0 0
-19.263456 -50.047928 14.186375 13 0 0
2.407932 -12.511982 137.134949 13 0 0
24.079321 -25.023964 23.643959 13 0 0
-9.631728 33.365284 9.457582 14 0 0
33.711048 -8.341321 179.694077 14 0 0
40.934845 -37.535946 61.474293 14 0 0
38.526913 -8.341321 18.915165 15 0 0
60.198299 4.170660 18.915165 15 0 0
81.869690 -8.341321 42.559120 15 0 0
2.407932 -12.511982 179.694077 15 0 0
-2.407932 -12.511982 28.372749 16 0 0
-19.263456 -25.023964 23.643959 17 0 0
2.407932 -12.511982 9.457582 17 0 0
-2.407932 -12.511982 4.728791 18 0 0
19.263456 -25.023964 37.830330 18 0 0
124.276909 -131.840714 4.728791 21 1 0
-2.407932 -37.535946 3.136544 0 0 0
2.407932 -37.535946 3.803583 1 0 0
-2.407932 -37.535946 17.087872 2 0 0
19.263456 -25.023964 11.391913 2 0 0
19.263456 -50.047928 2.847978 2 0 0
2.407932 -37.535946 61.985916 3 0 0
162.803818 -181.888641 29.884077 4 0 0
-2.407932 -37.535946 186.775482 4 0 0
19.263456 -25.023964 18.677551 4 0 0
19.263456 -50.047928 44.826122 4 0 0
-40.934845 -62.559910 22.226820 5 0 0
-19.263456 -50.047928 48.898998 5 0 0
2.407932 -37.535946 515.662170 5 0 0
-24.079321 -25.023964 14.186375 6 0 0
-2.407932 -37.535946 472.879120 6 0 0
-48.158642 8.341321 47.287918 7 0 0
2.407932 -37.535946 359.388153 7 0 0
24.079321 -25.023964 37.830330 7 0 0
24.079321 -50.047928 61.474293 7 0 0
77.053825 -8.341321 23.643959 8 0 0
-2.407932 -37.535946 510.709503 8 0 0
19.263456 -25.023964 14.186375 8 0 0
19.263456 -50.047928 18.915165 8 0 0
40.934845 -37.535946 18.915165 8 0 0
2.407932 -12.511982 52.016701 9 0 0
2.407932 -37.535946 718.776306 9 0 0
24.079321 -75.071892 33.101543 9 0 0
45.750710 -37.535946 4.728791 9 0 0
-2.407932 -37.535946 179.694077 10 0 0
19.263456 -25.023964 23.643959 10 0 0
19.263456 -50.047928 37.830330 10 0 0
2.407932 -12.511982 4.728791 11 0 0
2.407932 -37.535946 718.776306 11 0 0
2.407932 -62.559910 18.915165 11 0 0
24.079321 -50.047928 14.186375 11 0 0
24.079321 -75.071892 9.457582 11 0 0
97.789658 -94.304771 4.728791 12 0 0
-2.407932 -37.535946 510.709503 12 0 0
19.263456 -25.023964 14.186375 12 0 0
-19.263456 -50.047928 18.915165 13 0 0
2.407932 -37.535946 255.354752 13 0 0
2.407932 -62.559910 4.728791 13 0 0
24.079321 -25.023964 18.915165 13 0 0
24.079321 -75.071892 4.728791 13 0 0
-9.631728 8.341321 42.559120 14 0 0
-2.407932 -37.535946 179.694077 14 0 0
19.263456 -25.023964 255.354752 14 0 0
19.263456 -50.047928 28.372749 14 0 0
40.934845 -37.535946 23.643959 14 0 0
2.407932 -37.535946 89.847038 15 0 0
11.104108 169.376663 4.728791 16 0 0
32.775497 -115.158073 14.186375 16 0 0
55.382435 -20.853302 80.389458 16 0 0
-2.407932 -37.535946 118.219780 16 0 0
-47.223087 -156.864685 9.457582 17 0 0
2.407932 -37.535946 33.101543 17 0 0
2.407932 -62.559910 4.728791 17 0 0
67.422096 -50.047928 18.915165 17 0 0
77.053825 -33.365284 28.372749 18 0 0
-2.407932 -12.511982 9.457582 18 0 0
19.263456 -25.023964 52.016701 18 0 0
-25.551701 -94.304771 37.830330 19 0 0
-19.263456 -75.071892 14.186375 21 0 0
-24.079321 -50.047928 127.677376 22 1 0
-9.631728 8.341321 2.091029 0 0 0
-4.815864 33.365284 5.705375 1 0 0
-9.631728 8.341321 76.895416 2 0 0
12.039660 79.242554 8.543936 2 0 0
12.039660 4.170660 14.239892 2 0 0
-4.815864 33.365284 110.922165 3 0 0
-4.815864 8.341321 9.787251 3 0 0
-9.631728 33.365284 201.717545 4 0 0
-9.631728 8.341321 171.833466 4 0 0
12.039660 29.194624 18.677551 4 0 0
12.039660 4.170660 11.206531 4 0 0
-48.158642 8.341321 4.445364 5 0 0
-26.487251 20.853302 26.672184 5 0 0
-4.815864 33.365284 960.198669 5 0 0
-4.815864 8.341321 120.024834 5 0 0
2.407932 -12.511982 4.445364 5 0 0
-31.303116 70.901230 4.728791 6 0 0
-9.631728 58.389248 70.931870 6 0 0
-9.631728 33.365284 945.758240 6 0 0
-9.631728 8.341321 643.115662 6 0 0
12.039660 29.194624 198.609253 6 0 0
12.039660 4.170660 56.745499 6 0 0
-48.158642 8.341321 18.915165 7 0 0
-26.487251 45.877266 9.457582 7 0 0
-26.487251 20.853302 108.762207 7 0 0
-4.815864 33.365284 510.709503 7 0 0
-4.815864 8.341321 137.134949 7 0 0
16.855524 29.194624 198.609253 7 0 0
16.855524 4.170660 4.728791 7 0 0
-44.815155 85.963448 18.915165 8 0 0
83.342072 85.963448 23.643959 8 0 0
-52.974503 58.389248 80.389458 8 0 0
-52.974503 -16.682642 52.016701 8 0 0
-31.303116 45.877266 28.372749 8 0 0
-31.303116 20.853302 18.915165 8 0 0
-9.631728 33.365284 160.778915 8 0 0
-9.631728 8.341321 236.439560 8 0 0
12.039660 29.194624 23.643959 8 0 0
12.039660 4.170660 28.372749 8 0 0
55.382435 4.170660 42.559120 8 0 0
-39.999290 110.987411 18.915165 9 0 0
-26.487251 45.877266 37.830330 9 0 0
-26.487251 20.853302 37.830330 9 0 0
-4.815864 33.365284 548.539795 9 0 0
-4.815864 8.341321 274.269897 9 0 0
16.855524 29.194624 9.457582 9 0 0
38.526913 66.730568 108.762207 9 0 0
-74.645889 -4.170660 61.474293 10 0 0
-9.631728 58.389248 33.101543 10 0 0
-9.631728 33.365284 179.694077 10 0 0
-9.631728 8.341321 160.778915 10 0 0
12.039660 29.194624 4.728791 10 0 0
-26.487251 45.877266 23.643959 11 0 0
-26.487251 20.853302 99.304626 11 0 0
-4.815864 33.365284 137.134949 11 0 0
-4.815864 8.341321 89.847038 11 0 0
-31.303116 20.853302 160.778915 12 0 0
-31.303116 -4.170660 4.728791 12 0 0
-9.631728 33.365284 56.745499 12 0 0
-9.631728 8.341321 23.643959 12 0 0
12.039660 79.242554 23.643959 12 0 0
12.039660 54.218586 47.287918 12 0 0
12.039660 29.194624 9.457582 12 0 0
12.039660 4.170660 70.931870 12 0 0
-26.487251 20.853302 33.101543 13 0 0
-4.815864 33.365284 89.847038 13 0 0
-4.815864 8.341321 127.677376 13 0 0
16.855524 4.170660 80.389458 13 0 0
2.407932 -12.511982 18.915165 13 0 0
-31.303116 20.853302 9.457582 14 0 0
12.039660 54.218586 4.728791 14 0 0
19.263456 -25.023964 23.643959 14 0 0
16.855524 29.194624 70.931870 15 0 0
-31.303116 -4.170660 9.457582 16 0 0
-9.631728 33.365284 4.728791 16 0 0
23.143768 98.475433 4.728791 17 0 0
16.855524 29.194624 23.643959 17 0 0
-2.407932 -12.511982 9.457582 18 0 0
45.750710 -37.535946 18.915165 19 0 0
55.382435 -20.853302 18.915165 20 0 0
-4.815864 33.365284 47.287918 21 0 0
24.079321 -50.047928 28.372749 21 1 0
-74.645889 -4.170660 2.091029 0 0 0
-9.631728 58.389248 1.045515 0 0 0
-9.631728 33.365284 2.091029 0 0 0
-4.815864 33.365284 5.705375 1 0 0
-9.631728 33.365284 31.327759 2 0 0
-4.815864 33.365284 88.085251 3 0 0
-9.631728 33.365284 201.717545 4 0 0
-111.301697 29.194624 4.445364 5 0 0
-4.815864 33.365284 302.284760 5 0 0
-9.631728 33.365284 435.048828 6 0 0
-9.631728 8.341321 4.728791 6 0 0
12.039660 29.194624 18.915165 6 0 0
-26.487251 20.853302 9.457582 7 0 0
-4.815864 83.413208 18.915165 7 0 0
-4.815864 33.365284 1172.740356 7 0 0
18.327904 98.475433 9.457582 8 0 0
-31.303116 45.877266 28.372749 8 0 0
-31.303116 20.853302 14.186375 8 0 0
-9.631728 58.389248 66.203087 8 0 0
-9.631728 33.365284 643.115662 8 0 0
-9.631728 8.341321 108.762207 8 0 0
12.039660 54.218586 23.643959 8 0 0
12.039660 29.194624 66.203087 8 0 0
-48.158642 58.389248 42.559120 9 0 0
-26.487251 20.853302 14.186375 9 0 0
-4.815864 33.365284 548.539795 9 0 0
16.855524 29.194624 14.186375 9 0 0
38.526913 41.706604 14.186375 9 0 0
-52.974503 33.365284 56.745499 10 0 0
-9.631728 58.389248 23.643959 10 0 0
-9.631728 33.365284 472.879120 10 0 0
-9.631728 8.341321 61.474293 10 0 0
12.039660 79.242554 23.643959 10 0 0
12.039660 29.194624 56.745499 10 0 0
33.711048 66.730568 9.457582 10 0 0
-26.487251 70.901230 33.101543 11 0 0
-26.487251 20.853302 28.372749 11 0 0
-4.815864 58.389248 23.643959 11 0 0
-4.815864 33.365284 321.557831 11 0 0
16.855524 54.218586 4.728791 11 0 0
-31.303116 20.853302 18.915165 12 0 0
-9.631728 83.413208 47.287918 12 0 0
-9.631728 33.365284 108.762207 12 0 0
12.039660 79.242554 80.389458 12 0 0
12.039660 29.194624 70.931870 12 0 0
-26.487251 20.853302 23.643959 13 0 0
-4.815864 33.365284 56.745499 13 0 0
16.855524 54.218586 108.762207 13 0 0
2.407932 -12.511982 9.457582 13 0 0
-31.303116 45.877266 4.728791 14 0 0
-31.303116 20.853302 89.847038 14 0 0
-9.631728 33.365284 255.354752 14 0 0
-9.631728 8.341321 9.457582 14 0 0
12.039660 29.194624 37.830330 14 0 0
-61.670681 73.451469 33.101543 15 0 0
-4.815864 33.365284 89.847038 15 0 0
45.750710 -62.559910 89.847038 15 0 0
-31.303116 20.853302 18.915165 16 0 0
-9.631728 33.365284 52.016701 16 0 0
33.711048 -8.341321 18.915165 16 0 0
-4.815864 33.365284 160.778915 17 0 0
16.855524 29.194624 118.219780 17 0 0
38.526913 -8.341321 28.372749 17 0 0
-4.815864 58.389248 14.186375 19 0 0
16.855524 4.170660 80.389458 21 0 0
12.039660 54.218586 23.643959 22 0 0
11.104108 119.328735 31.971682 24 0 0
-19.263456 -75.071892 15.985841 27 1 0
-9.631728 33.365284 3.136544 0 0 0
-4.815864 33.365284 5.705375 1 0 0
-9.631728 33.365284 54.111588 2 0 0
-4.815864 33.365284 61.985916 3 0 0
-9.631728 33.365284 108.329788 4 0 0
-26.487251 70.901230 4.445364 5 0 0
-26.487251 45.877266 31.117548 5 0 0
-4.815864 58.389248 31.117548 5 0 0
-4.815864 33.365284 675.695312 5 0 0
-9.631728 58.389248 9.457582 6 0 0
-9.631728 33.365284 472.879120 6 0 0
12.039660 29.194624 9.457582 6 0 0
66.486542 98.475433 4.728791 7 0 0
-26.487251 45.877266 14.186375 7 0 0
-26.487251 20.853302 9.457582 7 0 0
-4.815864 33.365284 1021.419006 7 0 0
-4.815864 8.341321 18.915165 7 0 0
-44.815155 85.963448 9.457582 8 0 0
-31.303116 70.901230 146.592545 8 0 0
-31.303116 45.877266 160.778915 8 0 0
-9.631728 58.389248 37.830330 8 0 0
-9.631728 33.365284 945.758240 8 0 0
12.039660 54.218586 4.728791 8 0 0
33.711048 41.706604 14.186375 8 0 0
-26.487251 70.901230 18.915165 9 0 0
-26.487251 45.877266 127.677376 9 0 0
-26.487251 20.853302 9.457582 9 0 0
-4.815864 33.365284 643.115662 9 0 0
-4.815864 8.341321 66.203087 9 0 0
16.855524 4.170660 23.643959 9 0 0
38.526913 16.682642 28.372749 9 0 0
-40.934845 -37.535946 9.457582 9 0 0
-31.303116 70.901230 108.762207 10 0 0
-9.631728 58.389248 9.457582 10 0 0
-9.631728 33.365284 548.539795 10 0 0
-9.631728 8.341321 37.830330 10 0 0
12.039660 54.218586 18.915165 10 0 0
12.039660 29.194624 33.101543 10 0 0
-48.158642 8.341321 23.643959 11 0 0
-4.815864 33.365284 293.185089 11 0 0
-4.815864 8.341321 118.219780 11 0 0
16.855524 29.194624 198.609253 11 0 0
-52.974503 33.365284 37.830330 12 0 0
-31.303116 45.877266 146.592545 12 0 0
-9.631728 58.389248 66.203087 12 0 0
-9.631728 33.365284 118.219780 12 0 0
-69.830025 45.877266 14.186375 13 0 0
-48.158642 33.365284 28.372749 13 0 0
-4.815864 33.365284 160.778915 13 0 0
16.855524 4.170660 80.389458 13 0 0
-246.145889 20.853302 18.915165 14 0 0
-31.303116 45.877266 99.304626 14 0 0
-9.631728 33.365284 137.134949 14 0 0
-9.631728 8.341321 28.372749 14 0 0
12.039660 79.242554 52.016701 14 0 0
33.711048 41.706604 4.728791 14 0 0
-45.750710 -37.535946 14.186375 14 0 0
-24.079321 -50.047928 37.830330 14 0 0
19.263456 -25.023964 37.830330 14 0 0
101.669975 45.877266 14.186375 15 0 0
-48.158642 58.389248 9.457582 15 0 0
-26.487251 45.877266 9.457582 15 0 0
-26.487251 20.853302 52.016701 15 0 0
-4.815864 58.389248 14.186375 15 0 0
-4.815864 33.365284 18.915165 15 0 0
60.198299 -20.853302 18.915165 15 0 0
-9.631728 58.389248 9.457582 16 0 0
-9.631728 33.365284 23.643959 16 0 0
-69.830025 20.853302 33.101543 17 0 0
77.053825 41.706604 23.643959 18 0 0
-31.303116 45.877266 18.915165 20 0 0
-31.303116 20.853302 14.186375 20 0 0
-9.631728 33.365284 47.287918 20 1 0
-9.631728 33.365284 2.091029 0 0 0
-4.815864 33.365284 3.803583 1 0 0
118.525497 58.389248 31.327759 2 0 0
-9.631728 33.365284 28.479784 2 0 0
-48.158642 8.341321 6.524833 3 0 0
-4.815864 33.365284 94.610069 3 0 0
39.999290 85.963448 41.090607 4 0 0
-9.631728 33.365284 156.891434 4 0 0
109.829323 98.475433 13.336092 5 0 0
-4.815864 33.365284 604.569519 5 0 0
-4.815864 8.341321 17.781454 5 0 0
-9.631728 33.365284 870.097656 6 0 0
-9.631728 8.341321 89.847038 6 0 0
12.039660 29.194624 99.304626 6 0 0
-2.407932 -12.511982 18.915165 6 0 0
-4.815864 33.365284 870.097656 7 0 0
-4.815864 8.341321 37.830330 7 0 0
61.670681 73.451469 14.186375 8 0 0
-9.631728 33.365284 510.709503 8 0 0
-9.631728 8.341321 99.304626 8 0 0
12.039660 29.194624 137.134949 8 0 0
12.039660 4.170660 118.219780 8 0 0
-2.407932 -12.511982 23.643959 8 0 0
-26.487251 -4.170660 18.915165 9 0 0
-4.815864 58.389248 42.559120 9 0 0
-4.815864 33.365284 718.776306 9 0 0
16.855524 54.218586 18.915165 9 0 0
16.855524 29.194624 61.474293 9 0 0
60.198299 54.218586 18.915165 9 0 0
-19.263456 -25.023964 14.186375 9 0 0
-31.303116 20.853302 137.134949 10 0 0
-9.631728 33.365284 435.048828 10 0 0
-9.631728 8.341321 18.915165 10 0 0
12.039660 29.194624 118.219780 10 0 0
-26.487251 70.901230 4.728791 11 0 0
-4.815864 33.365284 293.185089 11 0 0
-4.815864 8.341321 9.457582 11 0 0
16.855524 54.218586 18.915165 11 0 0
16.855524 29.194624 33.101543 11 0 0
-31.303116 70.901230 66.203087 12 0 0
-31.303116 45.877266 33.101543 12 0 0
-9.631728 83.413208 47.287918 12 0 0
-9.631728 58.389248 14.186375 12 0 0
-9.631728 33.365284 160.778915 12 0 0
-9.631728 8.341321 118.219780 12 0 0
12.039660 4.170660 23.643959 12 0 0
33.711048 41.706604 9.457582 12 0 0
-48.158642 8.341321 23.643959 13 0 0
-26.487251 20.853302 9.457582 13 0 0
-4.815864 33.365284 56.745499 13 0 0
-4.815864 8.341321 28.372749 13 0 0
60.198299 54.218586 18.915165 13 0 0
-40.934845 -37.535946 14.186375 13 0 0
-9.631728 58.389248 9.457582 14 0 0
-9.631728 33.365284 9.457582 14 0 0
-9.631728 8.341321 127.677376 14 0 0
-61.670681 73.451469 9.457582 15 0 0
-26.487251 20.853302 99.304626 15 0 0
-4.815864 33.365284 61.474293 15 0 0
-44.815155 85.963448 56.745499 16 0 0
-31.303116 45.877266 14.186375 16 0 0
2.407932 -12.511982 28.372749 17 0 0
-4.815864 83.413208 19.154495 23 0 0
12.039660 79.242554 111.900894 24 1 0
-9.631728 8.341321 2.091029 0 0 0
12.039660 4.170660 17.773748 0 0 0
33.711048 16.682642 2.091029 0 0 0
-4.815864 8.341321 28.526880 1 0 0
38.526913 16.682642 7.607167 1 0 0
-9.631728 8.341321 5.695957 2 0 0
12.039660 4.170660 34.175743 2 0 0
33.711048 16.682642 5.695957 2 0 0
-4.815864 8.341321 61.985916 3 0 0
16.855524 29.194624 32.624168 3 0 0
16.855524 4.170660 9.787251 3 0 0
38.526913 16.682642 6.524833 3 0 0
-40.934845 -37.535946 13.049665 3 0 0
-9.631728 33.365284 70.974686 4 0 0
-9.631728 8.341321 26.148571 4 0 0
12.039660 29.194624 56.032654 4 0 0
12.039660 4.170660 201.717545 4 0 0
33.711048 16.682642 7.471019 4 0 0
-4.815864 33.365284 93.352646 5 0 0
-4.815864 8.341321 444.536346 5 0 0
16.855524 29.194624 8.890727 5 0 0
16.855524 4.170660 75.571190 5 0 0
38.526913 16.682642 17.781454 5 0 0
2.407932 -37.535946 17.781454 5 0 0
-74.645889 20.853302 47.287918 6 0 0
-52.974503 33.365284 9.457582 6 0 0
-9.631728 33.365284 127.677376 6 0 0
-9.631728 8.341321 643.115662 6 0 0
12.039660 29.194624 52.016701 6 0 0
12.039660 4.170660 586.370178 6 0 0
33.711048 16.682642 14.186375 6 0 0
55.382435 4.170660 28.372749 6 0 0
-2.407932 -12.511982 61.474293 6 0 0
-26.487251 20.853302 18.915165 7 0 0
-4.815864 33.365284 146.592545 7 0 0
-4.815864 8.341321 794.437012 7 0 0
16.855524 29.194624 37.830330 7 0 0
16.855524 4.170660 255.354752 7 0 0
-52.974503 58.389248 61.474293 8 0 0
-31.303116 20.853302 18.915165 8 0 0
-9.631728 33.365284 42.559120 8 0 0
-9.631728 8.341321 321.557831 8 0 0
12.039660 29.194624 89.847038 8 0 0
12.039660 4.170660 397.218506 8 0 0
33.711048 16.682642 33.101543 8 0 0
-83.342072 60.939484 37.830330 9 0 0
-47.223087 -81.792786 4.728791 9 0 0
-26.487251 20.853302 70.931870 9 0 0
-4.815864 83.413208 28.372749 9 0 0
-4.815864 33.365284 160.778915 9 0 0
-4.815864 8.341321 359.388153 9 0 0
16.855524 29.194624 9.457582 9 0 0
16.855524 4.170660 160.778915 9 0 0
2.407932 -12.511982 18.915165 9 0 0
-52.038952 165.205994 42.559120 10 0 0
54.446884 -102.646088 118.219780 10 0 0
-31.303116 45.877266 397.218506 10 0 0
-31.303116 -4.170660 9.457582 10 0 0
-9.631728 8.341321 89.847038 10 0 0
12.039660 54.218586 14.186375 10 0 0
12.039660 29.194624 99.304626 10 0 0
12.039660 4.170660 217.524414 10 0 0
-2.407932 -12.511982 37.830330 10 0 0
-2.407932 -37.535946 14.186375 10 0 0
-154.644470 54.218586 14.186375 11 0 0
101.669975 -29.194624 4.728791 11 0 0
-26.487251 45.877266 66.203087 11 0 0
-26.487251 20.853302 14.186375 11 0 0
-4.815864 33.365284 14.186375 11 0 0
-4.815864 8.341321 80.389458 11 0 0
16.855524 29.194624 293.185089 11 0 0
16.855524 4.170660 52.016701 11 0 0
38.526913 -8.341321 4.728791 11 0 0
2.407932 -12.511982 33.101543 11 0 0
-9.631728 33.365284 28.372749 12 0 0
-9.631728 8.341321 4.728791 12 0 0
12.039660 29.194624 80.389458 12 0 0
12.039660 4.170660 160.778915 12 0 0
-26.487251 20.853302 28.372749 13 0 0
-4.815864 8.341321 118.219780 13 0 0
16.855524 29.194624 14.186375 13 0 0
38.526913 16.682642 23.643959 13 0 0
24.079321 -25.023964 28.372749 13 0 0
-9.631728 33.365284 66.203087 14 0 0
-9.631728 8.341321 47.287918 14 0 0
33.711048 16.682642 66.203087 14 0 0
-2.407932 -37.535946 18.915165 14 0 0
-31.303116 45.877266 4.728791 16 0 0
-9.631728 58.389248 18.915165 16 0 0
-9.631728 33.365284 52.016701 16 0 0
-2.407932 -62.559910 14.186375 16 0 0
-111.301697 4.170660 23.643959 17 0 0
-48.158642 33.365284 9.457582 17 0 0
-4.815864 8.341321 33.101543 17 0 0
16.855524 4.170660 89.847038 17 1 0
-2.407932 -12.511982 5.227573 0 0 0
2.407932 -12.511982 11.410750 1 0 0
-2.407932 -12.511982 5.695957 2 0 0
60.198299 29.194624 19.574501 3 0 0
2.407932 -12.511982 55.461082 3 0 0
-2.407932 -12.511982 108.329788 4 0 0
-2.407932 -37.535946 7.471019 4 0 0
19.263456 -25.023964 11.206531 4 0 0
-26.487251 -4.170660 35.562908 5 0 0
2.407932 -12.511982 817.946960 5 0 0
-9.631728 8.341321 4.728791 6 0 0
55.382435 4.170660 14.186375 6 0 0
-24.079321 -25.023964 236.439560 6 0 0
-24.079321 -50.047928 23.643959 6 0 0
-2.407932 -12.511982 794.437012 6 0 0
-2.407932 -37.535946 18.915165 6 0 0
19.263456 -25.023964 137.134949 6 0 0
-112.237251 -102.646088 18.915165 7 0 0
-4.815864 33.365284 14.186375 7 0 0
16.855524 4.170660 28.372749 7 0 0
38.526913 -8.341321 28.372749 7 0 0
60.198299 -20.853302 37.830330 7 0 0
2.407932 -12.511982 794.437012 7 0 0
2.407932 -37.535946 52.016701 7 0 0
24.079321 -25.023964 108.762207 7 0 0
12.039660 4.170660 47.287918 8 0 0
33.711048 66.730568 18.915165 8 0 0
-24.079321 -25.023964 9.457582 8 0 0
-2.407932 -12.511982 718.776306 8 0 0
19.263456 -25.023964 274.269897 8 0 0
19.263456 -50.047928 137.134949 8 0 0
40.934845 -37.535946 99.304626 8 0 0
44.815155 -211.083267 18.915165 9 0 0
-26.487251 -4.170660 66.203087 9 0 0
16.855524 29.194624 14.186375 9 0 0
16.855524 4.170660 61.474293 9 0 0
38.526913 -8.341321 18.915165 9 0 0
-19.263456 -25.023964 42.559120 9 0 0
2.407932 -12.511982 643.115662 9 0 0
2.407932 -37.535946 47.287918 9 0 0
24.079321 -25.023964 236.439560 9 0 0
96.854111 -4.170660 9.457582 10 0 0
-9.631728 33.365284 14.186375 10 0 0
-9.631728 8.341321 23.643959 10 0 0
12.039660 4.170660 47.287918 10 0 0
-24.079321 -25.023964 4.728791 10 0 0
-2.407932 -12.511982 397.218506 10 0 0
-2.407932 -37.535946 23.643959 10 0 0
19.263456 -25.023964 146.592545 10 0 0
-25.551701 -94.304771 47.287918 11 0 0
-3.880312 -106.816750 28.372749 11 0 0
2.407932 -12.511982 179.694077 11 0 0
24.079321 -25.023964 33.101543 11 0 0
12.039660 4.170660 89.847038 12 0 0
-24.079321 -50.047928 66.203087 12 0 0
-2.407932 -12.511982 160.778915 12 0 0
-2.407932 -37.535946 127.677376 12 0 0
19.263456 -25.023964 52.016701 12 0 0
40.934845 -37.535946 52.016701 12 0 0
-4.815864 8.341321 37.830330 13 0 0
2.407932 -12.511982 66.203087 13 0 0
2.407932 -87.583870 18.915165 13 0 0
24.079321 -25.023964 14.186375 13 0 0
-74.645889 20.853302 14.186375 14 0 0
12.039660 29.194624 14.186375 14 0 0
-2.407932 -37.535946 9.457582 14 0 0
19.263456 -25.023964 66.203087 14 0 0
-19.263456 -25.023964 23.643959 15 0 0
12.039660 4.170660 28.372749 16 0 0
-2.407932 -12.511982 18.915165 16 0 0
-9.631728 58.389248 4.728791 18 0 0
-9.631728 33.365284 9.457582 18 1 0
-9.631728 8.341321 3.136544 0 0 0
-4.815864 8.341321 5.705375 1 0 0
-9.631728 8.341321 71.199455 2 0 0
-4.815864 8.341321 189.220139 3 0 0
-52.974503 8.341321 41.090607 4 0 0
-9.631728 8.341321 463.203247 4 0 0
12.039660 29.194624 7.471019 4 0 0
-26.487251 -4.170660 4.445364 5 0 0
-4.815864 33.365284 17.781454 5 0 0
-4.815864 8.341321 515.662170 5 0 0
61.670681 98.475433 9.457582 6 0 0
-31.303116 20.853302 18.915165 6 0 0
-9.631728 33.365284 236.439560 6 0 0
-9.631728 8.341321 586.370178 6 0 0
12.039660 29.194624 160.778915 6 0 0
12.039660 4.170660 255.354752 6 0 0
-2.407932 -12.511982 274.269897 6 0 0
-26.487251 -4.170660 89.847038 7 0 0
-4.815864 33.365284 99.304626 7 0 0
-4.815864 8.341321 718.776306 7 0 0
16.855524 4.170660 47.287918 7 0 0
2.407932 -12.511982 127.677376 7 0 0
-9.631728 33.365284 198.609253 8 0 0
-9.631728 8.341321 510.709503 8 0 0
12.039660 54.218586 14.186375 8 0 0
12.039660 29.194624 118.219780 8 0 0
12.039660 4.170660 274.269897 8 0 0
-2.407932 -12.511982 61.474293 8 0 0
-68.894478 -69.280807 28.372749 9 0 0
-4.815864 33.365284 118.219780 9 0 0
-4.815864 8.341321 718.776306 9 0 0
16.855524 29.194624 28.372749 9 0 0
16.855524 4.170660 23.643959 9 0 0
-19.263456 -25.023964 4.728791 9 0 0
-9.631728 8.341321 236.439560 10 0 0
12.039660 29.194624 23.643959 10 0 0
12.039660 4.170660 146.592545 10 0 0
33.711048 -8.341321 14.186375 10 0 0
-4.815864 58.389248 4.728791 11 0 0
-4.815864 33.365284 42.559120 11 0 0
-4.815864 8.341321 160.778915 11 0 0
16.855524 54.218586 4.728791 11 0 0
16.855524 4.170660 80.389458 11 0 0
-9.631728 33.365284 61.474293 12 0 0
-9.631728 8.341321 160.778915 12 0 0
12.039660 4.170660 99.304626 12 0 0
-26.487251 20.853302 33.101543 13 0 0
-4.815864 8.341321 37.830330 13 0 0
60.198299 4.170660 47.287918 13 0 0
-9.631728 58.389248 47.287918 14 0 0
12.039660 29.194624 61.474293 14 0 0
12.039660 4.170660 47.287918 14 0 0
-2.407932 -12.511982 9.457582 14 0 0
-4.815864 33.365284 9.457582 15 0 0
-4.815864 8.341321 42.559120 15 0 0
-31.303116 -4.170660 9.457582 16 0 0
12.039660 29.194624 9.457582 16 0 0
109.829323 98.475433 28.372749 17 0 0
38.526913 66.730568 28.372749 17 0 0
-52.974503 58.389248 37.830330 18 0 0
-26.487251 20.853302 4.728791 21 0 0
-26.487251 -4.170660 9.457582 21 1 0
-2.407932 -12.511982 2.091029 0 0 0
2.407932 -12.511982 3.803583 1 0 0
-2.407932 -12.511982 11.391913 2 0 0
2.407932 -12.511982 39.149002 3 0 0
-2.407932 -12.511982 85.916733 4 0 0
-4.815864 8.341321 26.672184 5 0 0
2.407932 -12.511982 120.024834 5 0 0
-9.631728 8.341321 127.677376 6 0 0
12.039660 4.170660 4.728791 6 0 0
33.711048 -8.341321 28.372749 6 0 0
-2.407932 -12.511982 255.354752 6 0 0
-26.487251 -4.170660 18.915165 7 0 0
-4.815864 8.341321 236.439560 7 0 0
16.855524 4.170660 9.457582 7 0 0
2.407932 -12.511982 118.219780 7 0 0
24.079321 -25.023964 18.915165 7 0 0
-9.631728 8.341321 89.847038 8 0 0
-2.407932 -12.511982 359.388153 8 0 0
19.263456 -25.023964 33.101543 8 0 0
-4.815864 8.341321 236.439560 9 0 0
16.855524 4.170660 14.186375 9 0 0
2.407932 -12.511982 217.524414 9 0 0
-2.407932 -12.511982 14.186375 10 0 0
-48.158642 8.341321 28.372749 11 0 0
-26.487251 -4.170660 28.372749 11 0 0
-4.815864 8.341321 160.778915 11 0 0
16.855524 54.218586 14.186375 11 0 0
-52.974503 8.341321 9.457582 12 0 0
-31.303116 -4.170660 179.694077 12 0 0
-9.631728 8.341321 127.677376 12 0 0
12.039660 4.170660 18.915165 12 0 0
-2.407932 -12.511982 435.048828 12 0 0
-4.815864 8.341321 359.388153 13 0 0
2.407932 -12.511982 321.557831 13 0 0
-9.631728 8.341321 9.457582 14 0 0
12.039660 4.170660 47.287918 14 0 0
55.382435 -20.853302 14.186375 14 0 0
-2.407932 -12.511982 718.776306 14 0 0
19.263456 -25.023964 9.457582 14 0 0
-26.487251 -4.170660 28.372749 15 0 0
-4.815864 8.341321 179.694077 15 0 0
2.407932 -12.511982 217.524414 15 0 0
24.079321 -25.023964 23.643959 15 0 0
-9.631728 8.341321 118.219780 16 0 0
12.039660 4.170660 28.372749 16 0 0
-67.422096 -50.047928 28.372749 16 0 0
-2.407932 -12.511982 89.847038 16 0 0
-26.487251 20.853302 9.457582 17 0 0
-26.487251 -4.170660 80.389458 17 0 0
-4.815864 8.341321 127.677376 17 0 0
2.407932 -12.511982 80.389458 17 0 0
24.079321 -25.023964 47.287918 17 0 0
-9.631728 8.341321 14.186375 18 0 0
12.039660 4.170660 42.559120 18 0 0
-2.407932 -12.511982 14.186375 18 0 0
-26.487251 -4.170660 4.728791 19 0 0
-4.815864 8.341321 28.372749 19 0 0
16.855524 4.170660 14.186375 19 0 0
2.407932 -12.511982 47.287918 19 0 0
-52.974503 8.341321 42.559120 20 0 0
12.039660 4.170660 23.643959 20 0 0
-4.815864 8.341321 4.728791 21 0 0
60.198299 4.170660 80.389458 21 0 0
-19.263456 -50.047928 52.016701 21 0 0
-31.303116 20.853302 14.186375 22 0 0
-24.079321 -50.047928 14.186375 22 0 0
-2.407932 -12.511982 18.915165 22 0 0
-2.407932 -12.511982 15.985841 24 1 0
-2.407932 -37.535946 2.091029 0 0 0
2.407932 -37.535946 5.705375 1 0 0
-2.407932 -37.535946 22.783827 2 0 0
-40.934845 -62.559910 13.049665 3 0 0
2.407932 -37.535946 221.844330 3 0 0
-173.907928 -37.535946 22.413061 4 0 0
-2.407932 -12.511982 18.677551 4 0 0
-2.407932 -37.535946 343.666931 4 0 0
-19.263456 -50.047928 66.680458 5 0 0
2.407932 -37.535946 675.695312 5 0 0
2.407932 -87.583870 22.226820 5 0 0
24.079321 -25.023964 8.890727 5 0 0
24.079321 -50.047928 4.445364 5 0 0
45.750710 -37.535946 4.445364 5 0 0
-73.710342 -69.280807 33.101543 6 0 0
-24.079321 -25.023964 28.372749 6 0 0
-2.407932 -37.535946 945.758240 6 0 0
19.263456 -25.023964 127.677376 6 0 0
19.263456 -50.047928 61.474293 6 0 0
40.934845 -37.535946 18.915165 6 0 0
-19.263456 -25.023964 14.186375 7 0 0
2.407932 -37.535946 1286.231323 7 0 0
2.407932 -62.559910 14.186375 7 0 0
24.079321 -25.023964 70.931870 7 0 0
24.079321 -50.047928 61.474293 7 0 0
-24.079321 -50.047928 9.457582 8 0 0
-2.407932 -12.511982 108.762207 8 0 0
-2.407932 -37.535946 586.370178 8 0 0
-2.407932 -62.559910 18.915165 8 0 0
19.263456 -50.047928 80.389458 8 0 0
-48.158642 -16.682642 4.728791 9 0 0
-19.263456 -25.023964 23.643959 9 0 0
2.407932 -12.511982 108.762207 9 0 0
2.407932 -37.535946 1021.419006 9 0 0
2.407932 -62.559910 137.134949 9 0 0
24.079321 -25.023964 14.186375 9 0 0
24.079321 -50.047928 70.931870 9 0 0
45.750710 -37.535946 14.186375 9 0 0
67.422096 -50.047928 9.457582 9 0 0
-94.446175 -33.365284 42.559120 10 0 0
-24.079321 -25.023964 18.915165 10 0 0
-2.407932 -12.511982 89.847038 10 0 0
-2.407932 -37.535946 586.370178 10 0 0
-2.407932 -62.559910 14.186375 10 0 0
19.263456 -25.023964 108.762207 10 0 0
19.263456 -50.047928 37.830330 10 0 0
16.855524 4.170660 37.830330 11 0 0
2.407932 -37.535946 118.219780 11 0 0
24.079321 -25.023964 18.915165 11 0 0
-24.079321 -50.047928 52.016701 12 0 0
-2.407932 -37.535946 9.457582 12 0 0
19.263456 -50.047928 14.186375 12 0 0
-40.934845 -37.535946 4.728791 13 0 0
2.407932 -12.511982 14.186375 13 0 0
2.407932 -37.535946 70.931870 13 0 0
24.079321 -25.023964 23.643959 13 0 0
24.079321 -50.047928 56.745499 13 0 0
-24.079321 -50.047928 18.915165 14 0 0
-2.407932 -12.511982 9.457582 14 0 0
-2.407932 -87.583870 23.643959 14 0 0
37.591358 -90.134109 33.101543 15 0 0
-19.263456 -50.047928 14.186375 15 0 0
2.407932 -62.559910 9.457582 15 0 0
-24.079321 -50.047928 70.931870 16 0 0
32.775497 -90.134109 14.186375 18 0 0
-52.974503 -16.682642 4.728791 18 0 0
-24.079321 -75.071892 80.389458 18 0 0
-8.696176 -156.864685 47.287918 22 1 0
-2.407932 -12.511982 2.091029 0 0 0
2.407932 -12.511982 5.705375 1 0 0
-31.303116 -4.170660 5.695957 2 0 0
-2.407932 -12.511982 19.935848 2 0 0
2.407932 -12.511982 75.035583 3 0 0
24.079321 -25.023964 9.787251 3 0 0
-2.407932 -12.511982 171.833466 4 0 0
2.407932 -12.511982 408.973480 5 0 0
-24.079321 -25.023964 61.474293 6 0 0
-2.407932 -12.511982 718.776306 6 0 0
-26.487251 20.853302 9.457582 7 0 0
-4.815864 8.341321 137.134949 7 0 0
2.407932 -12.511982 870.097656 7 0 0
-74.645889 45.877266 9.457582 8 0 0
-9.631728 33.365284 47.287918 8 0 0
-9.631728 8.341321 33.101543 8 0 0
12.039660 4.170660 66.203087 8 0 0
-24.079321 -25.023964 33.101543 8 0 0
-2.407932 -12.511982 870.097656 8 0 0
-2.407932 -62.559910 18.915165 8 0 0
15.919971 -127.670052 118.219780 9 0 0
-26.487251 20.853302 14.186375 9 0 0
-4.815864 8.341321 42.559120 9 0 0
38.526913 -8.341321 66.203087 9 0 0
-19.263456 -25.023964 9.457582 9 0 0
2.407932 -12.511982 548.539795 9 0 0
24.079321 -25.023964 28.372749 9 0 0
24.079321 -50.047928 33.101543 9 0 0
-131.500702 85.963448 33.101543 10 0 0
-31.303116 45.877266 9.457582 10 0 0
-9.631728 8.341321 61.474293 10 0 0
12.039660 4.170660 137.134949 10 0 0
-2.407932 -12.511982 945.758240 10 0 0
19.263456 -25.023964 9.457582 10 0 0
-4.815864 8.341321 321.557831 11 0 0
16.855524 29.194624 47.287918 11 0 0
16.855524 4.170660 70.931870 11 0 0
-40.934845 -37.535946 9.457582 11 0 0
2.407932 -12.511982 548.539795 11 0 0
-9.631728 8.341321 127.677376 12 0 0
12.039660 4.170660 108.762207 12 0 0
33.711048 41.706604 4.728791 12 0 0
-2.407932 -12.511982 397.218506 12 0 0
145.012741 20.853302 28.372749 13 0 0
-4.815864 8.341321 89.847038 13 0 0
16.855524 29.194624 14.186375 13 0 0
16.855524 4.170660 127.677376 13 0 0
38.526913 16.682642 28.372749 13 0 0
-19.263456 -25.023964 52.016701 13 0 0
2.407932 -12.511982 118.219780 13 0 0
24.079321 -50.047928 9.457582 13 0 0
-9.631728 8.341321 9.457582 14 0 0
12.039660 4.170660 14.186375 14 0 0
-2.407932 -12.511982 52.016701 14 0 0
19.263456 -50.047928 137.134949 14 0 0
2.407932 -12.511982 33.101543 15 0 0
54.446884 -77.622124 18.915165 16 0 0
-4.815864 8.341321 89.847038 17 0 0
16.855524 4.170660 37.830330 17 0 0
33.711048 16.682642 18.915165 18 0 0
-2.407932 -12.511982 37.830330 18 0 0
19.263456 -25.023964 18.915165 18 0 0
-31.303116 20.853302 9.457582 22 1 0
-2.407932 -12.511982 2.091029 0 0 0
2.407932 -12.511982 3.803583 1 0 0
-2.407932 -12.511982 8.543936 2 0 0
2.407932 -12.511982 9.787251 3 0 0
-9.631728 8.341321 22.413061 4 0 0
-2.407932 -12.511982 115.800812 4 0 0
-26.487251 70.901230 13.336092 5 0 0
-4.815864 8.341321 137.806290 5 0 0
2.407932 -12.511982 337.847656 5 0 0
-31.303116 -4.170660 9.457582 6 0 0
-9.631728 8.341321 127.677376 6 0 0
12.039660 4.170660 99.304626 6 0 0
-2.407932 -12.511982 586.370178 6 0 0
-4.815864 8.341321 255.354752 7 0 0
38.526913 16.682642 56.745499 7 0 0
-19.263456 -25.023964 42.559120 7 0 0
-19.263456 -50.047928 9.457582 7 0 0
2.407932 -12.511982 510.709503 7 0 0
24.079321 -50.047928 4.728791 7 0 0
-52.974503 33.365284 33.101543 8 0 0
-9.631728 8.341321 236.439560 8 0 0
12.039660 4.170660 28.372749 8 0 0
-24.079321 -50.047928 33.101543 8 0 0
-2.407932 -12.511982 718.776306 8 0 0
-48.158642 -16.682642 56.745499 9 0 0
-4.815864 8.341321 397.218506 9 0 0
16.855524 4.170660 28.372749 9 0 0
-19.263456 -25.023964 28.372749 9 0 0
2.407932 -12.511982 274.269897 9 0 0
2.407932 -37.535946 42.559120 9 0 0
-9.631728 8.341321 80.389458 10 0 0
12.039660 4.170660 108.762207 10 0 0
-45.750710 -37.535946 14.186375 10 0 0
-24.079321 -25.023964 28.372749 10 0 0
-24.079321 -75.071892 42.559120 10 0 0
-2.407932 -12.511982 359.388153 10 0 0
-2.407932 -87.583870 18.915165 10 0 0
19.263456 -25.023964 179.694077 10 0 0
-69.830025 -29.194624 18.915165 11 0 0
-26.487251 -4.170660 14.186375 11 0 0
-4.815864 8.341321 321.557831 11 0 0
2.407932 -12.511982 42.559120 11 0 0
-31.303116 70.901230 28.372749 12 0 0
-9.631728 8.341321 47.287918 12 0 0
-24.079321 -25.023964 118.219780 12 0 0
-2.407932 -12.511982 99.304626 12 0 0
19.263456 -25.023964 9.457582 12 0 0
-4.815864 8.341321 179.694077 13 0 0
-19.263456 -50.047928 89.847038 13 0 0
2.407932 -62.559910 37.830330 13 0 0
-52.974503 33.365284 28.372749 14 0 0
-52.974503 8.341321 18.915165 14 0 0
-9.631728 8.341321 23.643959 14 0 0
12.039660 4.170660 56.745499 14 0 0
-45.750710 -37.535946 33.101543 14 0 0
-24.079321 -25.023964 14.186375 14 0 0
-48.158642 -16.682642 18.915165 15 0 0
-26.487251 -4.170660 42.559120 15 0 0
-4.815864 33.365284 4.728791 15 0 0
-4.815864 8.341321 52.016701 15 0 0
38.526913 16.682642 47.287918 15 0 0
-19.263456 -25.023964 28.372749 15 0 0
-4.815864 8.341321 18.915165 17 0 0
60.198299 4.170660 99.304626 17 0 0
2.407932 -12.511982 66.203087 17 0 0
-24.079321 -50.047928 47.287918 18 0 0
60.198299 4.170660 66.203087 19 0 0
12.039660 79.242554 18.915165 22 1 0
12.039660 29.194624 3.136544 0 0 0
-4.815864 33.365284 3.803583 1 0 0
12.039660 54.218586 8.543936 2 0 0
12.039660 29.194624 39.871696 2 0 0
-4.815864 33.365284 137.021500 3 0 0
16.855524 29.194624 22.836916 3 0 0
-9.631728 33.365284 156.891434 4 0 0
-9.631728 8.341321 14.942039 4 0 0
12.039660 54.218586 85.916733 4 0 0
12.039660 29.194624 463.203247 4 0 0
-4.815864 58.389248 22.226820 5 0 0
-4.815864 33.365284 604.569519 5 0 0
-4.815864 8.341321 8.890727 5 0 0
16.855524 79.242554 17.781454 5 0 0
16.855524 54.218586 4.445364 5 0 0
16.855524 29.194624 204.486740 5 0 0
16.855524 4.170660 22.226820 5 0 0
-94.446175 16.682642 23.643959 6 0 0
-9.631728 33.365284 127.677376 6 0 0
12.039660 54.218586 108.762207 6 0 0
12.039660 29.194624 870.097656 6 0 0
33.711048 66.730568 42.559120 6 0 0
-26.487251 70.901230 23.643959 7 0 0
-4.815864 33.365284 359.388153 7 0 0
-4.815864 8.341321 99.304626 7 0 0
16.855524 54.218586 4.728791 7 0 0
16.855524 29.194624 274.269897 7 0 0
60.198299 29.194624 9.457582 7 0 0
-31.303116 45.877266 18.915165 8 0 0
-9.631728 33.365284 321.557831 8 0 0
12.039660 54.218586 99.304626 8 0 0
12.039660 29.194624 472.879120 8 0 0
12.039660 4.170660 23.643959 8 0 0
77.053825 -8.341321 56.745499 8 0 0
-4.815864 58.389248 18.915165 9 0 0
-4.815864 33.365284 255.354752 9 0 0
16.855524 54.218586 28.372749 9 0 0
16.855524 29.194624 52.016701 9 0 0
-52.974503 58.389248 14.186375 10 0 0
-9.631728 58.389248 9.457582 10 0 0
-9.631728 33.365284 160.778915 10 0 0
33.711048 41.706604 4.728791 10 0 0
33.711048 16.682642 4.728791 10 0 0
-26.487251 45.877266 56.745499 11 0 0
-4.815864 58.389248 37.830330 11 0 0
-4.815864 33.365284 236.439560 11 0 0
16.855524 29.194624 18.915165 11 0 0
38.526913 16.682642 9.457582 11 0 0
24.079321 -25.023964 118.219780 11 0 0
-66.486542 98.475433 89.847038 12 0 0
-44.815155 85.963448 179.694077 12 0 0
-9.631728 58.389248 23.643959 12 0 0
-9.631728 33.365284 146.592545 12 0 0
12.039660 54.218586 14.186375 12 0 0
12.039660 29.194624 118.219780 12 0 0
33.711048 41.706604 61.474293 12 0 0
-26.487251 45.877266 47.287918 13 0 0
-4.815864 33.365284 108.762207 13 0 0
16.855524 29.194624 61.474293 13 0 0
60.198299 54.218586 9.457582 13 0 0
-9.631728 83.413208 9.457582 14 0 0
-9.631728 33.365284 89.847038 14 0 0
12.039660 29.194624 236.439560 14 0 0
33.711048 41.706604 14.186375 14 0 0
-4.815864 83.413208 70.931870 15 0 0
-4.815864 33.365284 42.559120 15 0 0
-4.815864 8.341321 14.186375 15 0 0
16.855524 4.170660 70.931870 15 0 0
-9.631728 58.389248 80.389458 16 0 0
-9.631728 33.365284 56.745499 16 0 0
12.039660 54.218586 47.287918 16 0 0
-4.815864 33.365284 9.457582 17 0 0
-4.815864 33.365284 31.924160 23 0 0
-69.830025 20.853302 23.978762 25 0 0
-9.631728 33.365284 39.964603 26 1 0
12.039660 29.194624 2.091029 0 0 0
-4.815864 8.341321 5.705375 1 0 0
12.039660 29.194624 22.783827 2 0 0
-4.815864 8.341321 123.971832 3 0 0
-9.631728 33.365284 29.884077 4 0 0
-9.631728 8.341321 7.471019 4 0 0
12.039660 29.194624 254.014679 4 0 0
12.039660 4.170660 11.206531 4 0 0
-2.407932 -12.511982 22.413061 4 0 0
19.263456 -25.023964 22.413061 4 0 0
-26.487251 -4.170660 4.445364 5 0 0
-4.815864 33.365284 17.781454 5 0 0
-4.815864 8.341321 515.662170 5 0 0
16.855524 4.170660 40.008270 5 0 0
2.407932 -12.511982 8.890727 5 0 0
-9.631728 33.365284 28.372749 6 0 0
-9.631728 8.341321 70.931870 6 0 0
12.039660 29.194624 359.388153 6 0 0
12.039660 4.170660 80.389458 6 0 0
-2.407932 -37.535946 28.372749 6 0 0
-69.830025 -4.170660 4.728791 7 0 0
-26.487251 20.853302 56.745499 7 0 0
-4.815864 33.365284 160.778915 7 0 0
-4.815864 8.341321 643.115662 7 0 0
16.855524 54.218586 33.101543 7 0 0
16.855524 29.194624 61.474293 7 0 0
-9.631728 33.365284 397.218506 8 0 0
-9.631728 8.341321 255.354752 8 0 0
12.039660 29.194624 397.218506 8 0 0
12.039660 4.170660 18.915165 8 0 0
33.711048 66.730568 9.457582 8 0 0
33.711048 41.706604 28.372749 8 0 0
-45.750710 -37.535946 18.915165 8 0 0
-4.815864 33.365284 255.354752 9 0 0
-4.815864 8.341321 472.879120 9 0 0
16.855524 54.218586 23.643959 9 0 0
16.855524 29.194624 37.830330 9 0 0
16.855524 4.170660 14.186375 9 0 0
2.407932 -12.511982 4.728791 9 0 0
2.407932 -37.535946 146.592545 9 0 0
-31.303116 45.877266 14.186375 10 0 0
-9.631728 58.389248 23.643959 10 0 0
-9.631728 33.365284 61.474293 10 0 0
-9.631728 8.341321 198.609253 10 0 0
12.039660 29.194624 255.354752 10 0 0
12.039660 4.170660 217.524414 10 0 0
101.669975 -29.194624 4.728791 11 0 0
-4.815864 33.365284 108.762207 11 0 0
-4.815864 8.341321 359.388153 11 0 0
16.855524 79.242554 42.559120 11 0 0
16.855524 29.194624 18.915165 11 0 0
-9.631728 33.365284 14.186375 12 0 0
-9.631728 8.341321 37.830330 12 0 0
12.039660 54.218586 52.016701 12 0 0
12.039660 29.194624 99.304626 12 0 0
33.711048 41.706604 52.016701 12 0 0
33.711048 16.682642 9.457582 12 0 0
-4.815864 33.365284 23.643959 13 0 0
-4.815864 8.341321 89.847038 13 0 0
16.855524 29.194624 118.219780 13 0 0
18.327904 98.475433 14.186375 14 0 0
-9.631728 33.365284 23.643959 14 0 0
12.039660 54.218586 33.101543 14 0 0
12.039660 29.194624 14.186375 14 0 0
12.039660 4.170660 56.745499 14 0 0
-2.407932 -12.511982 14.186375 14 0 0
-26.487251 20.853302 9.457582 15 0 0
16.855524 54.218586 9.457582 15 0 0
16.855524 4.170660 4.728791 15 0 0
-40.934845 -37.535946 4.728791 15 0 0
24.079321 -25.023964 9.457582 15 0 0
-9.631728 33.365284 33.101543 16 0 0
-9.631728 8.341321 33.101543 16 0 0
12.039660 4.170660 37.830330 16 0 0
-61.670681 73.451469 18.915165 17 0 0
12.039660 4.170660 89.847038 18 0 0
16.855524 29.194624 37.830330 19 0 0
-52.974503 33.365284 70.931870 20 0 0
-40.934845 -37.535946 4.728791 21 1 0
39.999290 85.963448 9.409632 0 0 0
-2.407932 -12.511982 3.136544 0 0 0
-4.815864 8.341321 5.705375 1 0 0
-30.367563 -119.328735 5.695957 2 0 0
-2.407932 -12.511982 39.871696 2 0 0
-4.815864 8.341321 81.560402 3 0 0
-9.631728 8.341321 29.884077 4 0 0
12.039660 4.170660 41.090607 4 0 0
-4.815864 8.341321 40.008270 5 0 0
2.407932 -12.511982 44.453640 5 0 0
-9.631728 8.341321 359.388153 6 0 0
12.039660 4.170660 255.354752 6 0 0
-2.407932 -12.511982 472.879120 6 0 0
-26.487251 20.853302 42.559120 7 0 0
-26.487251 -4.170660 66.203087 7 0 0
-4.815864 33.365284 18.915165 7 0 0
-4.815864 8.341321 1097.079590 7 0 0
-19.263456 -25.023964 56.745499 7 0 0
2.407932 -12.511982 548.539795 7 0 0
2.407932 -37.535946 4.728791 7 0 0
-31.303116 20.853302 4.728791 8 0 0
-31.303116 -4.170660 18.915165 8 0 0
-9.631728 8.341321 321.557831 8 0 0
12.039660 4.170660 255.354752 8 0 0
-24.079321 -50.047928 18.915165 8 0 0
-2.407932 -12.511982 472.879120 8 0 0
19.263456 -25.023964 9.457582 8 0 0
-48.158642 -16.682642 18.915165 9 0 0
-26.487251 20.853302 28.372749 9 0 0
-26.487251 -4.170660 70.931870 9 0 0
-4.815864 8.341321 586.370178 9 0 0
16.855524 4.170660 33.101543 9 0 0
38.526913 -8.341321 4.728791 9 0 0
2.407932 -12.511982 198.609253 9 0 0
24.079321 -25.023964 4.728791 9 0 0
-9.631728 8.341321 293.185089 10 0 0
12.039660 29.194624 14.186375 10 0 0
12.039660 4.170660 23.643959 10 0 0
-24.079321 -25.023964 23.643959 10 0 0
-2.407932 -12.511982 179.694077 10 0 0
19.263456 -25.023964 33.101543 10 0 0
-26.487251 70.901230 14.186375 11 0 0
-26.487251 -4.170660 28.372749 11 0 0
-4.815864 33.365284 9.457582 11 0 0
-4.815864 8.341321 321.557831 11 0 0
16.855524 4.170660 14.186375 11 0 0
-62.606232 -50.047928 33.101543 11 0 0
2.407932 -12.511982 198.609253 11 0 0
2.407932 -37.535946 18.915165 11 0 0
-31.303116 -4.170660 70.931870 12 0 0
-9.631728 8.341321 66.203087 12 0 0
12.039660 4.170660 23.643959 12 0 0
33.711048 -8.341321 14.186375 12 0 0
-2.407932 -12.511982 108.762207 12 0 0
101.669975 -4.170660 4.728791 13 0 0
-4.815864 8.341321 127.677376 13 0 0
16.855524 29.194624 14.186375 13 0 0
2.407932 -12.511982 137.134949 13 0 0
-94.446175 -8.341321 70.931870 14 0 0
-52.974503 8.341321 99.304626 14 0 0
-31.303116 -4.170660 14.186375 14 0 0
-9.631728 8.341321 47.287918 14 0 0
33.711048 -8.341321 18.915165 14 0 0
55.382435 4.170660 70.931870 14 0 0
-2.407932 -12.511982 61.474293 14 0 0
-48.158642 8.341321 42.559120 15 0 0
-4.815864 8.341321 137.134949 15 0 0
38.526913 41.706604 23.643959 15 0 0
2.407932 -12.511982 52.016701 15 0 0
33.711048 66.730568 4.728791 16 0 0
-26.487251 20.853302 18.915165 17 0 0
-9.631728 8.341321 4.728791 18 0 0
12.039660 4.170660 9.457582 18 0 0
-31.303116 45.877266 9.457582 20 0 0
-9.631728 58.389248 28.372749 20 0 0
-89.630310 41.706604 28.372749 21 0 0
-26.487251 45.877266 89.847038 21 1 0
-9.631728 8.341321 4.182058 0 0 0
12.039660 4.170660 2.091029 0 0 0
-4.815864 8.341321 5.705375 1 0 0
-9.631728 8.341321 5.695957 2 0 0
-4.815864 8.341321 55.461082 3 0 0
-9.631728 8.341321 127.007339 4 0 0
12.039660 4.170660 37.355103 4 0 0
-26.487251 -4.170660 222.268173 5 0 0
-4.815864 8.341321 515.662170 5 0 0
-31.303116 -4.170660 14.186375 6 0 0
-9.631728 33.365284 42.559120 6 0 0
-9.631728 8.341321 435.048828 6 0 0
12.039660 4.170660 47.287918 6 0 0
-24.079321 -25.023964 52.016701 6 0 0
-2.407932 -12.511982 9.457582 6 0 0
-26.487251 20.853302 14.186375 7 0 0
-4.815864 58.389248 23.643959 7 0 0
-4.815864 8.341321 586.370178 7 0 0
-40.934845 -37.535946 9.457582 7 0 0
-31.303116 70.901230 14.186375 8 0 0
-9.631728 8.341321 321.557831 8 0 0
12.039660 29.194624 9.457582 8 0 0
12.039660 4.170660 236.439560 8 0 0
-2.407932 -12.511982 14.186375 8 0 0
-39.999290 85.963448 80.389458 9 0 0
-26.487251 -4.170660 28.372749 9 0 0
-4.815864 8.341321 643.115662 9 0 0
16.855524 4.170660 56.745499 9 0 0
2.407932 -37.535946 4.728791 9 0 0
-31.303116 -4.170660 80.389458 10 0 0
-9.631728 8.341321 472.879120 10 0 0
12.039660 4.170660 99.304626 10 0 0
55.382435 4.170660 28.372749 10 0 0
-24.079321 -25.023964 52.016701 10 0 0
-2.407932 -12.511982 37.830330 10 0 0
-89.630310 -8.341321 42.559120 11 0 0
-4.815864 8.341321 359.388153 11 0 0
16.855524 4.170660 14.186375 11 0 0
2.407932 -12.511982 89.847038 11 0 0
-9.631728 8.341321 146.592545 12 0 0
12.039660 4.170660 28.372749 12 0 0
33.711048 -8.341321 28.372749 12 0 0
-24.079321 -25.023964 14.186375 12 0 0
-4.815864 8.341321 321.557831 13 0 0
16.855524 4.170660 9.457582 13 0 0
-19.263456 -50.047928 47.287918 13 0 0
2.407932 -12.511982 47.287918 13 0 0
-31.303116 20.853302 9.457582 14 0 0
-31.303116 -4.170660 14.186375 14 0 0
-9.631728 33.365284 9.457582 14 0 0
-9.631728 8.341321 37.830330 14 0 0
12.039660 29.194624 56.745499 14 0 0
12.039660 4.170660 9.457582 14 0 0
33.711048 -8.341321 9.457582 14 0 0
-4.815864 8.341321 80.389458 15 0 0
38.526913 16.682642 47.287918 15 0 0
-19.263456 -25.023964 61.474293 15 0 0
24.079321 -25.023964 18.915165 15 0 0
96.854111 45.877266 37.830330 16 0 0
12.039660 29.194624 23.643959 16 0 0
33.711048 41.706604 33.101543 16 0 0
-26.487251 20.853302 14.186375 17 0 0
16.855524 4.170660 28.372749 17 0 0
-24.079321 -25.023964 14.186375 18 0 0
19.263456 -25.023964 80.389458 18 0 0
-4.815864 8.341321 14.186375 19 0 0
16.855524 4.170660 14.186375 19 0 0
12.039660 54.218586 9.457582 20 1 0
-2.407932 -37.535946 6.273088 0 0 0
2.407932 -37.535946 3.803583 1 0 0
-24.079321 -75.071892 2.847978 2 0 0
-2.407932 -37.535946 5.695957 2 0 0
102.605522 -69.280807 6.524833 3 0 0
2.407932 -37.535946 39.149002 3 0 0
-2.407932 -37.535946 33.619587 4 0 0
2.407932 -37.535946 120.024834 5 0 0
12.039660 4.170660 118.219780 6 0 0
-2.407932 -37.535946 435.048828 6 0 0
109.829323 123.499390 14.186375 7 0 0
-19.263456 -50.047928 14.186375 7 0 0
2.407932 -37.535946 870.097656 7 0 0
2.407932 -62.559910 14.186375 7 0 0
24.079321 -25.023964 18.915165 7 0 0
-8.696176 -131.840714 28.372749 8 0 0
-24.079321 -50.047928 80.389458 8 0 0
-2.407932 -37.535946 1437.552612 8 0 0
19.263456 -25.023964 28.372749 8 0 0
19.263456 -50.047928 80.389458 8 0 0
16.855524 4.170660 33.101543 9 0 0
-40.934845 -37.535946 14.186375 9 0 0
-19.263456 -25.023964 89.847038 9 0 0
-19.263456 -50.047928 61.474293 9 0 0
2.407932 -37.535946 1021.419006 9 0 0
2.407932 -62.559910 9.457582 9 0 0
-24.079321 -50.047928 37.830330 10 0 0
-2.407932 -37.535946 586.370178 10 0 0
19.263456 -25.023964 198.609253 10 0 0
40.934845 -62.559910 4.728791 10 0 0
-68.894478 -144.352692 18.915165 11 0 0
-48.158642 -16.682642 14.186375 11 0 0
2.407932 -37.535946 359.388153 11 0 0
24.079321 -25.023964 160.778915 11 0 0
-52.038952 -81.792786 28.372749 12 0 0
-24.079321 -25.023964 9.457582 12 0 0
-24.079321 -50.047928 66.203087 12 0 0
-2.407932 -37.535946 236.439560 12 0 0
-2.407932 -62.559910 52.016701 12 0 0
-2.407932 -87.583870 9.457582 12 0 0
19.263456 -50.047928 118.219780 12 0 0
59.262749 -77.622124 23.643959 13 0 0
-4.815864 8.341321 18.915165 13 0 0
-19.263456 -25.023964 14.186375 13 0 0
2.407932 -12.511982 42.559120 13 0 0
2.407932 -37.535946 321.557831 13 0 0
-24.079321 -25.023964 37.830330 14 0 0
-24.079321 -50.047928 127.677376 14 0 0
-2.407932 -37.535946 70.931870 14 0 0
40.934845 -37.535946 18.915165 14 0 0
81.869690 -33.365284 4.728791 15 0 0
-40.934845 -37.535946 61.474293 15 0 0
-19.263456 -50.047928 4.728791 15 0 0
2.407932 -37.535946 9.457582 15 0 0
24.079321 -50.047928 56.745499 15 0 0
12.039660 4.170660 14.186375 16 0 0
-2.407932 -37.535946 28.372749 16 0 0
-2.407932 -62.559910 33.101543 16 0 0
40.934845 -37.535946 18.915165 16 0 0
15.919971 -102.646088 18.915165 17 0 0
-24.079321 -25.023964 9.457582 18 0 0
-2.407932 -62.559910 4.728791 18 1 0
-2.407932 -12.511982 2.091029 0 0 0
2.407932 -12.511982 3.803583 1 0 0
-2.407932 -12.511982 5.695957 2 0 0
2.407932 -12.511982 55.461082 3 0 0
12.039660 4.170660 7.471019 4 0 0
-2.407932 -12.511982 41.090607 4 0 0
16.855524 4.170660 57.789730 5 0 0
2.407932 -12.511982 111.134087 5 0 0
-9.631728 8.341321 23.643959 6 0 0
12.039660 4.170660 472.879120 6 0 0
33.711048 16.682642 80.389458 6 0 0
-2.407932 -12.511982 643.115662 6 0 0
-4.815864 8.341321 108.762207 7 0 0
16.855524 4.170660 127.677376 7 0 0
2.407932 -12.511982 643.115662 7 0 0
24.079321 -25.023964 52.016701 7 0 0
-31.303116 -4.170660 14.186375 8 0 0
-9.631728 8.341321 108.762207 8 0 0
12.039660 29.194624 28.372749 8 0 0
12.039660 4.170660 137.134949 8 0 0
-24.079321 -25.023964 179.694077 8 0 0
-2.407932 -12.511982 1172.740356 8 0 0
-4.815864 8.341321 89.847038 9 0 0
60.198299 54.218586 14.186375 9 0 0
2.407932 -12.511982 945.758240 9 0 0
-52.038952 -81.792786 9.457582 10 0 0
-9.631728 8.341321 37.830330 10 0 0
12.039660 4.170660 217.524414 10 0 0
33.711048 -8.341321 14.186375 10 0 0
-45.750710 -37.535946 4.728791 10 0 0
-24.079321 -25.023964 9.457582 10 0 0
-2.407932 -12.511982 510.709503 10 0 0
-2.407932 -37.535946 14.186375 10 0 0
19.263456 -25.023964 52.016701 10 0 0
-26.487251 -4.170660 18.915165 11 0 0
-4.815864 8.341321 137.134949 11 0 0
16.855524 4.170660 80.389458 11 0 0
-19.263456 -25.023964 14.186375 11 0 0
2.407932 -12.511982 359.388153 11 0 0
2.407932 -37.535946 14.186375 11 0 0
-9.631728 58.389248 52.016701 12 0 0
12.039660 4.170660 28.372749 12 0 0
33.711048 -8.341321 28.372749 12 0 0
55.382435 4.170660 4.728791 12 0 0
-24.079321 -25.023964 42.559120 12 0 0
-2.407932 -12.511982 70.931870 12 0 0
-2.407932 -37.535946 14.186375 12 0 0
19.263456 -25.023964 28.372749 12 0 0
16.855524 54.218586 14.186375 13 0 0
16.855524 4.170660 89.847038 13 0 0
38.526913 16.682642 18.915165 13 0 0
-19.263456 -50.047928 14.186375 13 0 0
2.407932 -12.511982 80.389458 13 0 0
2.407932 -37.535946 28.372749 13 0 0
2.407932 -62.559910 18.915165 13 0 0
24.079321 -50.047928 42.559120 13 0 0
12.039660 29.194624 18.915165 14 0 0
12.039660 4.170660 9.457582 14 0 0
-2.407932 -12.511982 18.915165 14 0 0
-2.407932 -37.535946 14.186375 14 0 0
19.263456 -50.047928 4.728791 14 0 0
16.855524 4.170660 28.372749 15 0 0
2.407932 -12.511982 23.643959 15 0 0
2.407932 -37.535946 47.287918 15 0 0
12.039660 54.218586 14.186375 16 0 0
12.039660 29.194624 33.101543 16 0 0
12.039660 4.170660 23.643959 16 0 0
-2.407932 -12.511982 52.016701 16 0 0
-26.487251 -4.170660 14.186375 17 0 0
-62.606232 -50.047928 61.474293 17 0 0
2.407932 -12.511982 9.457582 17 0 0
104.077904 -50.047928 37.830330 18 0 0
-48.158642 33.365284 28.372749 19 0 0
-4.815864 8.341321 18.915165 19 0 0
16.855524 29.194624 18.915165 19 0 0
-2.407932 -12.511982 18.915165 20 1 0
12.039660 4.170660 2.091029 0 0 0
40.934845 -37.535946 5.227573 0 0 0
-4.815864 8.341321 3.803583 1 0 0
12.039660 4.170660 22.783827 2 0 0
-4.815864 8.341321 94.610069 3 0 0
-9.631728 8.341321 156.891434 4 0 0
12.039660 4.170660 433.319153 4 0 0
-3.880312 -106.816750 8.890727 5 0 0
-4.815864 8.341321 337.847656 5 0 0
16.855524 4.170660 4.445364 5 0 0
-52.974503 58.389248 61.474293 6 0 0
-9.631728 33.365284 18.915165 6 0 0
-9.631728 8.341321 160.778915 6 0 0
12.039660 29.194624 18.915165 6 0 0
12.039660 4.170660 472.879120 6 0 0
-169.092072 -12.511982 14.186375 7 0 0
-4.815864 33.365284 52.016701 7 0 0
-4.815864 8.341321 870.097656 7 0 0
16.855524 29.194624 9.457582 7 0 0
16.855524 4.170660 18.915165 7 0 0
-40.934845 -62.559910 14.186375 7 0 0
2.407932 -12.511982 108.762207 7 0 0
-9.631728 33.365284 14.186375 8 0 0
-9.631728 8.341321 198.609253 8 0 0
12.039660 29.194624 108.762207 8 0 0
12.039660 4.170660 321.557831 8 0 0
-68.894478 -94.304771 33.101543 9 0 0
-4.815864 33.365284 127.677376 9 0 0
-4.815864 8.341321 718.776306 9 0 0
16.855524 54.218586 118.219780 9 0 0
16.855524 29.194624 56.745499 9 0 0
16.855524 4.170660 108.762207 9 0 0
2.407932 -12.511982 14.186375 9 0 0
-31.303116 20.853302 4.728791 10 0 0
-9.631728 8.341321 321.557831 10 0 0
12.039660 29.194624 127.677376 10 0 0
12.039660 4.170660 321.557831 10 0 0
-67.422096 -50.047928 18.915165 10 0 0
-2.407932 -12.511982 37.830330 10 0 0
-89.630310 -8.341321 80.389458 11 0 0
88.157928 60.939484 14.186375 11 0 0
-26.487251 -4.170660 4.728791 11 0 0
-4.815864 8.341321 236.439560 11 0 0
16.855524 29.194624 14.186375 11 0 0
16.855524 4.170660 52.016701 11 0 0
-74.645889 -4.170660 9.457582 12 0 0
-9.631728 8.341321 198.609253 12 0 0
12.039660 79.242554 18.915165 12 0 0
12.039660 29.194624 146.592545 12 0 0
12.039660 4.170660 198.609253 12 0 0
-69.830025 45.877266 37.830330 13 0 0
-26.487251 20.853302 4.728791 13 0 0
-26.487251 -4.170660 9.457582 13 0 0
-4.815864 33.365284 89.847038 13 0 0
-4.815864 8.341321 80.389458 13 0 0
16.855524 29.194624 14.186375 13 0 0
16.855524 4.170660 4.728791 13 0 0
-23.143768 98.475433 18.915165 14 0 0
-9.631728 33.365284 14.186375 14 0 0
12.039660 4.170660 14.186375 14 0 0
33.711048 -8.341321 4.728791 14 0 0
40.934845 -37.535946 14.186375 14 0 0
-26.487251 20.853302 14.186375 15 0 0
-4.815864 8.341321 108.762207 15 0 0
-31.303116 -4.170660 9.457582 16 0 0
-9.631728 8.341321 146.592545 16 0 0
12.039660 29.194624 80.389458 16 0 0
12.039660 4.170660 23.643959 16 0 0
-52.974503 8.341321 14.186375 22 0 0
-9.631728 58.389248 4.728791 22 1 0
12.039660 29.194624 5.227573 0 0 0
-4.815864 33.365284 3.803583 1 0 0
11.104108 194.400620 19.935848 2 0 0
12.039660 29.194624 5.695957 2 0 0
-4.815864 33.365284 26.099331 3 0 0
12.039660 29.194624 70.974686 4 0 0
-68.894478 -69.280807 93.352646 5 0 0
-4.815864 33.365284 337.847656 5 0 0
16.855524 29.194624 102.243370 5 0 0
-9.631728 33.365284 198.609253 6 0 0
12.039660 54.218586 9.457582 6 0 0
12.039660 29.194624 794.437012 6 0 0
-48.158642 8.341321 14.186375 7 0 0
-4.815864 33.365284 794.437012 7 0 0
-4.815864 8.341321 47.287918 7 0 0
16.855524 29.194624 236.439560 7 0 0
-9.631728 33.365284 472.879120 8 0 0
-9.631728 8.341321 9.457582 8 0 0
12.039660 79.242554 4.728791 8 0 0
12.039660 54.218586 14.186375 8 0 0
12.039660 29.194624 397.218506 8 0 0
33.711048 41.706604 14.186375 8 0 0
33.711048 -8.341321 18.915165 8 0 0
-24.079321 -25.023964 18.915165 8 0 0
-26.487251 20.853302 14.186375 9 0 0
-4.815864 33.365284 255.354752 9 0 0
-4.815864 8.341321 89.847038 9 0 0
16.855524 29.194624 89.847038 9 0 0
16.855524 4.170660 14.186375 9 0 0
81.869690 41.706604 23.643959 9 0 0
-31.303116 70.901230 14.186375 10 0 0
-9.631728 33.365284 99.304626 10 0 0
-9.631728 8.341321 80.389458 10 0 0
12.039660 54.218586 52.016701 10 0 0
12.039660 29.194624 198.609253 10 0 0
-18.327904 98.475433 14.186375 11 0 0
-4.815864 33.365284 321.557831 11 0 0
-4.815864 8.341321 99.304626 11 0 0
16.855524 54.218586 61.474293 11 0 0
16.855524 29.194624 9.457582 11 0 0
38.526913 66.730568 28.372749 11 0 0
60.198299 54.218586 4.728791 11 0 0
-19.263456 -25.023964 23.643959 11 0 0
-31.303116 20.853302 52.016701 12 0 0
-31.303116 -4.170660 9.457582 12 0 0
-9.631728 33.365284 118.219780 12 0 0
-9.631728 8.341321 23.643959 12 0 0
12.039660 29.194624 198.609253 12 0 0
44.815155 85.963448 23.643959 13 0 0
-4.815864 33.365284 127.677376 13 0 0
-4.815864 8.341321 14.186375 13 0 0
16.855524 29.194624 118.219780 13 0 0
-31.303116 -4.170660 108.762207 14 0 0
-9.631728 33.365284 160.778915 14 0 0
12.039660 54.218586 9.457582 14 0 0
-26.487251 70.901230 9.457582 15 0 0
-26.487251 45.877266 37.830330 15 0 0
-26.487251 20.853302 18.915165 15 0 0
-4.815864 33.365284 23.643959 15 0 0
38.526913 -8.341321 9.457582 15 0 0
24.079321 -25.023964 18.915165 15 0 0
-9.631728 33.365284 66.203087 16 0 0
12.039660 29.194624 70.931870 16 0 0
16.855524 4.170660 4.728791 17 0 0
24.079321 -25.023964 52.016701 17 0 0
24.079321 -50.047928 9.457582 17 0 0
-44.815155 85.963448 89.847038 18 0 0
-31.303116 70.901230 37.830330 18 0 0
12.039660 29.194624 89.847038 18 0 0
-18.327904 98.475433 18.915165 19 0 0
-48.158642 58.389248 80.389458 19 0 0
-4.815864 33.365284 80.389458 19 0 0
-4.815864 33.365284 118.219780 21 1 0
32.775497 -90.134109 30.319921 0 0 0
19.263456 -25.023964 3.136544 0 0 0
24.079321 -25.023964 3.803583 1 0 0
19.263456 -25.023964 37.023716 2 0 0
2.407932 -12.511982 48.936249 3 0 0
24.079321 -25.023964 94.610069 3 0 0
-2.407932 -12.511982 63.503670 4 0 0
19.263456 -25.023964 127.007339 4 0 0
-4.815864 33.365284 35.562908 5 0 0
-4.815864 8.341321 151.142380 5 0 0
2.407932 -12.511982 604.569519 5 0 0
2.407932 -37.535946 4.445364 5 0 0
24.079321 -25.023964 204.486740 5 0 0
-8.696176 -131.840714 4.728791 6 0 0
-9.631728 8.341321 118.219780 6 0 0
12.039660 54.218586 56.745499 6 0 0
-2.407932 -12.511982 274.269897 6 0 0
19.263456 -25.023964 397.218506 6 0 0
-26.487251 20.853302 4.728791 7 0 0
-4.815864 8.341321 18.915165 7 0 0
-19.263456 -25.023964 179.694077 7 0 0
2.407932 -12.511982 472.879120 7 0 0
2.407932 -37.535946 146.592545 7 0 0
24.079321 -25.023964 236.439560 7 0 0
24.079321 -50.047928 14.186375 7 0 0
33.711048 16.682642 47.287918 8 0 0
-2.407932 -12.511982 137.134949 8 0 0
-2.407932 -37.535946 33.101543 8 0 0
19.263456 -25.023964 274.269897 8 0 0
-4.815864 8.341321 146.592545 9 0 0
16.855524 4.170660 70.931870 9 0 0
2.407932 -12.511982 236.439560 9 0 0
2.407932 -37.535946 14.186375 9 0 0
24.079321 -25.023964 146.592545 9 0 0
-31.303116 20.853302 23.643959 10 0 0
12.039660 4.170660 66.203087 10 0 0
-24.079321 -25.023964 160.778915 10 0 0
-2.407932 -12.511982 179.694077 10 0 0
-2.407932 -37.535946 52.016701 10 0 0
19.263456 -25.023964 397.218506 10 0 0
44.815155 110.987411 33.101543 11 0 0
38.526913 16.682642 9.457582 11 0 0
-19.263456 -25.023964 70.931870 11 0 0
2.407932 -12.511982 255.354752 11 0 0
2.407932 -37.535946 70.931870 11 0 0
24.079321 -25.023964 14.186375 11 0 0
-31.303116 -4.170660 37.830330 12 0 0
-9.631728 58.389248 80.389458 12 0 0
-2.407932 -12.511982 108.762207 12 0 0
-2.407932 -37.535946 28.372749 12 0 0
-2.407932 -87.583870 18.915165 12 0 0
19.263456 -25.023964 23.643959 12 0 0
-3.880312 -106.816750 14.186375 13 0 0
-26.487251 -4.170660 28.372749 13 0 0
-19.263456 -25.023964 70.931870 13 0 0
2.407932 -12.511982 28.372749 13 0 0
-2.407932 -12.511982 14.186375 14 0 0
16.855524 4.170660 9.457582 15 0 0
2.407932 -12.511982 18.915165 15 0 0
2.407932 -62.559910 9.457582 15 0 0
24.079321 -75.071892 14.186375 15 0 0
45.750710 -62.559910 9.457582 15 0 0
118.525497 33.365284 33.101543 16 0 0
-2.407932 -12.511982 33.101543 16 0 0
40.934845 -62.559910 14.186375 16 1 0
-2.407932 -12.511982 6.273088 0 0 0
19.263456 -25.023964 2.091029 0 0 0
2.407932 -12.511982 9.508960 1 0 0
24.079321 -25.023964 7.607167 1 0 0
119.461052 -81.792786 28.479784 2 0 0
33.711048 -8.341321 39.871696 2 0 0
-2.407932 -12.511982 108.223175 2 0 0
38.526913 -8.341321 35.886578 3 0 0
2.407932 -12.511982 123.971832 3 0 0
24.079321 -25.023964 75.035583 3 0 0
-9.631728 33.365284 56.032654 4 0 0
33.711048 -8.341321 22.413061 4 0 0
55.382435 4.170660 3.735510 4 0 0
-2.407932 -12.511982 403.435089 4 0 0
19.263456 -25.023964 33.619587 4 0 0
-48.158642 -16.682642 13.336092 5 0 0
16.855524 4.170660 48.898998 5 0 0
38.526913 -8.341321 35.562908 5 0 0
2.407932 -12.511982 675.695312 5 0 0
32.775497 -115.158073 37.830330 6 0 0
-31.303116 20.853302 14.186375 6 0 0
-45.750710 -37.535946 80.389458 6 0 0
-24.079321 -25.023964 28.372749 6 0 0
-2.407932 -12.511982 870.097656 6 0 0
-2.407932 -37.535946 9.457582 6 0 0
19.263456 -25.023964 118.219780 6 0 0
40.934845 -37.535946 56.745499 6 0 0
16.855524 4.170660 33.101543 7 0 0
38.526913 -8.341321 33.101543 7 0 0
-40.934845 -37.535946 18.915165 7 0 0
-19.263456 -25.023964 61.474293 7 0 0
2.407932 -12.511982 870.097656 7 0 0
2.407932 -37.535946 18.915165 7 0 0
24.079321 -25.023964 33.101543 7 0 0
-52.974503 -16.682642 28.372749 8 0 0
33.711048 16.682642 52.016701 8 0 0
33.711048 -8.341321 28.372749 8 0 0
-24.079321 -25.023964 23.643959 8 0 0
-2.407932 -12.511982 472.879120 8 0 0
-2.407932 -37.535946 37.830330 8 0 0
19.263456 -25.023964 179.694077 8 0 0
-47.223087 -106.816750 47.287918 9 0 0
-19.263456 -25.023964 42.559120 9 0 0
2.407932 -12.511982 510.709503 9 0 0
2.407932 -37.535946 14.186375 9 0 0
24.079321 -25.023964 28.372749 9 0 0
-31.303116 20.853302 9.457582 10 0 0
-31.303116 -4.170660 137.134949 10 0 0
-9.631728 8.341321 118.219780 10 0 0
12.039660 4.170660 9.457582 10 0 0
33.711048 -8.341321 18.915165 10 0 0
-24.079321 -25.023964 28.372749 10 0 0
-2.407932 -12.511982 435.048828 10 0 0
-2.407932 -37.535946 14.186375 10 0 0
19.263456 -25.023964 127.677376 10 0 0
40.934845 -37.535946 18.915165 10 0 0
-48.158642 8.341321 80.389458 11 0 0
81.869690 41.706604 33.101543 11 0 0
-19.263456 -25.023964 61.474293 11 0 0
2.407932 -12.511982 160.778915 11 0 0
2.407932 -37.535946 23.643959 11 0 0
-31.303116 20.853302 9.457582 12 0 0
55.382435 4.170660 14.186375 12 0 0
-2.407932 -12.511982 80.389458 12 0 0
19.263456 -25.023964 14.186375 12 0 0
-155.580032 -102.646088 9.457582 13 0 0
-19.263456 -25.023964 9.457582 13 0 0
2.407932 -12.511982 66.203087 13 0 0
-160.395889 -102.646088 33.101543 14 0 0
-31.303116 -4.170660 9.457582 14 0 0
-24.079321 -25.023964 89.847038 14 0 0
-2.407932 -37.535946 33.101543 14 0 0
16.855524 4.170660 9.457582 15 0 0
-9.631728 33.365284 66.203087 16 0 0
-169.092072 -87.583870 18.915165 17 0 0
-47.223087 -81.792786 52.016701 19 0 0
-19.263456 -25.023964 9.457582 19 1 0
-9.631728 33.365284 8.364117 0 0 0
-4.815864 33.365284 3.803583 1 0 0
-9.631728 33.365284 5.695957 2 0 0
-4.815864 33.365284 6.524833 3 0 0
-9.631728 83.413208 7.471019 4 0 0
-9.631728 33.365284 141.949371 4 0 0
-48.158642 8.341321 66.680458 5 0 0
-26.487251 45.877266 48.898998 5 0 0
-4.815864 58.389248 93.352646 5 0 0
-4.815864 33.365284 817.946960 5 0 0
16.855524 29.194624 8.890727 5 0 0
-52.974503 58.389248 66.203087 6 0 0
-52.974503 33.365284 14.186375 6 0 0
-31.303116 45.877266 14.186375 6 0 0
-9.631728 83.413208 37.830330 6 0 0
-9.631728 58.389248 146.592545 6 0 0
-9.631728 33.365284 1021.419006 6 0 0
-26.487251 45.877266 14.186375 7 0 0
-26.487251 20.853302 23.643959 7 0 0
-4.815864 58.389248 179.694077 7 0 0
-4.815864 33.365284 718.776306 7 0 0
38.526913 41.706604 14.186375 7 0 0
60.198299 29.194624 4.728791 7 0 0
-74.645889 20.853302 9.457582 8 0 0
-31.303116 45.877266 18.915165 8 0 0
-31.303116 20.853302 9.457582 8 0 0
-9.631728 58.389248 359.388153 8 0 0
-9.631728 33.365284 945.758240 8 0 0
-26.487251 70.901230 4.728791 9 0 0
-26.487251 45.877266 9.457582 9 0 0
-26.487251 20.853302 42.559120 9 0 0
-4.815864 58.389248 108.762207 9 0 0
-4.815864 33.365284 397.218506 9 0 0
16.855524 29.194624 18.915165 9 0 0
-31.303116 45.877266 61.474293 10 0 0
-31.303116 20.853302 18.915165 10 0 0
-9.631728 58.389248 14.186375 10 0 0
-9.631728 33.365284 643.115662 10 0 0
12.039660 29.194624 108.762207 10 0 0
-26.487251 45.877266 18.915165 11 0 0
-26.487251 20.853302 18.915165 11 0 0
-4.815864 58.389248 18.915165 11 0 0
-4.815864 33.365284 217.524414 11 0 0
16.855524 4.170660 18.915165 11 0 0
2.407932 -12.511982 37.830330 11 0 0
-116.117561 -20.853302 18.915165 12 0 0
39.999290 110.987411 33.101543 12 0 0
104.077904 -50.047928 4.728791 12 0 0
-9.631728 58.389248 198.609253 12 0 0
-9.631728 33.365284 160.778915 12 0 0
12.039660 54.218586 61.474293 12 0 0
12.039660 29.194624 18.915165 12 0 0
-61.670681 73.451469 37.830330 13 0 0
-4.815864 58.389248 28.372749 13 0 0
-4.815864 33.365284 80.389458 13 0 0
16.855524 29.194624 14.186375 13 0 0
-44.815155 85.963448 47.287918 14 0 0
-31.303116 70.901230 14.186375 14 0 0
-31.303116 45.877266 47.287918 14 0 0
-9.631728 58.389248 42.559120 14 0 0
-9.631728 33.365284 56.745499 14 0 0
-9.631728 8.341321 9.457582 14 0 0
12.039660 29.194624 137.134949 14 0 0
23.143768 98.475433 9.457582 15 0 0
44.815155 85.963448 18.915165 15 0 0
-26.487251 45.877266 14.186375 15 0 0
-4.815864 33.365284 28.372749 15 0 0
118.525497 58.389248 42.559120 16 0 0
-4.815864 58.389248 9.457582 17 0 0
-9.631728 58.389248 160.778915 18 0 0
16.855524 54.218586 18.915165 19 0 0
12.039660 79.242554 9.457582 22 1 0
140.196884 70.901230 1.045515 0 0 0
-9.631728 8.341321 3.136544 0 0 0
-4.815864 8.341321 5.705375 1 0 0
11.104108 119.328735 14.239892 2 0 0
-9.631728 8.341321 65.503502 2 0 0
-4.815864 8.341321 110.922165 3 0 0
-31.303116 -4.170660 41.090607 4 0 0
-9.631728 8.341321 313.782867 4 0 0
-4.815864 8.341321 551.225159 5 0 0
38.526913 66.730568 17.781454 5 0 0
-19.263456 -25.023964 4.445364 5 0 0
2.407932 -12.511982 31.117548 5 0 0
-9.631728 33.365284 33.101543 6 0 0
-9.631728 8.341321 870.097656 6 0 0
12.039660 4.170660 274.269897 6 0 0
19.263456 -50.047928 4.728791 6 0 0
-26.487251 -4.170660 160.778915 7 0 0
-4.815864 8.341321 1286.231323 7 0 0
2.407932 -12.511982 33.101543 7 0 0
-94.446175 16.682642 52.016701 8 0 0
-31.303116 -4.170660 23.643959 8 0 0
-9.631728 33.365284 42.559120 8 0 0
-9.631728 8.341321 870.097656 8 0 0
12.039660 4.170660 70.931870 8 0 0
33.711048 66.730568 9.457582 8 0 0
-2.407932 -12.511982 9.457582 8 0 0
-4.815864 8.341321 472.879120 9 0 0
16.855524 4.170660 37.830330 9 0 0
2.407932 -12.511982 23.643959 9 0 0
-31.303116 -4.170660 28.372749 10 0 0
-9.631728 33.365284 42.559120 10 0 0
-9.631728 8.341321 321.557831 10 0 0
12.039660 4.170660 80.389458 10 0 0
33.711048 16.682642 56.745499 10 0 0
-24.079321 -25.023964 14.186375 10 0 0
-2.407932 -12.511982 137.134949 10 0 0
-26.487251 -4.170660 14.186375 11 0 0
-4.815864 33.365284 42.559120 11 0 0
-4.815864 8.341321 99.304626 11 0 0
16.855524 4.170660 37.830330 11 0 0
2.407932 -12.511982 14.186375 11 0 0
-74.645889 20.853302 14.186375 12 0 0
-9.631728 33.365284 56.745499 12 0 0
-9.631728 8.341321 70.931870 12 0 0
12.039660 29.194624 14.186375 12 0 0
33.711048 -8.341321 14.186375 12 0 0
-24.079321 -25.023964 56.745499 12 0 0
-4.815864 8.341321 47.287918 13 0 0
16.855524 54.218586 4.728791 13 0 0
60.198299 4.170660 18.915165 13 0 0
2.407932 -12.511982 61.474293 13 0 0
24.079321 -50.047928 28.372749 13 0 0
-116.117561 4.170660 37.830330 14 0 0
-9.631728 8.341321 61.474293 14 0 0
-2.407932 -12.511982 28.372749 14 0 0
40.934845 -37.535946 33.101543 14 0 0
12.039660 4.170660 33.101543 16 0 0
33.711048 -8.341321 9.457582 16 0 0
-24.079321 -50.047928 14.186375 16 0 0
-48.158642 33.365284 18.915165 17 0 0
-48.158642 8.341321 23.643959 17 0 0
-62.606232 -50.047928 23.643959 17 0 0
-8.696176 -106.816750 70.931870 18 0 0
-9.631728 83.413208 23.643959 18 1 0
-2.407932 -12.511982 2.091029 0 0 0
-2.407932 -37.535946 3.136544 0 0 0
-40.934845 -37.535946 3.803583 1 0 0
2.407932 -12.511982 5.705375 1 0 0
-2.407932 -12.511982 5.695957 2 0 0
16.855524 4.170660 3.262416 3 0 0
38.526913 -8.341321 9.787251 3 0 0
2.407932 -12.511982 55.461082 3 0 0
-24.079321 -25.023964 11.206531 4 0 0
-2.407932 -12.511982 186.775482 4 0 0
40.934845 -37.535946 14.942039 4 0 0
16.855524 29.194624 22.226820 5 0 0
-62.606232 -50.047928 93.352646 5 0 0
-19.263456 -25.023964 8.890727 5 0 0
2.407932 -12.511982 337.847656 5 0 0
24.079321 -25.023964 44.453640 5 0 0
-24.079321 -25.023964 99.304626 6 0 0
-2.407932 -12.511982 586.370178 6 0 0
19.263456 -25.023964 14.186375 6 0 0
-19.263456 -25.023964 321.557831 7 0 0
2.407932 -12.511982 397.218506 7 0 0
2.407932 -37.535946 137.134949 7 0 0
-9.631728 8.341321 255.354752 8 0 0
12.039660 4.170660 33.101543 8 0 0
55.382435 4.170660 9.457582 8 0 0
-24.079321 -25.023964 56.745499 8 0 0
-24.079321 -50.047928 52.016701 8 0 0
-2.407932 -12.511982 548.539795 8 0 0
19.263456 -25.023964 18.915165 8 0 0
-104.077904 -50.047928 4.728791 9 0 0
-48.158642 33.365284 47.287918 9 0 0
16.855524 54.218586 23.643959 9 0 0
-19.263456 -25.023964 127.677376 9 0 0
2.407932 -12.511982 359.388153 9 0 0
2.407932 -37.535946 9.457582 9 0 0
54.446884 -152.694016 99.304626 10 0 0
-73.710342 -94.304771 18.915165 10 0 0
-9.631728 8.341321 56.745499 10 0 0
12.039660 4.170660 23.643959 10 0 0
-45.750710 -37.535946 61.474293 10 0 0
-24.079321 -25.023964 137.134949 10 0 0
-2.407932 -12.511982 255.354752 10 0 0
-2.407932 -37.535946 52.016701 10 0 0
-26.487251 -4.170660 14.186375 11 0 0
-4.815864 8.341321 18.915165 11 0 0
-19.263456 -25.023964 217.524414 11 0 0
-19.263456 -75.071892 9.457582 11 0 0
2.407932 -12.511982 137.134949 11 0 0
11.104108 119.328735 18.915165 12 0 0
76.118271 -65.110146 23.643959 12 0 0
-52.974503 -16.682642 47.287918 12 0 0
-31.303116 -4.170660 4.728791 12 0 0
33.711048 -8.341321 9.457582 12 0 0
-45.750710 -62.559910 9.457582 12 0 0
-24.079321 -25.023964 33.101543 12 0 0
-2.407932 -12.511982 118.219780 12 0 0
-2.407932 -37.535946 9.457582 12 0 0
-2.407932 -87.583870 9.457582 12 0 0
-4.815864 8.341321 47.287918 13 0 0
-19.263456 -25.023964 127.677376 13 0 0
2.407932 -12.511982 14.186375 13 0 0
2.407932 -37.535946 56.745499 13 0 0
-9.631728 8.341321 14.186375 14 0 0
-24.079321 -25.023964 56.745499 14 0 0
-2.407932 -12.511982 160.778915 14 0 0
-2.407932 -37.535946 14.186375 14 0 0
19.263456 -25.023964 80.389458 14 0 0
19.263456 -75.071892 14.186375 14 0 0
-47.223087 -81.792786 4.728791 15 0 0
-4.815864 8.341321 23.643959 15 0 0
16.855524 4.170660 4.728791 15 0 0
-19.263456 -25.023964 14.186375 15 0 0
2.407932 -12.511982 37.830330 15 0 0
12.039660 4.170660 4.728791 16 0 0
-2.407932 -12.511982 14.186375 16 0 0
-2.407932 -62.559910 28.372749 16 0 0
-2.407932 -87.583870 9.457582 16 0 0
-19.263456 -25.023964 127.677376 17 0 0
2.407932 -12.511982 118.219780 17 0 0
-2.407932 -12.511982 80.389458 18 0 0
19.263456 -25.023964 33.101543 18 0 0
-31.303116 20.853302 55.950447 24 1 0
-52.974503 -16.682642 1.045515 0 0 0
-31.303116 -4.170660 4.182058 0 0 0
-45.750710 -37.535946 7.318602 0 0 0
-2.407932 -12.511982 11.500660 0 0 0
2.407932 -12.511982 3.803583 1 0 0
-181.131729 33.365284 8.543936 2 0 0
12.039660 4.170660 14.239892 2 0 0
33.711048 66.730568 59.807549 2 0 0
-2.407932 -12.511982 5.695957 2 0 0
2.407932 -12.511982 123.971832 3 0 0
-73.710342 -69.280807 3.735510 4 0 0
12.039660 4.170660 33.619587 4 0 0
-2.407932 -12.511982 141.949371 4 0 0
-4.815864 8.341321 75.571190 5 0 0
16.855524 4.170660 84.461914 5 0 0
2.407932 -12.511982 675.695312 5 0 0
24.079321 -25.023964 102.243370 5 0 0
-31.303116 -4.170660 28.372749 6 0 0
-9.631728 8.341321 99.304626 6 0 0
12.039660 4.170660 359.388153 6 0 0
33.711048 16.682642 14.186375 6 0 0
33.711048 -8.341321 127.677376 6 0 0
55.382435 4.170660 23.643959 6 0 0
-2.407932 -12.511982 548.539795 6 0 0
19.263456 -25.023964 80.389458 6 0 0
-48.158642 -16.682642 33.101543 7 0 0
-4.815864 8.341321 236.439560 7 0 0
16.855524 4.170660 33.101543 7 0 0
-19.263456 -25.023964 18.915165 7 0 0
2.407932 -12.511982 1097.079590 7 0 0
45.750710 -37.535946 56.745499 7 0 0
-94.446175 16.682642 66.203087 8 0 0
-94.446175 -8.341321 33.101543 8 0 0
-52.974503 8.341321 18.915165 8 0 0
-9.631728 8.341321 255.354752 8 0 0
12.039660 4.170660 293.185089 8 0 0
-2.407932 -12.511982 435.048828 8 0 0
-3.880312 -106.816750 14.186375 9 0 0
-4.815864 8.341321 160.778915 9 0 0
16.855524 4.170660 70.931870 9 0 0
-19.263456 -50.047928 28.372749 9 0 0
2.407932 -12.511982 321.557831 9 0 0
-52.974503 -16.682642 9.457582 10 0 0
-31.303116 -4.170660 9.457582 10 0 0
-9.631728 83.413208 14.186375 10 0 0
-9.631728 8.341321 89.847038 10 0 0
12.039660 4.170660 198.609253 10 0 0
33.711048 16.682642 70.931870 10 0 0
-2.407932 -12.511982 137.134949 10 0 0
19.263456 -25.023964 4.728791 10 0 0
-26.487251 45.877266 89.847038 11 0 0
-4.815864 33.365284 9.457582 11 0 0
-4.815864 8.341321 66.203087 11 0 0
16.855524 4.170660 198.609253 11 0 0
2.407932 -12.511982 321.557831 11 0 0
-9.631728 8.341321 160.778915 12 0 0
12.039660 4.170660 80.389458 12 0 0
-2.407932 -12.511982 56.745499 12 0 0
19.263456 -25.023964 18.915165 12 0 0
-39.999290 85.963448 47.287918 13 0 0
-3.880312 -106.816750 28.372749 13 0 0
16.855524 29.194624 33.101543 13 0 0
38.526913 16.682642 9.457582 13 0 0
2.407932 -12.511982 80.389458 13 0 0
24.079321 -50.047928 14.186375 13 0 0
-31.303116 -4.170660 33.101543 14 0 0
-9.631728 58.389248 14.186375 14 0 0
-24.079321 -75.071892 23.643959 14 0 0
2.407932 -12.511982 66.203087 15 0 0
12.039660 54.218586 42.559120 16 0 0
-4.815864 8.341321 47.287918 17 0 0
2.407932 -12.511982 14.186375 17 0 0
-52.974503 33.365284 9.457582 20 0 0
-69.830025 45.877266 4.728791 21 1 0
-2.407932 -37.535946 4.182058 0 0 0
2.407932 -37.535946 3.803583 1 0 0
-2.407932 -37.535946 14.239892 2 0 0
2.407932 -37.535946 26.099331 3 0 0
33.711048 -8.341321 18.677551 4 0 0
-2.407932 -37.535946 85.916733 4 0 0
-19.263456 -25.023964 257.831085 5 0 0
2.407932 -37.535946 186.705292 5 0 0
-24.079321 -25.023964 255.354752 6 0 0
-2.407932 -12.511982 137.134949 6 0 0
-2.407932 -37.535946 643.115662 6 0 0
19.263456 -25.023964 42.559120 6 0 0
-26.487251 20.853302 9.457582 7 0 0
-40.934845 -62.559910 23.643959 7 0 0
-19.263456 -25.023964 217.524414 7 0 0
2.407932 -12.511982 198.609253 7 0 0
2.407932 -37.535946 718.776306 7 0 0
24.079321 -25.023964 18.915165 7 0 0
-24.079321 -25.023964 52.016701 8 0 0
-2.407932 -12.511982 137.134949 8 0 0
-2.407932 -37.535946 870.097656 8 0 0
19.263456 -25.023964 127.677376 8 0 0
-4.815864 8.341321 14.186375 9 0 0
-62.606232 -50.047928 28.372749 9 0 0
-40.934845 -37.535946 37.830330 9 0 0
-19.263456 -25.023964 359.388153 9 0 0
2.407932 -12.511982 137.134949 9 0 0
2.407932 -37.535946 321.557831 9 0 0
24.079321 -50.047928 9.457582 9 0 0
33.711048 -8.341321 9.457582 10 0 0
-45.750710 -37.535946 37.830330 10 0 0
-24.079321 -25.023964 198.609253 10 0 0
-2.407932 -12.511982 89.847038 10 0 0
-2.407932 -37.535946 643.115662 10 0 0
19.263456 -25.023964 198.609253 10 0 0
40.934845 -37.535946 18.915165 10 0 0
40.934845 -62.559910 23.643959 10 0 0
-26.487251 -4.170660 108.762207 11 0 0
-19.263456 -25.023964 217.524414 11 0 0
2.407932 -12.511982 14.186375 11 0 0
2.407932 -37.535946 179.694077 11 0 0
24.079321 -25.023964 274.269897 11 0 0
45.750710 -37.535946 14.186375 11 0 0
-9.631728 8.341321 4.728791 12 0 0
-24.079321 -25.023964 23.643959 12 0 0
-2.407932 -12.511982 80.389458 12 0 0
-2.407932 -37.535946 56.745499 12 0 0
62.606232 -50.047928 28.372749 12 0 0
101.669975 45.877266 4.728791 13 0 0
-19.263456 -25.023964 28.372749 13 0 0
2.407932 -37.535946 89.847038 13 0 0
24.079321 -50.047928 18.915165 13 0 0
-9.631728 8.341321 23.643959 14 0 0
-2.407932 -37.535946 33.101543 14 0 0
-24.079321 -50.047928 61.474293 16 0 0
60.198299 -20.853302 4.728791 17 0 0
2.407932 -37.535946 14.186375 19 0 0
-74.645889 20.853302 14.186375 20 0 0
-19.263456 -50.047928 87.922127 25 1 0
-2.407932 -37.535946 2.091029 0 0 0
2.407932 -37.535946 5.705375 1 0 0
32.775497 -115.158073 17.087872 2 0 0
-2.407932 -37.535946 39.871696 2 0 0
2.407932 -37.535946 163.120804 3 0 0
24.079321 -25.023964 3.262416 3 0 0
-2.407932 -37.535946 93.387741 4 0 0
19.263456 -25.023964 44.826122 4 0 0
-19.263456 -50.047928 35.562908 5 0 0
2.407932 -37.535946 444.536346 5 0 0
-2.407932 -12.511982 56.745499 6 0 0
-2.407932 -37.535946 643.115662 6 0 0
19.263456 -25.023964 160.778915 6 0 0
19.263456 -50.047928 47.287918 6 0 0
19.263456 -75.071892 4.728791 6 0 0
16.855524 29.194624 9.457582 7 0 0
16.855524 4.170660 14.186375 7 0 0
-19.263456 -50.047928 18.915165 7 0 0
2.407932 -12.511982 127.677376 7 0 0
2.407932 -37.535946 1021.419006 7 0 0
24.079321 -25.023964 137.134949 7 0 0
32.775497 -115.158073 56.745499 8 0 0
-52.038952 -81.792786 18.915165 8 0 0
33.711048 -8.341321 47.287918 8 0 0
-2.407932 -12.511982 42.559120 8 0 0
-2.407932 -37.535946 510.709503 8 0 0
-2.407932 -62.559910 18.915165 8 0 0
19.263456 -25.023964 160.778915 8 0 0
19.263456 -50.047928 37.830330 8 0 0
40.934845 -37.535946 4.728791 8 0 0
-40.934845 -62.559910 118.219780 9 0 0
2.407932 -12.511982 236.439560 9 0 0
2.407932 -37.535946 472.879120 9 0 0
24.079321 -25.023964 99.304626 9 0 0
24.079321 -50.047928 179.694077 9 0 0
76.118271 -65.110146 56.745499 10 0 0
-31.303116 -4.170660 18.915165 10 0 0
77.053825 -33.365284 4.728791 10 0 0
-24.079321 -50.047928 23.643959 10 0 0
-2.407932 -37.535946 293.185089 10 0 0
19.263456 -25.023964 108.762207 10 0 0
19.263456 -50.047928 99.304626 10 0 0
62.606232 -50.047928 4.728791 10 0 0
16.855524 29.194624 52.016701 11 0 0
-19.263456 -25.023964 14.186375 11 0 0
2.407932 -12.511982 18.915165 11 0 0
2.407932 -37.535946 70.931870 11 0 0
-9.631728 8.341321 23.643959 12 0 0
-24.079321 -25.023964 14.186375 12 0 0
-2.407932 -12.511982 18.915165 12 0 0
-2.407932 -37.535946 23.643959 12 0 0
19.263456 -25.023964 255.354752 12 0 0
-4.815864 8.341321 33.101543 13 0 0
2.407932 -37.535946 80.389458 13 0 0
24.079321 -25.023964 18.915165 13 0 0
33.711048 -8.341321 42.559120 14 0 0
-2.407932 -37.535946 23.643959 14 0 0
-2.407932 -62.559910 14.186375 14 0 0
19.263456 -50.047928 28.372749 14 0 0
59.262749 -102.646088 28.372749 15 0 0
-69.830025 20.853302 9.457582 15 0 0
2.407932 -12.511982 52.016701 15 0 0
2.407932 -37.535946 80.389458 15 0 0
24.079321 -50.047928 80.389458 15 0 0
45.750710 -37.535946 14.186375 15 0 0
19.263456 -25.023964 9.457582 16 0 0
40.934845 -62.559910 18.915165 16 0 0
24.079321 -50.047928 33.101543 17 0 0
45.750710 -37.535946 23.643959 17 0 0
-24.079321 -50.047928 14.186375 18 0 0
-2.407932 -62.559910 9.457582 18 0 0
-19.263456 -25.023964 4.728791 19 0 0
-52.974503 8.341321 18.915165 22 1 0
-2.407932 -37.535946 3.136544 0 0 0
2.407932 -37.535946 3.803583 1 0 0
-2.407932 -37.535946 48.415634 2 0 0
2.407932 -37.535946 189.220139 3 0 0
-2.407932 -37.535946 171.833466 4 0 0
2.407932 -37.535946 337.847656 5 0 0
-24.079321 -50.047928 9.457582 6 0 0
-2.407932 -37.535946 472.879120 6 0 0
-2.407932 -62.559910 118.219780 6 0 0
19.263456 -25.023964 160.778915 6 0 0
40.934845 -62.559910 23.643959 6 0 0
-26.487251 20.853302 9.457582 7 0 0
-26.487251 -4.170660 14.186375 7 0 0
2.407932 -12.511982 23.643959 7 0 0
2.407932 -37.535946 945.758240 7 0 0
24.079321 -25.023964 61.474293 7 0 0
-52.038952 -81.792786 9.457582 8 0 0
-9.631728 8.341321 66.203087 8 0 0
12.039660 4.170660 4.728791 8 0 0
-2.407932 -12.511982 18.915165 8 0 0
-2.407932 -37.535946 586.370178 8 0 0
19.263456 -25.023964 198.609253 8 0 0
19.263456 -50.047928 37.830330 8 0 0
37.591358 -90.134109 14.186375 9 0 0
16.855524 4.170660 33.101543 9 0 0
38.526913 16.682642 18.915165 9 0 0
-19.263456 -25.023964 18.915165 9 0 0
2.407932 -37.535946 397.218506 9 0 0
2.407932 -62.559910 37.830330 9 0 0
24.079321 -25.023964 52.016701 9 0 0
24.079321 -75.071892 23.643959 9 0 0
-2.407932 -37.535946 255.354752 10 0 0
19.263456 -25.023964 146.592545 10 0 0
19.263456 -50.047928 89.847038 10 0 0
19.263456 -75.071892 33.101543 10 0 0
40.934845 -62.559910 127.677376 10 0 0
102.605522 152.694016 14.186375 11 0 0
101.669975 -4.170660 80.389458 11 0 0
16.855524 4.170660 37.830330 11 0 0
38.526913 -8.341321 89.847038 11 0 0
60.198299 4.170660 47.287918 11 0 0
81.869690 -8.341321 108.762207 11 0 0
2.407932 -12.511982 146.592545 11 0 0
2.407932 -37.535946 108.762207 11 0 0
2.407932 -87.583870 18.915165 11 0 0
24.079321 -25.023964 198.609253 11 0 0
-2.407932 -12.511982 33.101543 12 0 0
-2.407932 -37.535946 217.524414 12 0 0
19.263456 -25.023964 18.915165 12 0 0
-19.263456 -25.023964 42.559120 13 0 0
2.407932 -37.535946 89.847038 13 0 0
24.079321 -25.023964 14.186375 13 0 0
24.079321 -50.047928 23.643959 13 0 0
45.750710 -37.535946 23.643959 13 0 0
-152.236542 -50.047928 37.830330 14 0 0
-2.407932 -37.535946 146.592545 14 0 0
19.263456 -25.023964 42.559120 14 0 0
19.263456 -75.071892 28.372749 14 0 0
-4.815864 8.341321 14.186375 15 0 0
-19.263456 -25.023964 18.915165 15 0 0
2.407932 -37.535946 23.643959 15 0 0
12.039660 29.194624 18.915165 16 0 0
33.711048 16.682642 18.915165 16 0 0
-2.407932 -12.511982 28.372749 16 0 0
-48.158642 33.365284 14.186375 17 0 0
-26.487251 -4.170660 4.728791 17 0 0
2.407932 -37.535946 14.186375 17 0 0
-9.631728 8.341321 52.016701 18 0 0
-2.407932 -37.535946 23.643959 18 0 0
-2.407932 -62.559910 9.457582 18 0 0
2.407932 -37.535946 33.101543 19 0 0
-2.407932 -37.535946 70.931870 20 0 0
19.263456 -25.023964 52.016701 20 0 0
-4.815864 33.365284 18.915165 21 0 0
2.407932 -37.535946 18.915165 21 0 0
24.079321 -25.023964 66.203087 21 0 0
19.263456 -50.047928 28.372749 22 0 0
19.263456 -25.023964 31.971682 26 1 0
12.039660 29.194624 2.091029 0 0 0
16.855524 29.194624 5.705375 1 0 0
-66.486542 -223.595245 37.023716 2 0 0
12.039660 29.194624 28.479784 2 0 0
-4.815864 33.365284 45.673832 3 0 0
16.855524 29.194624 110.922165 3 0 0
-31.303116 45.877266 56.032654 4 0 0
12.039660 29.194624 343.666931 4 0 0
15.919971 169.376663 8.890727 5 0 0
-4.815864 33.365284 186.705292 5 0 0
16.855524 29.194624 604.569519 5 0 0
-9.631728 58.389248 61.474293 6 0 0
-9.631728 33.365284 52.016701 6 0 0
12.039660 29.194624 794.437012 6 0 0
12.039660 4.170660 14.186375 6 0 0
-24.079321 -25.023964 4.728791 6 0 0
-26.487251 45.877266 9.457582 7 0 0
-26.487251 20.853302 4.728791 7 0 0
-4.815864 33.365284 293.185089 7 0 0
-4.815864 8.341321 18.915165 7 0 0
16.855524 29.194624 643.115662 7 0 0
38.526913 41.706604 4.728791 7 0 0
-40.934845 -62.559910 9.457582 7 0 0
-9.631728 33.365284 217.524414 8 0 0
-9.631728 8.341321 61.474293 8 0 0
12.039660 79.242554 23.643959 8 0 0
12.039660 54.218586 66.203087 8 0 0
12.039660 29.194624 510.709503 8 0 0
12.039660 4.170660 37.830330 8 0 0
33.711048 16.682642 28.372749 8 0 0
40.934845 -37.535946 4.728791 8 0 0
-4.815864 58.389248 14.186375 9 0 0
-4.815864 33.365284 179.694077 9 0 0
-4.815864 8.341321 70.931870 9 0 0
16.855524 54.218586 52.016701 9 0 0
16.855524 29.194624 397.218506 9 0 0
39.999290 85.963448 18.915165 10 0 0
-52.974503 8.341321 4.728791 10 0 0
-31.303116 70.901230 14.186375 10 0 0
-9.631728 58.389248 108.762207 10 0 0
-9.631728 33.365284 118.219780 10 0 0
-9.631728 8.341321 9.457582 10 0 0
12.039660 54.218586 89.847038 10 0 0
12.039660 29.194624 274.269897 10 0 0
12.039660 4.170660 9.457582 10 0 0
55.382435 54.218586 14.186375 10 0 0
-4.815864 33.365284 160.778915 11 0 0
16.855524 29.194624 89.847038 11 0 0
-66.486542 73.451469 42.559120 12 0 0
18.327904 98.475433 14.186375 12 0 0
83.342072 110.987411 56.745499 12 0 0
-52.974503 8.341321 4.728791 12 0 0
-9.631728 33.365284 18.915165 12 0 0
-9.631728 8.341321 127.677376 12 0 0
12.039660 29.194624 89.847038 12 0 0
-2.407932 -37.535946 42.559120 12 0 0
-26.487251 20.853302 9.457582 13 0 0
-4.815864 58.389248 9.457582 13 0 0
-4.815864 33.365284 23.643959 13 0 0
-4.815864 8.341321 42.559120 13 0 0
16.855524 54.218586 89.847038 13 0 0
16.855524 29.194624 56.745499 13 0 0
38.526913 41.706604 56.745499 13 0 0
32.775497 131.840714 14.186375 14 0 0
-9.631728 58.389248 14.186375 14 0 0
12.039660 29.194624 4.728791 14 0 0
77.053825 16.682642 70.931870 14 0 0
-4.815864 33.365284 47.287918 15 0 0
38.526913 -8.341321 9.457582 15 0 0
38.526913 16.682642 14.186375 17 0 0
-9.631728 58.389248 89.847038 18 0 0
12.039660 4.170660 89.847038 18 0 0
44.815155 110.987411 33.101543 19 0 0
16.855524 54.218586 18.915165 19 0 0
16.855524 29.194624 37.830330 19 0 0
33.711048 66.730568 18.915165 20 0 0
-26.487251 20.853302 33.101543 21 1 0
105.013458 98.475433 17.773748 0 0 0
-2.407932 -12.511982 7.318602 0 0 0
2.407932 -12.511982 15.214334 1 0 0
-2.407932 -12.511982 54.111588 2 0 0
2.407932 -12.511982 221.844330 3 0 0
24.079321 -25.023964 9.787251 3 0 0
12.039660 4.170660 156.891434 4 0 0
55.382435 -20.853302 14.942039 4 0 0
-2.407932 -12.511982 373.550964 4 0 0
-2.407932 -37.535946 48.561630 4 0 0
-4.815864 8.341321 48.898998 5 0 0
16.855524 4.170660 22.226820 5 0 0
2.407932 -12.511982 746.821167 5 0 0
24.079321 -25.023964 22.226820 5 0 0
-9.631728 8.341321 37.830330 6 0 0
12.039660 4.170660 255.354752 6 0 0
33.711048 -8.341321 14.186375 6 0 0
-24.079321 -25.023964 4.728791 6 0 0
-2.407932 -12.511982 1097.079590 6 0 0
-2.407932 -37.535946 14.186375 6 0 0
19.263456 -25.023964 33.101543 6 0 0
16.855524 4.170660 99.304626 7 0 0
2.407932 -12.511982 643.115662 7 0 0
2.407932 -37.535946 18.915165 7 0 0
2.407932 -87.583870 23.643959 7 0 0
-9.631728 8.341321 28.372749 8 0 0
12.039660 4.170660 108.762207 8 0 0
-2.407932 -12.511982 472.879120 8 0 0
-2.407932 -37.535946 9.457582 8 0 0
19.263456 -25.023964 179.694077 8 0 0
40.934845 -37.535946 99.304626 8 0 0
16.855524 4.170660 80.389458 9 0 0
2.407932 -12.511982 472.879120 9 0 0
12.039660 4.170660 28.372749 10 0 0
-2.407932 -12.511982 56.745499 10 0 0
19.263456 -25.023964 23.643959 10 0 0
-48.158642 8.341321 9.457582 11 0 0
16.855524 29.194624 33.101543 11 0 0
16.855524 4.170660 23.643959 11 0 0
-19.263456 -25.023964 14.186375 11 0 0
2.407932 -12.511982 321.557831 11 0 0
2.407932 -37.535946 9.457582 11 0 0
24.079321 -25.023964 89.847038 11 0 0
12.039660 4.170660 14.186375 12 0 0
-24.079321 -25.023964 9.457582 12 0 0
-2.407932 -12.511982 127.677376 12 0 0
2.407932 -12.511982 80.389458 13 0 0
2.407932 -37.535946 70.931870 13 0 0
-94.446175 16.682642 47.287918 14 0 0
-52.974503 8.341321 18.915165 14 0 0
-2.407932 -12.511982 160.778915 14 0 0
-2.407932 -37.535946 42.559120 14 0 0
16.855524 29.194624 18.915165 15 0 0
2.407932 -12.511982 23.643959 15 0 0
-3.880312 115.158073 9.457582 17 0 0
123.341362 58.389248 61.474293 17 0 0
16.855524 4.170660 18.915165 17 0 0
-19.263456 -25.023964 9.457582 17 0 0
-52.974503 8.341321 14.186375 18 0 0
-31.303116 -4.170660 47.287918 18 0 0
19.263456 -25.023964 56.745499 18 0 0
-48.158642 -16.682642 18.915165 21 1 0
-9.631728 8.341321 2.091029 0 0 0
-4.815864 8.341321 3.803583 1 0 0
-9.631728 8.341321 22.783827 2 0 0
-4.815864 8.341321 22.836916 3 0 0
-9.631728 8.341321 141.949371 4 0 0
-26.487251 -4.170660 102.243370 5 0 0
-4.815864 8.341321 275.612579 5 0 0
-52.974503 58.389248 28.372749 6 0 0
-31.303116 70.901230 14.186375 6 0 0
-9.631728 8.341321 274.269897 6 0 0
-2.407932 -12.511982 14.186375 6 0 0
-83.342072 60.939484 47.287918 7 0 0
-26.487251 -4.170660 37.830330 7 0 0
-4.815864 8.341321 643.115662 7 0 0
-40.934845 -62.559910 14.186375 7 0 0
2.407932 -12.511982 52.016701 7 0 0
-52.974503 8.341321 18.915165 8 0 0
-9.631728 33.365284 9.457582 8 0 0
-9.631728 8.341321 1021.419006 8 0 0
-2.407932 -12.511982 61.474293 8 0 0
-89.630310 -33.365284 4.728791 9 0 0
-48.158642 8.341321 28.372749 9 0 0
-26.487251 -4.170660 66.203087 9 0 0
-4.815864 8.341321 1097.079590 9 0 0
16.855524 4.170660 70.931870 9 0 0
2.407932 -12.511982 47.287918 9 0 0
2.407932 -37.535946 33.101543 9 0 0
-74.645889 -4.170660 4.728791 10 0 0
-52.974503 8.341321 37.830330 10 0 0
-9.631728 8.341321 718.776306 10 0 0
12.039660 4.170660 9.457582 10 0 0
-45.750710 -37.535946 61.474293 10 0 0
-24.079321 -25.023964 18.915165 10 0 0
-2.407932 -12.511982 99.304626 10 0 0
19.263456 -50.047928 4.728791 10 0 0
101.669975 -29.194624 37.830330 11 0 0
-48.158642 58.389248 18.915165 11 0 0
-48.158642 8.341321 14.186375 11 0 0
-48.158642 -16.682642 9.457582 11 0 0
-26.487251 -4.170660 179.694077 11 0 0
-4.815864 33.365284 9.457582 11 0 0
-4.815864 8.341321 472.879120 11 0 0
16.855524 29.194624 33.101543 11 0 0
16.855524 4.170660 236.439560 11 0 0
-40.934845 -37.535946 70.931870 11 0 0
-19.263456 -25.023964 80.389458 11 0 0
2.407932 -12.511982 66.203087 11 0 0
-109.829323 73.451469 28.372749 12 0 0
-52.974503 33.365284 14.186375 12 0 0
-31.303116 20.853302 217.524414 12 0 0
-31.303116 -4.170660 47.287918 12 0 0
-9.631728 8.341321 217.524414 12 0 0
33.711048 16.682642 9.457582 12 0 0
-2.407932 -12.511982 89.847038 12 0 0
19.263456 -25.023964 23.643959 12 0 0
-48.158642 -16.682642 47.287918 13 0 0
-26.487251 45.877266 37.830330 13 0 0
-26.487251 20.853302 61.474293 13 0 0
-4.815864 8.341321 37.830330 13 0 0
-19.263456 -25.023964 42.559120 13 0 0
-19.263456 -50.047928 9.457582 13 0 0
2.407932 -12.511982 18.915165 13 0 0
-31.303116 20.853302 14.186375 14 0 0
-9.631728 8.341321 255.354752 14 0 0
12.039660 4.170660 47.287918 14 0 0
33.711048 -8.341321 9.457582 14 0 0
-24.079321 -25.023964 28.372749 14 0 0
-2.407932 -12.511982 42.559120 14 0 0
19.263456 -25.023964 14.186375 14 0 0
-89.630310 -33.365284 61.474293 15 0 0
-105.013458 73.451469 99.304626 15 0 0
-26.487251 -4.170660 52.016701 15 0 0
-4.815864 83.413208 18.915165 15 0 0
-4.815864 8.341321 42.559120 15 0 0
38.526913 -8.341321 18.915165 15 0 0
-19.263456 -25.023964 80.389458 15 0 0
-19.263456 -50.047928 9.457582 15 0 0
2.407932 -12.511982 28.372749 15 0 0
2.407932 -37.535946 37.830330 15 0 0
-4.815864 8.341321 18.915165 17 0 0
-69.830025 20.853302 9.457582 19 0 0
16.855524 54.218586 14.186375 19 0 0
-25.551701 -94.304771 95.772484 23 1 0
12.039660 29.194624 2.091029 0 0 0
16.855524 29.194624 3.803583 1 0 0
12.039660 29.194624 8.543936 2 0 0
-4.815864 33.365284 9.787251 3 0 0
16.855524 29.194624 16.312084 3 0 0
12.039660 29.194624 37.355103 4 0 0
-48.158642 58.389248 4.445364 5 0 0
-4.815864 33.365284 168.923828 5 0 0
16.855524 29.194624 84.461914 5 0 0
16.855524 4.170660 8.890727 5 0 0
32.775497 -90.134109 47.287918 6 0 0
-9.631728 33.365284 99.304626 6 0 0
-9.631728 8.341321 42.559120 6 0 0
12.039660 54.218586 37.830330 6 0 0
12.039660 29.194624 472.879120 6 0 0
12.039660 4.170660 33.101543 6 0 0
-2.407932 -62.559910 4.728791 6 0 0
-48.158642 58.389248 33.101543 7 0 0
-26.487251 20.853302 14.186375 7 0 0
-4.815864 33.365284 643.115662 7 0 0
-4.815864 8.341321 56.745499 7 0 0
16.855524 29.194624 472.879120 7 0 0
16.855524 4.170660 23.643959 7 0 0
-9.631728 33.365284 47.287918 8 0 0
-9.631728 8.341321 89.847038 8 0 0
12.039660 54.218586 99.304626 8 0 0
12.039660 29.194624 643.115662 8 0 0
12.039660 4.170660 274.269897 8 0 0
-45.750710 -37.535946 118.219780 8 0 0
-4.815864 33.365284 274.269897 9 0 0
-4.815864 8.341321 99.304626 9 0 0
16.855524 29.194624 643.115662 9 0 0
16.855524 4.170660 9.457582 9 0 0
-9.631728 33.365284 37.830330 10 0 0
-9.631728 8.341321 42.559120 10 0 0
12.039660 29.194624 236.439560 10 0 0
12.039660 4.170660 28.372749 10 0 0
33.711048 41.706604 66.203087 10 0 0
33.711048 -8.341321 4.728791 10 0 0
-4.815864 33.365284 61.474293 11 0 0
-4.815864 8.341321 9.457582 11 0 0
16.855524 54.218586 66.203087 11 0 0
16.855524 29.194624 359.388153 11 0 0
16.855524 4.170660 9.457582 11 0 0
-19.263456 -25.023964 4.728791 11 0 0
-88.157928 60.939484 80.389458 12 0 0
-9.631728 33.365284 118.219780 12 0 0
-9.631728 8.341321 61.474293 12 0 0
12.039660 29.194624 236.439560 12 0 0
33.711048 16.682642 146.592545 12 0 0
-111.301697 29.194624 70.931870 13 0 0
37.591358 -115.158073 18.915165 13 0 0
-4.815864 33.365284 23.643959 13 0 0
-4.815864 8.341321 33.101543 13 0 0
16.855524 29.194624 472.879120 13 0 0
16.855524 4.170660 137.134949 13 0 0
38.526913 -8.341321 80.389458 13 0 0
105.013458 73.451469 23.643959 14 0 0
-9.631728 33.365284 9.457582 14 0 0
12.039660 29.194624 127.677376 14 0 0
33.711048 41.706604 14.186375 14 0 0
-4.815864 83.413208 56.745499 15 0 0
-4.815864 33.365284 61.474293 15 0 0
-4.815864 8.341321 47.287918 15 0 0
16.855524 29.194624 56.745499 15 0 0
16.855524 4.170660 23.643959 15 0 0
38.526913 16.682642 33.101543 15 0 0
38.526913 -8.341321 37.830330 15 0 0
61.670681 73.451469 14.186375 16 0 0
12.039660 29.194624 14.186375 16 0 0
12.039660 4.170660 23.643959 16 0 0
55.382435 -20.853302 23.643959 16 0 0
-48.158642 33.365284 14.186375 17 0 0
-4.815864 58.389248 52.016701 17 0 0
16.855524 29.194624 42.559120 17 0 0
12.039660 4.170660 18.915165 18 0 0
2.407932 -87.583870 23.643959 19 0 0
-31.303116 20.853302 61.474293 20 0 0
12.039660 4.170660 18.915165 20 0 0
24.079321 -75.071892 83.002823 23 1 0
-74.645889 -29.194624 4.182058 0 0 0
-2.407932 -37.535946 2.091029 0 0 0
2.407932 -37.535946 3.803583 1 0 0
-31.303116 -4.170660 34.175743 2 0 0
-2.407932 -37.535946 14.239892 2 0 0
2.407932 -12.511982 45.673832 3 0 0
2.407932 -37.535946 6.524833 3 0 0
-24.079321 -25.023964 7.471019 4 0 0
-2.407932 -37.535946 70.974686 4 0 0
-19.263456 -25.023964 8.890727 5 0 0
2.407932 -37.535946 151.142380 5 0 0
-24.079321 -25.023964 14.186375 6 0 0
-24.079321 -50.047928 89.847038 6 0 0
-2.407932 -37.535946 472.879120 6 0 0
-2.407932 -62.559910 9.457582 6 0 0
-19.263456 -25.023964 14.186375 7 0 0
-19.263456 -50.047928 18.915165 7 0 0
2.407932 -37.535946 718.776306 7 0 0
45.750710 -37.535946 52.016701 7 0 0
-24.079321 -25.023964 118.219780 8 0 0
-24.079321 -75.071892 9.457582 8 0 0
-2.407932 -12.511982 99.304626 8 0 0
-2.407932 -37.535946 794.437012 8 0 0
19.263456 -25.023964 118.219780 8 0 0
16.855524 29.194624 4.728791 9 0 0
-19.263456 -25.023964 127.677376 9 0 0
-19.263456 -50.047928 70.931870 9 0 0
2.407932 -37.535946 794.437012 9 0 0
-9.631728 8.341321 28.372749 10 0 0
-24.079321 -25.023964 33.101543 10 0 0
-24.079321 -50.047928 127.677376 10 0 0
-2.407932 -12.511982 23.643959 10 0 0
-2.407932 -37.535946 472.879120 10 0 0
-2.407932 -62.559910 23.643959 10 0 0
19.263456 -50.047928 28.372749 10 0 0
-68.894478 -94.304771 14.186375 11 0 0
-4.815864 33.365284 23.643959 11 0 0
-19.263456 -25.023964 52.016701 11 0 0
-19.263456 -50.047928 47.287918 11 0 0
2.407932 -37.535946 397.218506 11 0 0
-24.079321 -25.023964 18.915165 12 0 0
-24.079321 -75.071892 42.559120 12 0 0
-2.407932 -12.511982 61.474293 12 0 0
-2.407932 -37.535946 198.609253 12 0 0
19.263456 -25.023964 66.203087 12 0 0
-18.327904 98.475433 33.101543 13 0 0
-19.263456 -25.023964 179.694077 13 0 0
-19.263456 -50.047928 89.847038 13 0 0
2.407932 -37.535946 236.439560 13 0 0
2.407932 -62.559910 42.559120 13 0 0
2.407932 -87.583870 4.728791 13 0 0
24.079321 -25.023964 18.915165 13 0 0
-73.710342 -69.280807 14.186375 14 0 0
12.039660 4.170660 66.203087 14 0 0
-24.079321 -25.023964 99.304626 14 0 0
-2.407932 -37.535946 274.269897 14 0 0
19.263456 -50.047928 18.915165 14 0 0
-69.830025 -4.170660 28.372749 15 0 0
-26.487251 -4.170660 61.474293 15 0 0
-4.815864 8.341321 47.287918 15 0 0
-19.263456 -50.047928 14.186375 15 0 0
2.407932 -12.511982 18.915165 15 0 0
2.407932 -37.535946 118.219780 15 0 0
-24.079321 -25.023964 23.643959 16 0 0
-2.407932 -37.535946 99.304626 16 0 0
-19.263456 -50.047928 80.389458 17 0 0
2.407932 -37.535946 47.287918 17 0 0
45.750710 -62.559910 14.186375 17 0 0
2.407932 -37.535946 14.186375 21 0 0
-24.079321 -50.047928 15.985841 24 1 0
-2.407932 -12.511982 2.091029 0 0 0
2.407932 -12.511982 9.508960 1 0 0
-2.407932 -12.511982 31.327759 2 0 0
40.934845 -37.535946 19.935848 2 0 0
2.407932 -12.511982 221.844330 3 0 0
-116.117561 29.194624 48.561630 4 0 0
-9.631728 8.341321 48.561630 4 0 0
12.039660 4.170660 52.297142 4 0 0
-2.407932 -12.511982 373.550964 4 0 0
19.263456 -25.023964 48.561630 4 0 0
-4.815864 8.341321 8.890727 5 0 0
16.855524 4.170660 84.461914 5 0 0
-19.263456 -25.023964 22.226820 5 0 0
2.407932 -12.511982 960.198669 5 0 0
24.079321 -25.023964 31.117548 5 0 0
-9.631728 8.341321 14.186375 6 0 0
12.039660 4.170660 127.677376 6 0 0
33.711048 -8.341321 33.101543 6 0 0
-24.079321 -50.047928 37.830330 6 0 0
-2.407932 -12.511982 1021.419006 6 0 0
19.263456 -25.023964 80.389458 6 0 0
-4.815864 8.341321 47.287918 7 0 0
16.855524 29.194624 4.728791 7 0 0
16.855524 4.170660 52.016701 7 0 0
38.526913 41.706604 9.457582 7 0 0
38.526913 -8.341321 80.389458 7 0 0
2.407932 -12.511982 870.097656 7 0 0
2.407932 -37.535946 23.643959 7 0 0
24.079321 -25.023964 14.186375 7 0 0
54.446884 -77.622124 9.457582 8 0 0
-9.631728 8.341321 47.287918 8 0 0
12.039660 4.170660 359.388153 8 0 0
33.711048 -8.341321 18.915165 8 0 0
77.053825 41.706604 14.186375 8 0 0
-2.407932 -12.511982 643.115662 8 0 0
19.263456 -25.023964 99.304626 8 0 0
16.855524 4.170660 47.287918 9 0 0
38.526913 -8.341321 33.101543 9 0 0
2.407932 -12.511982 397.218506 9 0 0
-74.645889 20.853302 37.830330 10 0 0
12.039660 4.170660 99.304626 10 0 0
33.711048 -8.341321 321.557831 10 0 0
-67.422096 -50.047928 18.915165 10 0 0
-2.407932 -12.511982 80.389458 10 0 0
19.263456 -25.023964 89.847038 10 0 0
-111.301697 29.194624 42.559120 11 0 0
-48.158642 8.341321 9.457582 11 0 0
-26.487251 45.877266 23.643959 11 0 0
-4.815864 8.341321 14.186375 11 0 0
16.855524 4.170660 179.694077 11 0 0
2.407932 -12.511982 42.559120 11 0 0
24.079321 -25.023964 28.372749 11 0 0
-9.631728 8.341321 9.457582 12 0 0
12.039660 4.170660 9.457582 12 0 0
-2.407932 -12.511982 37.830330 12 0 0
40.934845 -37.535946 23.643959 12 0 0
16.855524 4.170660 42.559120 13 0 0
33.711048 -8.341321 37.830330 14 0 0
60.198299 4.170660 56.745499 15 0 0
12.039660 79.242554 14.186375 16 0 0
-2.407932 -12.511982 14.186375 16 0 0
-8.696176 -106.816750 14.186375 18 0 0
38.526913 66.730568 14.186375 21 1 0
12.039660 4.170660 2.091029 0 0 0
-4.815864 33.365284 11.410750 1 0 0
16.855524 4.170660 11.410750 1 0 0
38.526913 -8.341321 1.901792 1 0 0
12.039660 4.170660 8.543936 2 0 0
-4.815864 8.341321 19.574501 3 0 0
16.855524 4.170660 110.922165 3 0 0
-9.631728 8.341321 41.090607 4 0 0
12.039660 29.194624 41.090607 4 0 0
12.039660 4.170660 186.775482 4 0 0
19.263456 -25.023964 7.471019 4 0 0
-26.487251 70.901230 22.226820 5 0 0
-4.815864 8.341321 337.847656 5 0 0
16.855524 29.194624 13.336092 5 0 0
16.855524 4.170660 222.268173 5 0 0
-9.631728 8.341321 23.643959 6 0 0
12.039660 29.194624 397.218506 6 0 0
12.039660 4.170660 870.097656 6 0 0
-4.815864 33.365284 52.016701 7 0 0
-4.815864 8.341321 397.218506 7 0 0
16.855524 29.194624 28.372749 7 0 0
16.855524 4.170660 435.048828 7 0 0
38.526913 41.706604 14.186375 7 0 0
39.999290 85.963448 23.643959 8 0 0
96.854111 20.853302 14.186375 8 0 0
-9.631728 33.365284 118.219780 8 0 0
-9.631728 8.341321 137.134949 8 0 0
12.039660 29.194624 321.557831 8 0 0
12.039660 4.170660 472.879120 8 0 0
-2.407932 -12.511982 9.457582 8 0 0
-4.815864 33.365284 14.186375 9 0 0
-4.815864 8.341321 293.185089 9 0 0
16.855524 54.218586 42.559120 9 0 0
16.855524 29.194624 127.677376 9 0 0
16.855524 4.170660 274.269897 9 0 0
2.407932 -12.511982 37.830330 9 0 0
61.670681 73.451469 9.457582 10 0 0
-31.303116 -4.170660 28.372749 10 0 0
-9.631728 33.365284 99.304626 10 0 0
-9.631728 8.341321 28.372749 10 0 0
12.039660 29.194624 160.778915 10 0 0
12.039660 4.170660 198.609253 10 0 0
-24.079321 -50.047928 23.643959 10 0 0
40.934845 -37.535946 4.728791 10 0 0
62.606232 -50.047928 14.186375 10 0 0
-26.487251 -4.170660 14.186375 11 0 0
-4.815864 58.389248 14.186375 11 0 0
-4.815864 8.341321 236.439560 11 0 0
16.855524 29.194624 61.474293 11 0 0
16.855524 4.170660 179.694077 11 0 0
60.198299 29.194624 56.745499 11 0 0
-31.303116 45.877266 70.931870 12 0 0
-9.631728 83.413208 28.372749 12 0 0
-9.631728 58.389248 18.915165 12 0 0
-9.631728 33.365284 37.830330 12 0 0
12.039660 29.194624 80.389458 12 0 0
12.039660 4.170660 255.354752 12 0 0
19.263456 -50.047928 14.186375 12 0 0
-26.487251 45.877266 47.287918 13 0 0
-26.487251 20.853302 9.457582 13 0 0
-4.815864 33.365284 18.915165 13 0 0
16.855524 79.242554 9.457582 13 0 0
16.855524 54.218586 89.847038 13 0 0
16.855524 29.194624 33.101543 13 0 0
-9.631728 8.341321 9.457582 14 0 0
37.591358 156.864685 33.101543 15 0 0
-26.487251 -4.170660 66.203087 15 0 0
-4.815864 8.341321 4.728791 15 0 0
16.855524 29.194624 14.186375 15 0 0
12.039660 4.170660 9.457582 16 0 0
38.526913 16.682642 80.389458 17 0 0
96.854111 -29.194624 4.728791 18 0 0
-26.487251 45.877266 28.372749 19 0 0
-4.815864 33.365284 23.643959 19 0 0
-31.303116 -4.170660 14.186375 20 0 0
-4.815864 8.341321 9.457582 21 1 0
12.039660 54.218586 10.455146 0 0 0
-2.407932 -12.511982 2.091029 0 0 0
2.407932 -12.511982 3.803583 1 0 0
-2.407932 -12.511982 42.719677 2 0 0
2.407932 -12.511982 163.120804 3 0 0
12.039660 4.170660 3.735510 4 0 0
-2.407932 -12.511982 141.949371 4 0 0
-4.815864 8.341321 373.410583 5 0 0
-19.263456 -25.023964 8.890727 5 0 0
2.407932 -12.511982 675.695312 5 0 0
-9.631728 8.341321 9.457582 6 0 0
-24.079321 -25.023964 146.592545 6 0 0
-24.079321 -50.047928 4.728791 6 0 0
-2.407932 -12.511982 870.097656 6 0 0
-2.407932 -37.535946 47.287918 6 0 0
19.263456 -25.023964 37.830330 6 0 0
-48.158642 8.341321 33.101543 7 0 0
16.855524 4.170660 56.745499 7 0 0
-19.263456 -25.023964 255.354752 7 0 0
2.407932 -12.511982 586.370178 7 0 0
2.407932 -37.535946 56.745499 7 0 0
24.079321 -25.023964 23.643959 7 0 0
-117.053116 -102.646088 18.915165 8 0 0
-52.974503 -16.682642 9.457582 8 0 0
-9.631728 8.341321 14.186375 8 0 0
-24.079321 -25.023964 146.592545 8 0 0
-24.079321 -50.047928 14.186375 8 0 0
-2.407932 -12.511982 548.539795 8 0 0
-2.407932 -37.535946 80.389458 8 0 0
19.263456 -50.047928 14.186375 8 0 0
-19.263456 -25.023964 127.677376 9 0 0
2.407932 -12.511982 435.048828 9 0 0
2.407932 -37.535946 14.186375 9 0 0
24.079321 -50.047928 42.559120 9 0 0
-137.788956 16.682642 18.915165 10 0 0
-31.303116 -4.170660 47.287918 10 0 0
12.039660 4.170660 61.474293 10 0 0
-24.079321 -25.023964 293.185089 10 0 0
-2.407932 -12.511982 359.388153 10 0 0
-2.407932 -37.535946 28.372749 10 0 0
-4.815864 8.341321 70.931870 11 0 0
-19.263456 -25.023964 42.559120 11 0 0
2.407932 -12.511982 293.185089 11 0 0
24.079321 -25.023964 146.592545 11 0 0
45.750710 -62.559910 4.728791 11 0 0
67.422096 -50.047928 23.643959 11 0 0
12.039660 4.170660 28.372749 12 0 0
33.711048 41.706604 18.915165 12 0 0
55.382435 -20.853302 4.728791 12 0 0
-24.079321 -25.023964 18.915165 12 0 0
-24.079321 -50.047928 37.830330 12 0 0
-2.407932 -12.511982 198.609253 12 0 0
-2.407932 -37.535946 23.643959 12 0 0
-4.815864 8.341321 28.372749 13 0 0
38.526913 -8.341321 14.186375 13 0 0
-19.263456 -25.023964 89.847038 13 0 0
2.407932 -12.511982 66.203087 13 0 0
2.407932 -37.535946 42.559120 13 0 0
-45.750710 -37.535946 236.439560 14 0 0
-24.079321 -75.071892 146.592545 14 0 0
-2.407932 -12.511982 108.762207 14 0 0
24.079321 -25.023964 18.915165 15 0 0
-24.079321 -25.023964 42.559120 16 0 0
19.263456 -25.023964 28.372749 16 0 0
59.262749 -102.646088 52.016701 17 0 0
59.262749 -127.670052 14.186375 17 0 0
2.407932 -12.511982 23.643959 17 0 0
-2.407932 -37.535946 18.915165 18 1 0
-2.407932 -12.511982 2.091029 0 0 0
2.407932 -12.511982 5.705375 1 0 0
12.039660 4.170660 25.631804 2 0 0
-2.407932 -12.511982 28.479784 2 0 0
-48.158642 58.389248 19.574501 3 0 0
2.407932 -12.511982 88.085251 3 0 0
12.039660 4.170660 33.619587 4 0 0
-2.407932 -12.511982 186.775482 4 0 0
19.263456 -25.023964 63.503670 4 0 0
-4.815864 8.341321 26.672184 5 0 0
38.526913 -8.341321 8.890727 5 0 0
2.407932 -12.511982 604.569519 5 0 0
-73.710342 -69.280807 61.474293 6 0 0
12.039660 4.170660 47.287918 6 0 0
-2.407932 -12.511982 643.115662 6 0 0
19.263456 -25.023964 89.847038 6 0 0
-26.487251 -4.170660 28.372749 7 0 0
-4.815864 8.341321 217.524414 7 0 0
-19.263456 -25.023964 23.643959 7 0 0
2.407932 -12.511982 643.115662 7 0 0
32.775497 -90.134109 4.728791 8 0 0
-31.303116 -4.170660 4.728791 8 0 0
12.039660 4.170660 23.643959 8 0 0
-24.079321 -25.023964 56.745499 8 0 0
-2.407932 -12.511982 586.370178 8 0 0
-4.815864 33.365284 118.219780 9 0 0
-4.815864 8.341321 52.016701 9 0 0
16.855524 4.170660 37.830330 9 0 0
38.526913 -8.341321 18.915165 9 0 0
-19.263456 -50.047928 9.457582 9 0 0
2.407932 -12.511982 472.879120 9 0 0
45.750710 -37.535946 80.389458 9 0 0
45.750710 -62.559910 9.457582 9 0 0
-66.486542 73.451469 9.457582 10 0 0
-31.303116 -4.170660 99.304626 10 0 0
-9.631728 8.341321 80.389458 10 0 0
12.039660 4.170660 37.830330 10 0 0
77.053825 16.682642 9.457582 10 0 0
-24.079321 -25.023964 52.016701 10 0 0
-2.407932 -12.511982 435.048828 10 0 0
19.263456 -25.023964 14.186375 10 0 0
-26.487251 45.877266 28.372749 11 0 0
-4.815864 8.341321 18.915165 11 0 0
2.407932 -12.511982 1097.079590 11 0 0
2.407932 -37.535946 4.728791 11 0 0
-31.303116 -4.170660 18.915165 12 0 0
-9.631728 8.341321 80.389458 12 0 0
12.039660 29.194624 9.457582 12 0 0
12.039660 4.170660 28.372749 12 0 0
-2.407932 -12.511982 548.539795 12 0 0
-4.815864 8.341321 61.474293 13 0 0
16.855524 4.170660 52.016701 13 0 0
2.407932 -12.511982 274.269897 13 0 0
24.079321 -50.047928 14.186375 13 0 0
76.118271 -65.110146 28.372749 14 0 0
-31.303116 -4.170660 18.915165 14 0 0
-9.631728 8.341321 89.847038 14 0 0
12.039660 4.170660 80.389458 14 0 0
33.711048 41.706604 28.372749 14 0 0
55.382435 54.218586 9.457582 14 0 0
-67.422096 -50.047928 80.389458 14 0 0
-24.079321 -25.023964 37.830330 14 0 0
-2.407932 -12.511982 160.778915 14 0 0
19.263456 -25.023964 18.915165 14 0 0
38.526913 16.682642 61.474293 15 0 0
38.526913 -8.341321 56.745499 15 0 0
-19.263456 -25.023964 9.457582 15 0 0
-19.263456 -75.071892 9.457582 15 0 0
2.407932 -12.511982 28.372749 15 0 0
24.079321 -25.023964 18.915165 15 0 0
-52.974503 -16.682642 137.134949 16 0 0
-2.407932 -12.511982 99.304626 16 0 0
-25.551701 -94.304771 14.186375 17 0 0
16.855524 4.170660 14.186375 17 0 0
-40.934845 -37.535946 4.728791 17 0 0
-19.263456 -25.023964 9.457582 17 0 0
2.407932 -12.511982 9.457582 17 0 0
-2.407932 -12.511982 80.389458 18 0 0
16.855524 29.194624 42.559120 19 0 0
81.869690 16.682642 47.287918 21 1 0
-2.407932 -37.535946 3.136544 0 0 0
2.407932 -37.535946 5.705375 1 0 0
-2.407932 -37.535946 108.223175 2 0 0
2.407932 -37.535946 110.922165 3 0 0
-24.079321 -25.023964 7.471019 4 0 0
-2.407932 -37.535946 216.659576 4 0 0
19.263456 -25.023964 33.619587 4 0 0
38.526913 -8.341321 8.890727 5 0 0
-19.263456 -25.023964 26.672184 5 0 0
2.407932 -12.511982 168.923828 5 0 0
2.407932 -37.535946 257.831085 5 0 0
-2.407932 -12.511982 108.762207 6 0 0
-2.407932 -37.535946 586.370178 6 0 0
19.263456 -25.023964 255.354752 6 0 0
16.855524 4.170660 14.186375 7 0 0
81.869690 -8.341321 9.457582 7 0 0
-19.263456 -25.023964 236.439560 7 0 0
2.407932 -12.511982 52.016701 7 0 0
2.407932 -37.535946 794.437012 7 0 0
2.407932 -62.559910 42.559120 7 0 0
24.079321 -25.023964 9.457582 7 0 0
-2.407932 -12.511982 61.474293 8 0 0
-2.407932 -37.535946 586.370178 8 0 0
19.263456 -25.023964 146.592545 8 0 0
-25.551701 -119.328735 14.186375 9 0 0
-69.830025 20.853302 23.643959 9 0 0
-48.158642 -16.682642 18.915165 9 0 0
16.855524 4.170660 23.643959 9 0 0
38.526913 -8.341321 52.016701 9 0 0
-40.934845 -37.535946 4.728791 9 0 0
-19.263456 -25.023964 217.524414 9 0 0
-19.263456 -50.047928 14.186375 9 0 0
-19.263456 -75.071892 61.474293 9 0 0
2.407932 -12.511982 160.778915 9 0 0
2.407932 -37.535946 435.048828 9 0 0
24.079321 -25.023964 179.694077 9 0 0
-31.303116 45.877266 28.372749 10 0 0
-31.303116 -4.170660 9.457582 10 0 0
12.039660 4.170660 61.474293 10 0 0
-24.079321 -25.023964 14.186375 10 0 0
-2.407932 -12.511982 321.557831 10 0 0
-2.407932 -37.535946 293.185089 10 0 0
-2.407932 -62.559910 37.830330 10 0 0
19.263456 -25.023964 397.218506 10 0 0
40.934845 -37.535946 66.203087 10 0 0
38.526913 16.682642 28.372749 11 0 0
38.526913 -8.341321 66.203087 11 0 0
-19.263456 -25.023964 70.931870 11 0 0
-19.263456 -50.047928 9.457582 11 0 0
2.407932 -12.511982 18.915165 11 0 0
2.407932 -37.535946 137.134949 11 0 0
2.407932 -62.559910 42.559120 11 0 0
-24.079321 -25.023964 18.915165 12 0 0
-2.407932 -12.511982 61.474293 12 0 0
-2.407932 -37.535946 56.745499 12 0 0
19.263456 -25.023964 42.559120 12 0 0
-19.263456 -25.023964 14.186375 13 0 0
2.407932 -37.535946 146.592545 13 0 0
24.079321 -25.023964 37.830330 13 0 0
45.750710 -37.535946 33.101543 13 0 0
-30.367563 -94.304771 28.372749 14 0 0
55.382435 -20.853302 66.203087 14 0 0
-24.079321 -25.023964 37.830330 14 0 0
19.263456 -25.023964 118.219780 14 0 0
-4.815864 8.341321 28.372749 15 0 0
-19.263456 -25.023964 14.186375 15 0 0
2.407932 -37.535946 14.186375 15 0 0
24.079321 -25.023964 160.778915 15 0 0
-2.407932 -12.511982 70.931870 16 0 0
-19.263456 -25.023964 33.101543 17 0 0
-19.263456 -50.047928 37.830330 17 0 0
2.407932 -62.559910 33.101543 17 0 0
-19.263456 -25.023964 28.372749 19 0 0
24.079321 -75.071892 14.186375 19 0 0
-74.645889 45.877266 137.134949 20 0 0
-45.750710 -37.535946 4.728791 20 1 0
12.039660 4.170660 3.136544 0 0 0
16.855524 4.170660 13.312544 1 0 0
12.039660 4.170660 48.415634 2 0 0
-2.407932 -12.511982 2.847978 2 0 0
16.855524 4.170660 26.099331 3 0 0
2.407932 -12.511982 75.035583 3 0 0
12.039660 29.194624 3.735510 4 0 0
12.039660 4.170660 156.891434 4 0 0
-4.815864 8.341321 48.898998 5 0 0
16.855524 4.170660 35.562908 5 0 0
38.526913 -8.341321 4.445364 5 0 0
2.407932 -12.511982 186.705292 5 0 0
212.434845 -37.535946 9.457582 6 0 0
12.039660 29.194624 56.745499 6 0 0
12.039660 4.170660 359.388153 6 0 0
-2.407932 -12.511982 160.778915 6 0 0
-2.407932 -37.535946 255.354752 6 0 0
-2.407932 -62.559910 42.559120 6 0 0
-90.565865 -65.110146 9.457582 7 0 0
-4.815864 8.341321 42.559120 7 0 0
16.855524 29.194624 4.728791 7 0 0
16.855524 4.170660 198.609253 7 0 0
60.198299 4.170660 33.101543 7 0 0
2.407932 -12.511982 643.115662 7 0 0
-31.303116 45.877266 14.186375 8 0 0
-31.303116 -4.170660 42.559120 8 0 0
12.039660 4.170660 718.776306 8 0 0
-2.407932 -12.511982 146.592545 8 0 0
-4.815864 8.341321 99.304626 9 0 0
16.855524 4.170660 127.677376 9 0 0
60.198299 29.194624 37.830330 9 0 0
-19.263456 -25.023964 9.457582 9 0 0
2.407932 -12.511982 435.048828 9 0 0
24.079321 -25.023964 14.186375 9 0 0
24.079321 -50.047928 42.559120 9 0 0
-66.486542 73.451469 42.559120 10 0 0
-31.303116 45.877266 23.643959 10 0 0
-31.303116 20.853302 33.101543 10 0 0
-9.631728 8.341321 18.915165 10 0 0
12.039660 29.194624 42.559120 10 0 0
12.039660 4.170660 217.524414 10 0 0
-24.079321 -25.023964 9.457582 10 0 0
-2.407932 -12.511982 89.847038 10 0 0
40.934845 -37.535946 18.915165 10 0 0
-4.815864 8.341321 70.931870 11 0 0
16.855524 4.170660 198.609253 11 0 0
60.198299 29.194624 14.186375 11 0 0
2.407932 -12.511982 397.218506 11 0 0
-31.303116 -4.170660 23.643959 12 0 0
-9.631728 8.341321 89.847038 12 0 0
12.039660 4.170660 217.524414 12 0 0
33.711048 -8.341321 14.186375 12 0 0
-2.407932 -12.511982 14.186375 12 0 0
19.263456 -25.023964 89.847038 12 0 0
-26.487251 20.853302 80.389458 13 0 0
38.526913 -8.341321 4.728791 13 0 0
2.407932 -12.511982 80.389458 13 0 0
-2.407932 -12.511982 23.643959 14 0 0
19.263456 -25.023964 4.728791 14 0 0
-48.158642 8.341321 14.186375 15 0 0
-26.487251 -4.170660 47.287918 15 0 0
-4.815864 8.341321 52.016701 15 0 0
16.855524 4.170660 18.915165 15 0 0
2.407932 -12.511982 47.287918 15 0 0
-9.631728 33.365284 70.931870 16 0 0
33.711048 -8.341321 61.474293 16 0 0
38.526913 -8.341321 4.728791 17 0 0
60.198299 29.194624 28.372749 17 0 0
24.079321 -25.023964 9.457582 19 0 0
2.407932 -87.583870 18.915165 21 0 0
-26.487251 -4.170660 12.769663 23 0 0
-26.487251 -4.170660 23.978762 25 1 0
-9.631728 33.365284 10.455146 0 0 0
-4.815864 33.365284 7.607167 1 0 0
-4.815864 8.341321 5.705375 1 0 0
-9.631728 33.365284 39.871696 2 0 0
-4.815864 33.365284 26.099331 3 0 0
-4.815864 8.341321 110.922165 3 0 0
-94.446175 -8.341321 18.677551 4 0 0
-9.631728 33.365284 201.717545 4 0 0
33.711048 41.706604 11.206531 4 0 0
-4.815864 33.365284 275.612579 5 0 0
-4.815864 8.341321 26.672184 5 0 0
-31.303116 70.901230 14.186375 6 0 0
-9.631728 33.365284 643.115662 6 0 0
12.039660 29.194624 9.457582 6 0 0
-26.487251 20.853302 4.728791 7 0 0
-4.815864 33.365284 359.388153 7 0 0
-31.303116 45.877266 42.559120 8 0 0
-31.303116 20.853302 14.186375 8 0 0
-9.631728 33.365284 510.709503 8 0 0
-9.631728 8.341321 61.474293 8 0 0
12.039660 29.194624 137.134949 8 0 0
-4.815864 33.365284 586.370178 9 0 0
-4.815864 8.341321 198.609253 9 0 0
16.855524 4.170660 14.186375 9 0 0
60.198299 4.170660 9.457582 9 0 0
-116.117561 4.170660 33.101543 10 0 0
39.999290 85.963448 18.915165 10 0 0
-9.631728 58.389248 28.372749 10 0 0
-9.631728 33.365284 643.115662 10 0 0
-9.631728 8.341321 70.931870 10 0 0
12.039660 54.218586 23.643959 10 0 0
12.039660 29.194624 179.694077 10 0 0
12.039660 4.170660 28.372749 10 0 0
40.934845 -37.535946 18.915165 10 0 0
-26.487251 20.853302 37.830330 11 0 0
-4.815864 33.365284 643.115662 11 0 0
16.855524 29.194624 23.643959 11 0 0
2.407932 -37.535946 4.728791 11 0 0
24.079321 -25.023964 23.643959 11 0 0
32.775497 131.840714 4.728791 12 0 0
-31.303116 20.853302 61.474293 12 0 0
-9.631728 58.389248 9.457582 12 0 0
-9.631728 33.365284 321.557831 12 0 0
-9.631728 8.341321 137.134949 12 0 0
12.039660 29.194624 160.778915 12 0 0
12.039660 4.170660 9.457582 12 0 0
33.711048 66.730568 14.186375 12 0 0
-61.670681 98.475433 80.389458 13 0 0
-26.487251 20.853302 9.457582 13 0 0
-4.815864 58.389248 9.457582 13 0 0
-4.815864 33.365284 359.388153 13 0 0
-4.815864 8.341321 52.016701 13 0 0
-31.303116 20.853302 14.186375 14 0 0
-9.631728 33.365284 52.016701 14 0 0
12.039660 54.218586 4.728791 14 0 0
12.039660 29.194624 47.287918 14 0 0
33.711048 16.682642 9.457582 14 0 0
-18.327904 98.475433 56.745499 15 0 0
-48.158642 58.389248 18.915165 15 0 0
-4.815864 33.365284 33.101543 15 0 0
16.855524 29.194624 14.186375 15 0 0
2.407932 -12.511982 18.915165 15 0 0
-31.303116 45.877266 14.186375 16 0 0
-9.631728 33.365284 70.931870 16 0 0
-4.815864 33.365284 89.847038 17 0 0
-4.815864 8.341321 66.203087 17 0 0
16.855524 29.194624 18.915165 17 0 0
-31.303116 70.901230 28.372749 18 0 0
123.341362 -16.682642 14.186375 19 0 0
-26.487251 -4.170660 217.524414 21 0 0
61.670681 98.475433 4.728791 22 0 0
59.262749 144.352692 23.978762 25 1 0
-2.407932 -37.535946 2.091029 0 0 0
2.407932 -37.535946 3.803583 1 0 0
12.039660 29.194624 28.479784 2 0 0
12.039660 4.170660 59.807549 2 0 0
-2.407932 -37.535946 22.783827 2 0 0
19.263456 -25.023964 28.479784 2 0 0
-25.551701 -119.328735 16.312084 3 0 0
2.407932 -37.535946 221.844330 3 0 0
24.079321 -25.023964 26.099331 3 0 0
33.711048 -8.341321 18.677551 4 0 0
-2.407932 -37.535946 313.782867 4 0 0
19.263456 -25.023964 283.898743 4 0 0
-19.263456 -25.023964 151.142380 5 0 0
2.407932 -12.511982 48.898998 5 0 0
2.407932 -37.535946 373.410583 5 0 0
24.079321 -25.023964 444.536346 5 0 0
45.750710 -37.535946 53.344368 5 0 0
-52.038952 -81.792786 4.728791 6 0 0
-24.079321 -25.023964 56.745499 6 0 0
-24.079321 -50.047928 9.457582 6 0 0
-2.407932 -37.535946 255.354752 6 0 0
-2.407932 -62.559910 4.728791 6 0 0
19.263456 -25.023964 359.388153 6 0 0
19.263456 -50.047928 14.186375 6 0 0
101.669975 -29.194624 9.457582 7 0 0
108.893768 -50.047928 80.389458 7 0 0
-4.815864 8.341321 18.915165 7 0 0
38.526913 -8.341321 70.931870 7 0 0
60.198299 4.170660 80.389458 7 0 0
60.198299 -20.853302 14.186375 7 0 0
-19.263456 -25.023964 70.931870 7 0 0
-19.263456 -50.047928 28.372749 7 0 0
2.407932 -12.511982 61.474293 7 0 0
2.407932 -37.535946 510.709503 7 0 0
2.407932 -62.559910 23.643959 7 0 0
24.079321 -25.023964 321.557831 7 0 0
24.079321 -50.047928 4.728791 7 0 0
45.750710 -37.535946 4.728791 7 0 0
12.039660 29.194624 4.728791 8 0 0
55.382435 4.170660 89.847038 8 0 0
55.382435 -20.853302 4.728791 8 0 0
-24.079321 -25.023964 80.389458 8 0 0
-2.407932 -12.511982 14.186375 8 0 0
-2.407932 -37.535946 435.048828 8 0 0
19.263456 -25.023964 397.218506 8 0 0
19.263456 -50.047928 23.643959 8 0 0
19.263456 -75.071892 9.457582 8 0 0
-69.830025 20.853302 47.287918 9 0 0
16.855524 4.170660 99.304626 9 0 0
38.526913 16.682642 4.728791 9 0 0
60.198299 54.218586 9.457582 9 0 0
2.407932 -12.511982 137.134949 9 0 0
2.407932 -37.535946 435.048828 9 0 0
24.079321 -25.023964 47.287918 9 0 0
12.039660 4.170660 14.186375 10 0 0
33.711048 -8.341321 28.372749 10 0 0
-24.079321 -25.023964 14.186375 10 0 0
-2.407932 -12.511982 146.592545 10 0 0
-2.407932 -37.535946 198.609253 10 0 0
19.263456 -25.023964 108.762207 10 0 0
19.263456 -50.047928 52.016701 10 0 0
40.934845 -37.535946 14.186375 10 0 0
38.526913 -8.341321 28.372749 11 0 0
-40.934845 -37.535946 70.931870 11 0 0
2.407932 -37.535946 217.524414 11 0 0
24.079321 -50.047928 18.915165 11 0 0
-31.303116 20.853302 4.728791 12 0 0
-31.303116 -4.170660 47.287918 12 0 0
12.039660 4.170660 33.101543 12 0 0
-24.079321 -25.023964 9.457582 12 0 0
-24.079321 -50.047928 23.643959 12 0 0
-2.407932 -37.535946 4.728791 12 0 0
19.263456 -25.023964 23.643959 12 0 0
40.934845 -37.535946 42.559120 12 0 0
16.855524 29.194624 9.457582 13 0 0
16.855524 4.170660 80.389458 13 0 0
2.407932 -37.535946 28.372749 13 0 0
24.079321 -50.047928 14.186375 13 0 0
-2.407932 -37.535946 127.677376 14 0 0
19.263456 -25.023964 33.101543 14 0 0
16.855524 29.194624 18.915165 15 0 0
2.407932 -37.535946 52.016701 15 0 0
24.079321 -50.047928 33.101543 15 0 0
39.999290 85.963448 14.186375 16 0 0
24.079321 -25.023964 9.457582 17 1 0
-9.631728 33.365284 3.136544 0 0 0
-4.815864 33.365284 5.705375 1 0 0
-9.631728 33.365284 39.871696 2 0 0
-4.815864 33.365284 55.461082 3 0 0
-9.631728 33.365284 127.007339 4 0 0
-4.815864 33.365284 515.662170 5 0 0
-9.631728 58.389248 42.559120 6 0 0
-9.631728 33.365284 1097.079590 6 0 0
12.039660 29.194624 23.643959 6 0 0
33.711048 16.682642 14.186375 6 0 0
-26.487251 45.877266 4.728791 7 0 0
-4.815864 33.365284 718.776306 7 0 0
16.855524 29.194624 9.457582 7 0 0
-31.303116 45.877266 37.830330 8 0 0
-9.631728 58.389248 146.592545 8 0 0
-9.631728 33.365284 794.437012 8 0 0
-9.631728 8.341321 89.847038 8 0 0
12.039660 29.194624 47.287918 8 0 0
-48.158642 33.365284 28.372749 9 0 0
-26.487251 20.853302 9.457582 9 0 0
-4.815864 58.389248 23.643959 9 0 0
-4.815864 33.365284 718.776306 9 0 0
-31.303116 20.853302 33.101543 10 0 0
-9.631728 58.389248 127.677376 10 0 0
-9.631728 33.365284 510.709503 10 0 0
12.039660 54.218586 61.474293 10 0 0
12.039660 29.194624 28.372749 10 0 0
-26.487251 20.853302 4.728791 11 0 0
-26.487251 -4.170660 70.931870 11 0 0
-4.815864 58.389248 9.457582 11 0 0
-4.815864 33.365284 472.879120 11 0 0
-4.815864 8.341321 70.931870 11 0 0
16.855524 54.218586 4.728791 11 0 0
16.855524 29.194624 52.016701 11 0 0
38.526913 41.706604 18.915165 11 0 0
-19.263456 -25.023964 9.457582 11 0 0
2.407932 -12.511982 4.728791 11 0 0
2.407932 -37.535946 28.372749 11 0 0
24.079321 -25.023964 9.457582 11 0 0
-31.303116 20.853302 4.728791 12 0 0
-9.631728 58.389248 9.457582 12 0 0
-9.631728 33.365284 217.524414 12 0 0
12.039660 79.242554 4.728791 12 0 0
12.039660 29.194624 47.287918 12 0 0
-26.487251 45.877266 28.372749 13 0 0
-4.815864 33.365284 236.439560 13 0 0
-9.631728 58.389248 61.474293 14 0 0
-9.631728 33.365284 42.559120 14 0 0
-9.631728 8.341321 14.186375 14 0 0
12.039660 54.218586 18.915165 14 0 0
33.711048 66.730568 52.016701 14 0 0
-4.815864 33.365284 89.847038 15 0 0
-4.815864 8.341321 28.372749 15 0 0
16.855524 29.194624 274.269897 15 0 0
-9.631728 33.365284 23.643959 16 0 0
37.591358 156.864685 9.457582 17 0 0
-48.158642 33.365284 66.203087 19 0 0
-4.815864 8.341321 9.457582 19 0 0
54.446884 -77.622124 89.847038 20 0 0
-31.303116 20.853302 14.186375 20 1 1
