18.915164947509766 0
4.728791236877441 0
4.728791236877441 0
8.364116668701172 0
3.8035833835601807 0
2.847978353500366 0
28.47978401184082 0
42.411415100097656 0
18.67755126953125 0
171.83346557617188 0
13.336091995239258 0
515.6621704101562 0
4.728791236877441 0
548.539794921875 0
9.457582473754883 0
28.37274932861328 0
945.7582397460938 0
28.37274932861328 0
14.18637466430664 0
56.74549865722656 0
9.457582473754883 0
70.93186950683594 0
18.915164947509766 0
56.74549865722656 0
28.37274932861328 0
945.7582397460938 0
56.74549865722656 0
23.643959045410156 0
4.728791236877441 0
33.10154342651367 0
14.18637466430664 0
33.10154342651367 0
23.643959045410156 0
99.30462646484375 0
870.09765625 0
66.20308685302734 0
37.83032989501953 0
52.016700744628906 0
472.8791198730469 0
137.13494873046875 0
14.18637466430664 0
47.28791809082031 0
23.643959045410156 0
70.93186950683594 0
99.30462646484375 0
435.048828125 0
70.93186950683594 0
99.30462646484375 0
359.3881530761719 0
14.18637466430664 0
28.37274932861328 0
56.74549865722656 0
18.915164947509766 0
52.016700744628906 0
89.84703826904297 0
33.10154342651367 0
42.559120178222656 0
18.915164947509766 0
52.016700744628906 0
9.457582473754883 0
28.37274932861328 0
18.915164947509766 0
23.643959045410156 1
52.016700744628906 0
9.457582473754883 0
47.28791809082031 0
14.18637466430664 0
18.915164947509766 0
7.318602085113525 0
3.8035833835601807 0
5.695956707000732 0
59.80754852294922 0
22.836915969848633 0
94.61006927490234 0
186.77548217773438 0
127.00733947753906 0
14.942038536071777 0
4.445363521575928 0
168.923828125 0
275.6125793457031 0
47.28791809082031 0
42.559120178222656 0
359.3881530761719 0
643.1156616210938 0
4.728791236877441 0
4.728791236877441 0
14.18637466430664 0
274.2698974609375 0
179.69407653808594 0
33.10154342651367 0
397.218505859375 0
236.43955993652344 0
510.7095031738281 0
42.559120178222656 0
23.643959045410156 0
9.457582473754883 0
42.559120178222656 0
37.83032989501953 0
586.3701782226562 0
4.728791236877441 0
255.35475158691406 0
18.915164947509766 0
18.915164947509766 0
137.13494873046875 0
472.8791198730469 0
397.218505859375 0
118.21977996826172 0
14.18637466430664 0
89.84703826904297 0
66.20308685302734 0
80.38945770263672 0
89.84703826904297 0
137.13494873046875 0
18.915164947509766 0
37.83032989501953 0
23.643959045410156 0
80.38945770263672 0
217.5244140625 0
4.728791236877441 0
56.74549865722656 0
56.74549865722656 0
23.643959045410156 0
33.10154342651367 0
23.643959045410156 0
99.30462646484375 0
42.559120178222656 0
33.10154342651367 0
42.559120178222656 0
18.915164947509766 0
42.559120178222656 0
70.93186950683594 0
28.37274932861328 0
23.643959045410156 0
9.457582473754883 0
14.18637466430664 0
61.47429275512695 0
70.93186950683594 0
23.643959045410156 0
42.559120178222656 0
23.643959045410156 0
14.18637466430664 0
23.643959045410156 1
8.364116668701172 0
8.890727043151855 0
9.457582473754883 0
14.18637466430664 0
61.47429275512695 0
28.37274932861328 0
42.559120178222656 0
18.915164947509766 0
3.1365437507629395 0
3.8035833835601807 0
28.47978401184082 0
8.543935775756836 0
3.262416362762451 0
45.673831939697266 0
201.71754455566406 0
18.67755126953125 0
14.942038536071777 0
675.6953125 0
23.643959045410156 0
14.18637466430664 0
510.7095031738281 0
236.43955993652344 0
52.016700744628906 0
4.728791236877441 0
108.76220703125 0
718.7763061523438 0
80.38945770263672 0
4.728791236877441 0
14.18637466430664 0
28.37274932861328 0
718.7763061523438 0
217.5244140625 0
89.84703826904297 0
14.18637466430664 0
61.47429275512695 0
89.84703826904297 0
18.915164947509766 0
236.43955993652344 0
198.6092529296875 0
28.37274932861328 0
4.728791236877441 0
42.559120178222656 0
61.47429275512695 0
217.5244140625 0
118.21977996826172 0
4.728791236877441 0
397.218505859375 0
198.6092529296875 0
18.915164947509766 0
47.28791809082031 0
28.37274932861328 0
14.18637466430664 0
23.643959045410156 0
14.18637466430664 0
9.457582473754883 0
42.559120178222656 0
9.457582473754883 0
9.457582473754883 0
80.38945770263672 0
42.559120178222656 0
33.10154342651367 0
33.10154342651367 0
66.20308685302734 0
14.18637466430664 0
14.18637466430664 0
14.18637466430664 0
33.10154342651367 0
9.457582473754883 0
28.37274932861328 0
33.10154342651367 0
37.83032989501953 0
61.47429275512695 0
42.559120178222656 0
9.457582473754883 0
89.84703826904297 0
47.28791809082031 1
47.28791809082031 0
37.83032989501953 0
9.457582473754883 0
18.915164947509766 0
9.457582473754883 0
4.182058334350586 0
1.0455145835876465 0
5.7053751945495605 0
3.8035833835601807 0
5.695956707000732 0
14.23989200592041 0
14.23989200592041 0
55.461082458496094 0
216.65957641601562 0
33.61958694458008 0
22.413061141967773 0
22.22681999206543 0
480.0993347167969 0
22.22681999206543 0
359.3881530761719 0
146.59254455566406 0
4.728791236877441 0
293.1850891113281 0
42.559120178222656 0
548.539794921875 0
255.35475158691406 0
47.28791809082031 0
9.457582473754883 0
14.18637466430664 0
643.1156616210938 0
321.5578308105469 0
61.47429275512695 0
179.69407653808594 0
99.30462646484375 0
14.18637466430664 0
18.915164947509766 0
9.457582473754883 0
472.8791198730469 0
293.1850891113281 0
9.457582473754883 0
108.76220703125 0
14.18637466430664 0
274.2698974609375 0
28.37274932861328 0
198.6092529296875 0
4.728791236877441 0
18.915164947509766 0
160.77891540527344 0
70.93186950683594 0
14.18637466430664 0
14.18637466430664 0
14.18637466430664 0
137.13494873046875 0
14.18637466430664 0
42.559120178222656 0
61.47429275512695 0
56.74549865722656 0
9.457582473754883 0
14.18637466430664 0
70.93186950683594 0
9.457582473754883 0
28.37274932861328 0
37.83032989501953 0
4.728791236877441 0
4.728791236877441 0
9.457582473754883 0
42.559120178222656 0
80.38945770263672 1
37.83032989501953 0
9.457582473754883 0
87.92212677001953 0
5.227572917938232 0
15.214333534240723 0
28.47978401184082 0
5.695956707000732 0
110.92216491699219 0
108.32978820800781 0
373.41058349609375 0
13.336091995239258 0
718.7763061523438 0
794.43701171875 0
4.728791236877441 0
794.43701171875 0
52.016700744628906 0
18.915164947509766 0
89.84703826904297 0
37.83032989501953 0
9.457582473754883 0
28.37274932861328 0
179.69407653808594 0
42.559120178222656 0
52.016700744628906 0
1097.07958984375 0
99.30462646484375 0
14.18637466430664 0
9.457582473754883 0
33.10154342651367 0
794.43701171875 0
108.76220703125 0
9.457582473754883 0
14.18637466430664 0
4.728791236877441 0
80.38945770263672 0
179.69407653808594 0
42.559120178222656 0
548.539794921875 0
179.69407653808594 0
37.83032989501953 0
4.728791236877441 0
23.643959045410156 0
66.20308685302734 0
14.18637466430664 0
179.69407653808594 0
9.457582473754883 0
80.38945770263672 0
23.643959045410156 0
9.457582473754883 0
179.69407653808594 0
33.10154342651367 0
23.643959045410156 0
14.18637466430664 0
42.559120178222656 0
127.67737579345703 0
23.643959045410156 0
14.18637466430664 0
14.18637466430664 0
14.18637466430664 0
89.84703826904297 0
111.90089416503906 1
33.10154342651367 0
4.728791236877441 0
9.457582473754883 0
79.92920684814453 0
2.091029167175293 0
3.8035833835601807 0
48.41563415527344 0
11.391913414001465 0
13.049665451049805 0
123.97183227539062 0
463.2032470703125 0
8.890727043151855 0
22.22681999206543 0
26.672183990478516 0
675.6953125 0
9.457582473754883 0
1021.4190063476562 0
37.83032989501953 0
4.728791236877441 0
1172.7403564453125 0
14.18637466430664 0
33.10154342651367 0
118.21977996826172 0
718.7763061523438 0
47.28791809082031 0
14.18637466430664 0
28.37274932861328 0
9.457582473754883 0
14.18637466430664 0
118.21977996826172 0
14.18637466430664 0
643.1156616210938 0
18.915164947509766 0
9.457582473754883 0
14.18637466430664 0
18.915164947509766 0
359.3881530761719 0
37.83032989501953 0
160.77891540527344 0
61.47429275512695 0
18.915164947509766 0
14.18637466430664 0
28.37274932861328 0
61.47429275512695 0
28.37274932861328 0
397.218505859375 0
56.74549865722656 0
118.21977996826172 0
23.643959045410156 0
14.18637466430664 0
23.643959045410156 0
146.59254455566406 0
52.016700744628906 0
9.457582473754883 0
23.643959045410156 0
42.559120178222656 0
52.016700744628906 0
28.37274932861328 0
127.67737579345703 0
42.559120178222656 0
42.559120178222656 0
14.18637466430664 0
23.643959045410156 0
14.18637466430664 0
9.457582473754883 0
9.457582473754883 0
70.93186950683594 0
18.915164947509766 0
42.559120178222656 0
9.457582473754883 0
28.37274932861328 0
33.10154342651367 1
8.364116668701172 0
28.37274932861328 0
4.728791236877441 0
127.67737579345703 0
8.890727043151855 0
26.672183990478516 0
4.728791236877441 0
4.728791236877441 0
23.643959045410156 0
2.091029167175293 0
3.8035833835601807 0
5.695956707000732 0
123.97183227539062 0
32.624168395996094 0
9.787250518798828 0
63.50366973876953 0
231.60162353515625 0
41.090606689453125 0
22.22681999206543 0
337.84765625 0
337.84765625 0
14.18637466430664 0
274.2698974609375 0
718.7763061523438 0
127.67737579345703 0
61.47429275512695 0
33.10154342651367 0
359.3881530761719 0
37.83032989501953 0
510.7095031738281 0
61.47429275512695 0
61.47429275512695 0
9.457582473754883 0
321.5578308105469 0
61.47429275512695 0
510.7095031738281 0
42.559120178222656 0
9.457582473754883 0
99.30462646484375 0
548.539794921875 0
4.728791236877441 0
37.83032989501953 0
61.47429275512695 0
293.1850891113281 0
472.8791198730469 0
89.84703826904297 0
47.28791809082031 0
80.38945770263672 0
14.18637466430664 0
14.18637466430664 0
37.83032989501953 0
397.218505859375 0
4.728791236877441 0
4.728791236877441 0
18.915164947509766 0
9.457582473754883 0
37.83032989501953 0
61.47429275512695 0
56.74549865722656 0
52.016700744628906 0
37.83032989501953 0
18.915164947509766 0
14.18637466430664 0
118.21977996826172 0
217.5244140625 0
18.915164947509766 0
4.728791236877441 0
37.83032989501953 0
66.20308685302734 0
18.915164947509766 0
56.74549865722656 0
56.74549865722656 0
108.76220703125 0
4.728791236877441 0
127.67737579345703 0
33.10154342651367 0
47.28791809082031 0
9.457582473754883 0
33.10154342651367 0
9.457582473754883 0
99.30462646484375 0
33.10154342651367 1
37.83032989501953 0
23.643959045410156 0
14.18637466430664 0
9.457582473754883 0
37.83032989501953 0
61.47429275512695 0
4.728791236877441 0
47.28791809082031 0
8.364116668701172 0
2.091029167175293 0
4.182058334350586 0
32.33045959472656 0
11.410750389099121 0
8.543935775756836 0
17.087871551513672 0
123.97183227539062 0
7.471019268035889 0
93.38774108886719 0
108.32978820800781 0
216.65957641601562 0
960.1986694335938 0
42.559120178222656 0
47.28791809082031 0
718.7763061523438 0
643.1156616210938 0
9.457582473754883 0
33.10154342651367 0
1097.07958984375 0
28.37274932861328 0
160.77891540527344 0
9.457582473754883 0
9.457582473754883 0
127.67737579345703 0
61.47429275512695 0
42.559120178222656 0
472.8791198730469 0
9.457582473754883 0
4.728791236877441 0
14.18637466430664 0
14.18637466430664 0
14.18637466430664 0
236.43955993652344 0
18.915164947509766 0
23.643959045410156 0
118.21977996826172 0
14.18637466430664 0
179.69407653808594 0
28.37274932861328 0
70.93186950683594 0
217.5244140625 0
28.37274932861328 0
4.728791236877441 0
28.37274932861328 0
28.37274932861328 0
28.37274932861328 0
80.38945770263672 0
28.37274932861328 0
23.643959045410156 0
9.457582473754883 0
80.38945770263672 0
23.643959045410156 0
56.74549865722656 0
37.83032989501953 0
179.69407653808594 0
23.643959045410156 0
47.28791809082031 0
18.915164947509766 0
137.13494873046875 0
33.10154342651367 0
9.457582473754883 0
61.47429275512695 0
33.10154342651367 0
14.18637466430664 0
9.457582473754883 0
14.18637466430664 0
14.18637466430664 1
28.37274932861328 0
4.728791236877441 0
23.643959045410156 0
12.546175003051758 0
3.8035833835601807 0
48.41563415527344 0
88.08525085449219 0
283.89874267578125 0
889.0726928710938 0
17.78145408630371 0
945.7582397460938 0
127.67737579345703 0
4.728791236877441 0
4.728791236877441 0
47.28791809082031 0
61.47429275512695 0
1097.07958984375 0
274.2698974609375 0
108.76220703125 0
14.18637466430664 0
870.09765625 0
217.5244140625 0
14.18637466430664 0
9.457582473754883 0
99.30462646484375 0
4.728791236877441 0
794.43701171875 0
9.457582473754883 0
23.643959045410156 0
70.93186950683594 0
47.28791809082031 0
23.643959045410156 0
23.643959045410156 0
217.5244140625 0
42.559120178222656 0
4.728791236877441 0
4.728791236877441 0
18.915164947509766 0
14.18637466430664 0
4.728791236877441 0
359.3881530761719 0
99.30462646484375 0
47.28791809082031 0
89.84703826904297 0
9.457582473754883 0
14.18637466430664 0
18.915164947509766 0
14.18637466430664 0
23.643959045410156 0
23.643959045410156 0
9.457582473754883 0
70.93186950683594 0
61.47429275512695 0
28.37274932861328 0
18.915164947509766 1
14.18637466430664 0
9.457582473754883 0
80.38945770263672 0
18.915164947509766 0
28.37274932861328 0
9.457582473754883 0
18.915164947509766 0
12.546175003051758 0
2.091029167175293 0
3.8035833835601807 0
19.935848236083984 0
19.935848236083984 0
9.787250518798828 0
141.94937133789062 0
302.2847595214844 0
14.18637466430664 0
435.048828125 0
37.83032989501953 0
23.643959045410156 0
586.3701782226562 0
56.74549865722656 0
945.7582397460938 0
108.76220703125 0
66.20308685302734 0
18.915164947509766 0
89.84703826904297 0
28.37274932861328 0
643.1156616210938 0
14.18637466430664 0
37.83032989501953 0
33.10154342651367 0
37.83032989501953 0
4.728791236877441 0
643.1156616210938 0
108.76220703125 0
255.35475158691406 0
42.559120178222656 0
28.37274932861328 0
9.457582473754883 0
397.218505859375 0
33.10154342651367 0
160.77891540527344 0
28.37274932861328 0
23.643959045410156 0
28.37274932861328 0
28.37274932861328 0
255.35475158691406 0
70.93186950683594 0
47.28791809082031 0
42.559120178222656 0
118.21977996826172 0
52.016700744628906 0
9.457582473754883 0
4.728791236877441 0
47.28791809082031 0
47.28791809082031 0
80.38945770263672 0
14.18637466430664 0
14.18637466430664 0
66.20308685302734 0
14.18637466430664 0
9.457582473754883 0
9.457582473754883 0
18.915164947509766 0
9.457582473754883 0
61.47429275512695 1
23.643959045410156 0
37.83032989501953 0
14.18637466430664 0
2.091029167175293 0
1.0455145835876465 0
5.7053751945495605 0
5.695956707000732 0
42.411415100097656 0
14.942038536071777 0
216.65957641601562 0
7.471019268035889 0
186.70529174804688 0
4.445363521575928 0
302.2847595214844 0
23.643959045410156 0
1172.7403564453125 0
18.915164947509766 0
108.76220703125 0
255.35475158691406 0
870.09765625 0
23.643959045410156 0
14.18637466430664 0
47.28791809082031 0
99.30462646484375 0
1021.4190063476562 0
9.457582473754883 0
56.74549865722656 0
66.20308685302734 0
586.3701782226562 0
42.559120178222656 0
42.559120178222656 0
37.83032989501953 0
37.83032989501953 0
23.643959045410156 0
9.457582473754883 0
472.8791198730469 0
56.74549865722656 0
70.93186950683594 0
33.10154342651367 0
52.016700744628906 0
33.10154342651367 0
179.69407653808594 0
9.457582473754883 0
33.10154342651367 0
18.915164947509766 0
80.38945770263672 0
14.18637466430664 0
28.37274932861328 0
9.457582473754883 0
14.18637466430664 0
66.20308685302734 0
37.83032989501953 0
28.37274932861328 0
14.18637466430664 0
23.643959045410156 0
118.21977996826172 0
61.47429275512695 0
80.38945770263672 0
14.18637466430664 1
14.18637466430664 0
23.643959045410156 0
18.915164947509766 0
14.18637466430664 0
2.091029167175293 0
5.7053751945495605 0
59.80754852294922 0
6.524832725524902 0
19.574501037597656 0
110.92216491699219 0
373.55096435546875 0
141.94937133789062 0
4.445363521575928 0
373.41058349609375 0
111.13408660888672 0
8.890727043151855 0
4.445363521575928 0
66.68045806884766 0
604.5695190429688 0
160.77891540527344 0
718.7763061523438 0
14.18637466430664 0
160.77891540527344 0
718.7763061523438 0
397.218505859375 0
14.18637466430664 0
397.218505859375 0
89.84703826904297 0
255.35475158691406 0
127.67737579345703 0
4.728791236877441 0
52.016700744628906 0
108.76220703125 0
14.18637466430664 0
397.218505859375 0
18.915164947509766 0
236.43955993652344 0
14.18637466430664 0
108.76220703125 0
89.84703826904297 0
61.47429275512695 0
47.28791809082031 0
14.18637466430664 0
37.83032989501953 0
9.457582473754883 0
89.84703826904297 0
14.18637466430664 0
18.915164947509766 0
4.728791236877441 0
14.18637466430664 0
4.728791236877441 0
4.728791236877441 0
9.457582473754883 0
127.67737579345703 0
9.457582473754883 0
160.77891540527344 0
61.47429275512695 0
99.30462646484375 0
4.728791236877441 0
18.915164947509766 0
42.559120178222656 0
4.728791236877441 0
14.18637466430664 0
14.18637466430664 0
4.728791236877441 0
9.457582473754883 0
18.915164947509766 0
146.85113525390625 1
18.915164947509766 0
4.182058334350586 0
2.091029167175293 0
11.410750389099121 0
11.410750389099121 0
11.391913414001465 0
9.787250518798828 0
186.77548217773438 0
444.5363464355469 0
22.22681999206543 0
89.84703826904297 0
321.5578308105469 0
42.559120178222656 0
23.643959045410156 0
14.18637466430664 0
217.5244140625 0
56.74549865722656 0
870.09765625 0
14.18637466430664 0
870.09765625 0
160.77891540527344 0
586.3701782226562 0
179.69407653808594 0
14.18637466430664 0
9.457582473754883 0
643.1156616210938 0
18.915164947509766 0
18.915164947509766 0
435.048828125 0
9.457582473754883 0
28.37274932861328 0
146.59254455566406 0
18.915164947509766 0
23.643959045410156 0
28.37274932861328 0
4.728791236877441 0
255.35475158691406 0
4.728791236877441 0
127.67737579345703 0
18.915164947509766 0
47.28791809082031 0
23.643959045410156 0
397.218505859375 0
28.37274932861328 0
146.59254455566406 0
23.643959045410156 0
18.915164947509766 0
28.37274932861328 0
14.18637466430664 0
33.10154342651367 0
28.37274932861328 0
56.74549865722656 0
80.38945770263672 0
99.30462646484375 0
14.18637466430664 0
42.559120178222656 0
18.915164947509766 0
28.37274932861328 0
23.643959045410156 0
18.915164947509766 0
28.37274932861328 0
14.18637466430664 0
23.643959045410156 0
14.18637466430664 0
18.915164947509766 1
18.915164947509766 0
28.37274932861328 0
14.18637466430664 0
2.091029167175293 0
3.8035833835601807 0
22.78382682800293 0
101.1349105834961 0
11.206530570983887 0
313.7828674316406 0
44.45363998413086 0
204.4867401123047 0
17.78145408630371 0
80.38945770263672 0
217.5244140625 0
4.728791236877441 0
9.457582473754883 0
56.74549865722656 0
359.3881530761719 0
9.457582473754883 0
14.18637466430664 0
160.77891540527344 0
198.6092529296875 0
14.18637466430664 0
14.18637466430664 0
33.10154342651367 0
510.7095031738281 0
9.457582473754883 0
52.016700744628906 0
14.18637466430664 0
99.30462646484375 0
70.93186950683594 0
198.6092529296875 0
397.218505859375 0
52.016700744628906 0
18.915164947509766 0
9.457582473754883 0
118.21977996826172 0
293.1850891113281 0
28.37274932861328 0
4.728791236877441 0
47.28791809082031 0
179.69407653808594 0
274.2698974609375 0
217.5244140625 0
118.21977996826172 0
47.28791809082031 0
198.6092529296875 0
472.8791198730469 0
4.728791236877441 0
9.457582473754883 0
89.84703826904297 0
255.35475158691406 0
37.83032989501953 0
70.93186950683594 0
47.28791809082031 0
9.457582473754883 0
37.83032989501953 0
70.93186950683594 0
160.77891540527344 0
56.74549865722656 0
14.18637466430664 0
14.18637466430664 0
14.18637466430664 0
52.016700744628906 0
28.37274932861328 0
14.18637466430664 0
9.457582473754883 0
14.18637466430664 0
42.559120178222656 0
33.10154342651367 0
9.457582473754883 0
18.915164947509766 0
42.559120178222656 1
18.915164947509766 0
22.78382682800293 0
31.971681594848633 0
2.091029167175293 0
3.8035833835601807 0
14.23989200592041 0
26.09933090209961 0
115.80081176757812 0
240.04966735839844 0
444.5363464355469 0
48.89899826049805 0
9.457582473754883 0
47.28791809082031 0
33.10154342651367 0
1286.2313232421875 0
56.74549865722656 0
14.18637466430664 0
14.18637466430664 0
47.28791809082031 0
586.3701782226562 0
794.43701171875 0
80.38945770263672 0
18.915164947509766 0
61.47429275512695 0
28.37274932861328 0
794.43701171875 0
127.67737579345703 0
14.18637466430664 0
9.457582473754883 0
66.20308685302734 0
179.69407653808594 0
108.76220703125 0
586.3701782226562 0
42.559120178222656 0
14.18637466430664 0
14.18637466430664 0
52.016700744628906 0
28.37274932861328 0
61.47429275512695 0
255.35475158691406 0
80.38945770263672 0
4.728791236877441 0
23.643959045410156 0
28.37274932861328 0
127.67737579345703 0
23.643959045410156 0
52.016700744628906 0
28.37274932861328 0
28.37274932861328 0
23.643959045410156 0
14.18637466430664 0
56.74549865722656 0
9.457582473754883 0
28.37274932861328 0
4.728791236877441 0
18.915164947509766 0
160.77891540527344 0
18.915164947509766 0
4.728791236877441 0
14.18637466430664 0
28.37274932861328 0
14.18637466430664 0
33.10154342651367 0
23.643959045410156 0
9.457582473754883 0
33.10154342651367 0
61.47429275512695 0
9.457582473754883 1
28.37274932861328 0
108.76220703125 0
56.74549865722656 0
23.643959045410156 0
9.457582473754883 0
4.728791236877441 0
71.936279296875 0
2.091029167175293 0
3.8035833835601807 0
25.631803512573242 0
29.361745834350586 0
108.32978820800781 0
22.22681999206543 0
53.34436798095703 0
302.2847595214844 0
198.6092529296875 0
321.5578308105469 0
435.048828125 0
9.457582473754883 0
9.457582473754883 0
9.457582473754883 0
198.6092529296875 0
472.8791198730469 0
118.21977996826172 0
66.20308685302734 0
33.10154342651367 0
137.13494873046875 0
18.915164947509766 0
586.3701782226562 0
14.18637466430664 0
643.1156616210938 0
47.28791809082031 0
18.915164947509766 0
397.218505859375 0
52.016700744628906 0
47.28791809082031 0
47.28791809082031 0
33.10154342651367 0
33.10154342651367 0
321.5578308105469 0
18.915164947509766 0
28.37274932861328 0
18.915164947509766 0
28.37274932861328 0
548.539794921875 0
14.18637466430664 0
37.83032989501953 0
18.915164947509766 0
118.21977996826172 0
118.21977996826172 0
33.10154342651367 0
236.43955993652344 0
23.643959045410156 0
18.915164947509766 0
274.2698974609375 0
14.18637466430664 0
47.28791809082031 0
23.643959045410156 0
23.643959045410156 0
37.83032989501953 0
146.59254455566406 0
9.457582473754883 0
28.37274932861328 0
4.728791236877441 0
89.84703826904297 0
108.76220703125 0
9.457582473754883 0
18.915164947509766 0
37.83032989501953 0
9.457582473754883 0
47.28791809082031 0
118.21977996826172 0
14.18637466430664 0
14.18637466430664 0
80.38945770263672 0
23.643959045410156 0
33.10154342651367 0
19.154495239257812 0
57.46348190307617 1
3.262416362762451 0
23.643959045410156 0
80.38945770263672 0
14.18637466430664 0
3.1365437507629395 0
33.10154342651367 0
3.1365437507629395 0
5.7053751945495605 0
1.9017916917800903 0
22.78382682800293 0
29.361745834350586 0
81.5604019165039 0
127.00733947753906 0
62.2350959777832 0
57.789730072021484 0
17.78145408630371 0
302.2847595214844 0
23.643959045410156 0
28.37274932861328 0
9.457582473754883 0
718.7763061523438 0
4.728791236877441 0
321.5578308105469 0
4.728791236877441 0
718.7763061523438 0
28.37274932861328 0
4.728791236877441 0
61.47429275512695 0
18.915164947509766 0
42.559120178222656 0
33.10154342651367 0
1021.4190063476562 0
4.728791236877441 0
18.915164947509766 0
23.643959045410156 0
9.457582473754883 0
99.30462646484375 0
23.643959045410156 0
28.37274932861328 0
359.3881530761719 0
18.915164947509766 0
118.21977996826172 0
33.10154342651367 0
28.37274932861328 0
66.20308685302734 0
37.83032989501953 0
217.5244140625 0
23.643959045410156 0
33.10154342651367 0
9.457582473754883 0
42.559120178222656 0
255.35475158691406 0
47.28791809082031 0
4.728791236877441 0
56.74549865722656 0
18.915164947509766 0
127.67737579345703 0
14.18637466430664 0
52.016700744628906 0
9.457582473754883 0
18.915164947509766 0
9.457582473754883 0
23.643959045410156 0
28.37274932861328 0
127.67737579345703 0
80.38945770263672 0
80.38945770263672 0
23.643959045410156 0
14.18637466430664 0
47.28791809082031 0
14.18637466430664 0
9.457582473754883 0
42.559120178222656 1
37.83032989501953 0
13.336091995239258 0
9.457582473754883 0
23.643959045410156 0
23.643959045410156 0
80.38945770263672 0
3.1365437507629395 0
3.8035833835601807 0
5.695956707000732 0
61.98591613769531 0
100.85877227783203 0
48.56163024902344 0
408.9734802246094 0
53.34436798095703 0
18.915164947509766 0
52.016700744628906 0
510.7095031738281 0
179.69407653808594 0
359.3881530761719 0
1021.4190063476562 0
108.76220703125 0
9.457582473754883 0
718.7763061523438 0
472.8791198730469 0
137.13494873046875 0
37.83032989501953 0
33.10154342651367 0
293.1850891113281 0
18.915164947509766 0
14.18637466430664 0
37.83032989501953 0
37.83032989501953 0
137.13494873046875 0
146.59254455566406 0
118.21977996826172 0
66.20308685302734 0
146.59254455566406 0
89.84703826904297 0
9.457582473754883 0
255.35475158691406 0
108.76220703125 0
14.18637466430664 0
9.457582473754883 0
236.43955993652344 0
66.20308685302734 0
89.84703826904297 0
80.38945770263672 0
89.84703826904297 0
217.5244140625 0
99.30462646484375 0
70.93186950683594 0
4.728791236877441 0
47.28791809082031 0
18.915164947509766 0
33.10154342651367 0
18.915164947509766 0
274.2698974609375 0
28.37274932861328 0
42.559120178222656 0
28.37274932861328 0
14.18637466430664 0
37.83032989501953 0
9.457582473754883 0
18.915164947509766 0
47.28791809082031 0
14.18637466430664 0
4.728791236877441 0
23.643959045410156 0
18.915164947509766 0
31.92416000366211 1
14.18637466430664 0
7.318602085113525 0
14.18637466430664 0
42.559120178222656 0
9.457582473754883 0
47.28791809082031 0
33.10154342651367 0
9.457582473754883 0
47.28791809082031 0
37.83032989501953 0
14.18637466430664 0
2.091029167175293 0
39.93762969970703 0
39.87169647216797 0
19.574501037597656 0
123.97183227539062 0
39.14900207519531 0
44.82612228393555 0
26.148571014404297 0
254.01467895507812 0
41.090606689453125 0
675.6953125 0
337.84765625 0
643.1156616210938 0
47.28791809082031 0
23.643959045410156 0
548.539794921875 0
14.18637466430664 0
23.643959045410156 0
18.915164947509766 0
23.643959045410156 0
870.09765625 0
33.10154342651367 0
99.30462646484375 0
146.59254455566406 0
47.28791809082031 0
397.218505859375 0
14.18637466430664 0
70.93186950683594 0
255.35475158691406 0
37.83032989501953 0
9.457582473754883 0
33.10154342651367 0
794.43701171875 0
80.38945770263672 0
99.30462646484375 0
18.915164947509766 0
70.93186950683594 0
33.10154342651367 0
9.457582473754883 0
255.35475158691406 0
89.84703826904297 0
99.30462646484375 0
4.728791236877441 0
359.3881530761719 0
108.76220703125 0
14.18637466430664 0
4.728791236877441 0
14.18637466430664 0
33.10154342651367 0
14.18637466430664 0
18.915164947509766 0
14.18637466430664 0
14.18637466430664 0
14.18637466430664 0
28.37274932861328 0
14.18637466430664 0
18.915164947509766 0
56.74549865722656 0
14.18637466430664 0
33.10154342651367 0
18.915164947509766 0
47.28791809082031 0
118.21977996826172 1
70.93186950683594 0
33.10154342651367 0
8.364116668701172 0
19.017919540405273 0
48.41563415527344 0
22.78382682800293 0
68.51074981689453 0
33.61958694458008 0
216.65957641601562 0
93.35264587402344 0
222.26817321777344 0
4.728791236877441 0
4.728791236877441 0
160.77891540527344 0
359.3881530761719 0
18.915164947509766 0
47.28791809082031 0
23.643959045410156 0
47.28791809082031 0
42.559120178222656 0
118.21977996826172 0
236.43955993652344 0
718.7763061523438 0
42.559120178222656 0
321.5578308105469 0
718.7763061523438 0
14.18637466430664 0
80.38945770263672 0
99.30462646484375 0
435.048828125 0
472.8791198730469 0
4.728791236877441 0
14.18637466430664 0
18.915164947509766 0
28.37274932861328 0
47.28791809082031 0
472.8791198730469 0
47.28791809082031 0
80.38945770263672 0
127.67737579345703 0
4.728791236877441 0
89.84703826904297 0
37.83032989501953 0
198.6092529296875 0
217.5244140625 0
18.915164947509766 0
118.21977996826172 0
37.83032989501953 0
127.67737579345703 0
56.74549865722656 0
89.84703826904297 0
37.83032989501953 0
14.18637466430664 0
61.47429275512695 0
18.915164947509766 0
33.10154342651367 0
14.18637466430664 0
37.83032989501953 0
23.643959045410156 0
47.28791809082031 0
4.728791236877441 0
118.21977996826172 0
14.18637466430664 0
47.28791809082031 1
9.457582473754883 0
28.37274932861328 0
28.37274932861328 0
33.10154342651367 0
70.93186950683594 0
4.728791236877441 0
18.915164947509766 0
2.091029167175293 0
9.508959770202637 0
8.543935775756836 0
2.847978353500366 0
42.411415100097656 0
156.8914337158203 0
14.942038536071777 0
201.71754455566406 0
13.336091995239258 0
186.70529174804688 0
84.4619140625 0
14.18637466430664 0
9.457582473754883 0
14.18637466430664 0
945.7582397460938 0
18.915164947509766 0
548.539794921875 0
1286.2313232421875 0
127.67737579345703 0
89.84703826904297 0
4.728791236877441 0
1172.7403564453125 0
18.915164947509766 0
146.59254455566406 0
146.59254455566406 0
160.77891540527344 0
33.10154342651367 0
548.539794921875 0
18.915164947509766 0
33.10154342651367 0
14.18637466430664 0
255.35475158691406 0
198.6092529296875 0
47.28791809082031 0
14.18637466430664 0
108.76220703125 0
4.728791236877441 0
4.728791236877441 0
28.37274932861328 0
137.13494873046875 0
160.77891540527344 0
9.457582473754883 0
9.457582473754883 0
4.728791236877441 0
127.67737579345703 0
80.38945770263672 0
18.915164947509766 0
127.67737579345703 0
14.18637466430664 0
18.915164947509766 0
47.28791809082031 0
23.643959045410156 0
89.84703826904297 0
56.74549865722656 0
66.20308685302734 0
108.76220703125 0
70.93186950683594 0
89.84703826904297 0
9.457582473754883 0
14.18637466430664 0
18.915164947509766 0
9.457582473754883 0
9.457582473754883 1
9.457582473754883 0
28.37274932861328 0
14.18637466430664 0
2.091029167175293 0
6.273087501525879 0
3.8035833835601807 0
5.695956707000732 0
6.524832725524902 0
16.312084197998047 0
3.7355096340179443 0
41.090606689453125 0
18.67755126953125 0
480.0993347167969 0
8.890727043151855 0
9.457582473754883 0
472.8791198730469 0
42.559120178222656 0
179.69407653808594 0
146.59254455566406 0
945.7582397460938 0
18.915164947509766 0
52.016700744628906 0
28.37274932861328 0
472.8791198730469 0
61.47429275512695 0
160.77891540527344 0
472.8791198730469 0
9.457582473754883 0
33.10154342651367 0
14.18637466430664 0
718.7763061523438 0
66.20308685302734 0
9.457582473754883 0
33.10154342651367 0
28.37274932861328 0
18.915164947509766 0
4.728791236877441 0
4.728791236877441 0
217.5244140625 0
52.016700744628906 0
321.5578308105469 0
4.728791236877441 0
14.18637466430664 0
28.37274932861328 0
146.59254455566406 0
52.016700744628906 0
99.30462646484375 0
33.10154342651367 0
70.93186950683594 0
23.643959045410156 0
127.67737579345703 0
23.643959045410156 0
37.83032989501953 0
89.84703826904297 0
14.18637466430664 0
14.18637466430664 0
160.77891540527344 0
23.643959045410156 0
42.559120178222656 0
4.728791236877441 0
47.28791809082031 0
9.457582473754883 0
33.10154342651367 0
61.47429275512695 0
89.84703826904297 0
9.457582473754883 0
37.83032989501953 0
89.84703826904297 0
28.37274932861328 0
23.643959045410156 0
18.915164947509766 0
28.37274932861328 0
28.37274932861328 0
14.18637466430664 1
28.37274932861328 0
28.37274932861328 0
4.728791236877441 0
18.915164947509766 0
3.1365437507629395 0
5.7053751945495605 0
37.02371597290039 0
8.543935775756836 0
14.23989200592041 0
176.17050170898438 0
254.01467895507812 0
7.471019268035889 0
26.672183990478516 0
480.0993347167969 0
26.672183990478516 0
56.74549865722656 0
321.5578308105469 0
274.2698974609375 0
718.7763061523438 0
80.38945770263672 0
18.915164947509766 0
14.18637466430664 0
359.3881530761719 0
397.218505859375 0
42.559120178222656 0
236.43955993652344 0
4.728791236877441 0
14.18637466430664 0
359.3881530761719 0
510.7095031738281 0
321.5578308105469 0
89.84703826904297 0
37.83032989501953 0
9.457582473754883 0
23.643959045410156 0
179.69407653808594 0
586.3701782226562 0
99.30462646484375 0
4.728791236877441 0
108.76220703125 0
28.37274932861328 0
127.67737579345703 0
37.83032989501953 0
236.43955993652344 0
4.728791236877441 0
9.457582473754883 0
52.016700744628906 0
217.5244140625 0
108.76220703125 0
198.6092529296875 0
146.59254455566406 0
99.30462646484375 0
33.10154342651367 0
9.457582473754883 0
9.457582473754883 0
37.83032989501953 0
23.643959045410156 0
179.69407653808594 0
118.21977996826172 0
33.10154342651367 0
47.28791809082031 0
66.20308685302734 0
37.83032989501953 0
42.559120178222656 0
217.5244140625 0
33.10154342651367 0
42.559120178222656 0
37.83032989501953 0
18.915164947509766 0
4.728791236877441 0
80.38945770263672 0
14.18637466430664 0
12.769662857055664 1
9.457582473754883 0
28.37274932861328 0
18.915164947509766 0
14.18637466430664 0
37.83032989501953 0
2.091029167175293 0
3.8035833835601807 0
48.41563415527344 0
45.673831939697266 0
101.1349105834961 0
11.206530570983887 0
63.50366973876953 0
53.34436798095703 0
204.4867401123047 0
13.336091995239258 0
13.336091995239258 0
179.69407653808594 0
321.5578308105469 0
548.539794921875 0
37.83032989501953 0
80.38945770263672 0
293.1850891113281 0
14.18637466430664 0
9.457582473754883 0
4.728791236877441 0
586.3701782226562 0
80.38945770263672 0
18.915164947509766 0
9.457582473754883 0
255.35475158691406 0
146.59254455566406 0
945.7582397460938 0
9.457582473754883 0
56.74549865722656 0
643.1156616210938 0
14.18637466430664 0
14.18637466430664 0
47.28791809082031 0
217.5244140625 0
33.10154342651367 0
56.74549865722656 0
236.43955993652344 0
9.457582473754883 0
9.457582473754883 0
14.18637466430664 0
236.43955993652344 0
66.20308685302734 0
42.559120178222656 0
80.38945770263672 0
14.18637466430664 0
9.457582473754883 0
23.643959045410156 0
56.74549865722656 0
4.728791236877441 0
18.915164947509766 0
80.38945770263672 0
80.38945770263672 0
9.457582473754883 0
37.83032989501953 0
33.10154342651367 0
33.10154342651367 0
4.728791236877441 0
47.28791809082031 0
23.643959045410156 0
33.10154342651367 0
42.559120178222656 0
51.078651428222656 0
79.92920684814453 1
29.361745834350586 0
89.84703826904297 0
14.18637466430664 0
99.30462646484375 0
2.091029167175293 0
3.8035833835601807 0
11.391913414001465 0
189.2201385498047 0
283.89874267578125 0
13.336091995239258 0
17.78145408630371 0
480.0993347167969 0
14.18637466430664 0
80.38945770263672 0
61.47429275512695 0
1172.7403564453125 0
137.13494873046875 0
80.38945770263672 0
945.7582397460938 0
47.28791809082031 0
28.37274932861328 0
33.10154342651367 0
548.539794921875 0
9.457582473754883 0
89.84703826904297 0
9.457582473754883 0
14.18637466430664 0
14.18637466430664 0
70.93186950683594 0
718.7763061523438 0
70.93186950683594 0
14.18637466430664 0
61.47429275512695 0
274.2698974609375 0
33.10154342651367 0
66.20308685302734 0
118.21977996826172 0
56.74549865722656 0
18.915164947509766 0
23.643959045410156 0
435.048828125 0
9.457582473754883 0
28.37274932861328 0
42.559120178222656 0
66.20308685302734 0
4.728791236877441 0
9.457582473754883 0
52.016700744628906 0
4.728791236877441 0
37.83032989501953 0
14.18637466430664 0
47.28791809082031 0
37.83032989501953 0
56.74549865722656 0
37.83032989501953 0
9.457582473754883 1
28.47978401184082 0
14.18637466430664 0
37.83032989501953 0
18.915164947509766 0
28.37274932861328 0
14.18637466430664 0
33.10154342651367 0
14.18637466430664 0
14.18637466430664 0
14.18637466430664 0
23.643959045410156 0
9.457582473754883 0
14.18637466430664 0
89.84703826904297 0
14.18637466430664 0
31.971681594848633 0
47.957523345947266 0
39.964603424072266 0
63.943363189697266 0
55.95044708251953 0
63.943363189697266 0
167.85133361816406 0
2.091029167175293 0
3.8035833835601807 0
7.607166767120361 0
25.631803512573242 0
37.02371597290039 0
16.312084197998047 0
61.98591613769531 0
75.03558349609375 0
39.14900207519531 0
14.942038536071777 0
254.01467895507812 0
70.97468566894531 0
22.22681999206543 0
13.336091995239258 0
93.35264587402344 0
746.8211669921875 0
17.78145408630371 0
275.6125793457031 0
18.915164947509766 0
33.10154342651367 0
14.18637466430664 0
108.76220703125 0
137.13494873046875 0
510.7095031738281 0
89.84703826904297 0
23.643959045410156 0
14.18637466430664 0
14.18637466430664 0
18.915164947509766 0
321.5578308105469 0
236.43955993652344 0
397.218505859375 0
359.3881530761719 0
80.38945770263672 0
321.5578308105469 0
14.18637466430664 0
160.77891540527344 0
47.28791809082031 0
321.5578308105469 0
160.77891540527344 0
4.728791236877441 0
66.20308685302734 0
18.915164947509766 0
42.559120178222656 0
9.457582473754883 0
118.21977996826172 0
47.28791809082031 0
47.28791809082031 0
47.28791809082031 0
33.10154342651367 0
14.18637466430664 0
28.37274932861328 0
9.457582473754883 0
56.74549865722656 0
14.18637466430664 0
33.10154342651367 0
56.74549865722656 0
9.457582473754883 0
9.457582473754883 0
37.83032989501953 0
33.10154342651367 0
42.559120178222656 0
14.18637466430664 0
9.457582473754883 0
9.457582473754883 0
14.18637466430664 0
42.559120178222656 0
18.915164947509766 0
14.18637466430664 0
28.37274932861328 0
9.457582473754883 0
118.21977996826172 0
18.915164947509766 0
14.18637466430664 0
80.38945770263672 0
56.74549865722656 0
14.18637466430664 0
18.915164947509766 0
23.643959045410156 0
23.643959045410156 0
18.915164947509766 0
33.10154342651367 0
18.915164947509766 0
18.915164947509766 0
14.18637466430664 0
18.915164947509766 1
14.18637466430664 0
2.091029167175293 0
3.8035833835601807 0
22.78382682800293 0
6.524832725524902 0
85.91673278808594 0
66.68045806884766 0
18.915164947509766 0
4.728791236877441 0
9.457582473754883 0
33.10154342651367 0
198.6092529296875 0
9.457582473754883 0
52.016700744628906 0
14.18637466430664 0
321.5578308105469 0
4.728791236877441 0
108.76220703125 0
198.6092529296875 0
14.18637466430664 0
1097.07958984375 0
47.28791809082031 0
794.43701171875 0
870.09765625 0
70.93186950683594 0
137.13494873046875 0
586.3701782226562 0
28.37274932861328 0
4.728791236877441 0
18.915164947509766 0
118.21977996826172 0
293.1850891113281 0
37.83032989501953 0
28.37274932861328 0
99.30462646484375 0
293.1850891113281 0
9.457582473754883 0
66.20308685302734 0
80.38945770263672 0
255.35475158691406 0
18.915164947509766 0
14.18637466430664 0
14.18637466430664 0
127.67737579345703 0
52.016700744628906 0
14.18637466430664 0
14.18637466430664 0
127.67737579345703 0
4.728791236877441 0
14.18637466430664 0
18.915164947509766 0
146.59254455566406 0
33.10154342651367 0
99.30462646484375 0
23.643959045410156 0
70.93186950683594 0
4.728791236877441 0
33.10154342651367 0
179.69407653808594 0
56.74549865722656 0
28.37274932861328 0
18.915164947509766 0
9.457582473754883 0
37.83032989501953 0
70.93186950683594 0
146.59254455566406 0
9.457582473754883 0
80.38945770263672 0
47.28791809082031 0
51.078651428222656 1
8.890727043151855 0
18.915164947509766 0
18.915164947509766 0
14.18637466430664 0
66.20308685302734 0
61.47429275512695 0
23.643959045410156 0
89.84703826904297 0
28.37274932861328 0
4.728791236877441 0
17.77374839782715 0
5.7053751945495605 0
15.214333534240723 0
59.80754852294922 0
101.1349105834961 0
231.60162353515625 0
44.82612228393555 0
444.5363464355469 0
604.5695190429688 0
17.78145408630371 0
643.1156616210938 0
14.18637466430664 0
179.69407653808594 0
33.10154342651367 0
945.7582397460938 0
9.457582473754883 0
9.457582473754883 0
9.457582473754883 0
397.218505859375 0
14.18637466430664 0
108.76220703125 0
118.21977996826172 0
198.6092529296875 0
18.915164947509766 0
28.37274932861328 0
870.09765625 0
23.643959045410156 0
4.728791236877441 0
28.37274932861328 0
9.457582473754883 0
236.43955993652344 0
18.915164947509766 0
14.18637466430664 0
80.38945770263672 0
52.016700744628906 0
14.18637466430664 0
118.21977996826172 0
18.915164947509766 0
14.18637466430664 0
89.84703826904297 0
70.93186950683594 0
160.77891540527344 0
99.30462646484375 0
14.18637466430664 0
18.915164947509766 0
18.915164947509766 0
9.457582473754883 0
28.37274932861328 0
9.457582473754883 0
14.18637466430664 0
99.30462646484375 0
18.915164947509766 0
28.37274932861328 0
37.83032989501953 0
47.28791809082031 1
4.728791236877441 0
137.13494873046875 0
42.559120178222656 0
4.728791236877441 0
37.83032989501953 0
14.18637466430664 0
18.915164947509766 0
9.457582473754883 0
4.728791236877441 0
18.915164947509766 0
14.18637466430664 0
63.84832000732422 0
15.985840797424316 0
3.1365437507629395 0
7.607166767120361 0
37.02371597290039 0
22.836915969848633 0
9.787250518798828 0
14.942038536071777 0
70.97468566894531 0
75.5711898803711 0
240.04966735839844 0
127.67737579345703 0
89.84703826904297 0
510.7095031738281 0
397.218505859375 0
28.37274932861328 0
586.3701782226562 0
47.28791809082031 0
23.643959045410156 0
321.5578308105469 0
137.13494873046875 0
321.5578308105469 0
33.10154342651367 0
718.7763061523438 0
9.457582473754883 0
397.218505859375 0
4.728791236877441 0
23.643959045410156 0
236.43955993652344 0
33.10154342651367 0
37.83032989501953 0
18.915164947509766 0
70.93186950683594 0
255.35475158691406 0
37.83032989501953 0
198.6092529296875 0
127.67737579345703 0
23.643959045410156 0
66.20308685302734 0
359.3881530761719 0
80.38945770263672 0
23.643959045410156 0
18.915164947509766 0
397.218505859375 0
118.21977996826172 0
4.728791236877441 0
37.83032989501953 0
9.457582473754883 0
33.10154342651367 0
66.20308685302734 0
9.457582473754883 0
47.28791809082031 0
99.30462646484375 0
66.20308685302734 0
33.10154342651367 0
14.18637466430664 0
28.37274932861328 0
14.18637466430664 0
61.47429275512695 0
42.559120178222656 0
42.559120178222656 0
18.915164947509766 0
33.10154342651367 0
14.18637466430664 1
16.312084197998047 0
14.18637466430664 0
18.915164947509766 0
160.77891540527344 0
14.18637466430664 0
2.091029167175293 0
3.8035833835601807 0
5.695956707000732 0
123.97183227539062 0
171.83346557617188 0
26.672183990478516 0
373.41058349609375 0
4.728791236877441 0
4.728791236877441 0
870.09765625 0
9.457582473754883 0
9.457582473754883 0
33.10154342651367 0
945.7582397460938 0
18.915164947509766 0
4.728791236877441 0
9.457582473754883 0
14.18637466430664 0
586.3701782226562 0
9.457582473754883 0
9.457582473754883 0
28.37274932861328 0
274.2698974609375 0
643.1156616210938 0
28.37274932861328 0
4.728791236877441 0
18.915164947509766 0
548.539794921875 0
9.457582473754883 0
4.728791236877441 0
14.18637466430664 0
4.728791236877441 0
42.559120178222656 0
160.77891540527344 0
99.30462646484375 0
23.643959045410156 0
18.915164947509766 0
56.74549865722656 0
4.728791236877441 0
108.76220703125 0
33.10154342651367 0
70.93186950683594 0
160.77891540527344 0
47.28791809082031 0
108.76220703125 0
47.28791809082031 0
14.18637466430664 0
118.21977996826172 0
61.47429275512695 0
42.559120178222656 0
18.915164947509766 0
37.83032989501953 0
37.83032989501953 0
14.18637466430664 0
14.18637466430664 0
14.18637466430664 0
23.643959045410156 0
14.18637466430664 0
9.457582473754883 0
14.18637466430664 0
23.643959045410156 1
56.74549865722656 0
37.83032989501953 0
4.728791236877441 0
4.182058334350586 0
3.8035833835601807 0
28.47978401184082 0
137.02149963378906 0
156.8914337158203 0
93.38774108886719 0
337.84765625 0
22.22681999206543 0
643.1156616210938 0
56.74549865722656 0
9.457582473754883 0
1437.5526123046875 0
179.69407653808594 0
9.457582473754883 0
548.539794921875 0
89.84703826904297 0
47.28791809082031 0
18.915164947509766 0
14.18637466430664 0
794.43701171875 0
80.38945770263672 0
9.457582473754883 0
37.83032989501953 0
80.38945770263672 0
9.457582473754883 0
56.74549865722656 0
47.28791809082031 0
472.8791198730469 0
37.83032989501953 0
4.728791236877441 0
255.35475158691406 0
160.77891540527344 0
14.18637466430664 0
18.915164947509766 0
472.8791198730469 0
217.5244140625 0
80.38945770263672 0
99.30462646484375 0
33.10154342651367 0
37.83032989501953 0
70.93186950683594 0
89.84703826904297 0
108.76220703125 0
23.643959045410156 0
66.20308685302734 0
37.83032989501953 0
37.83032989501953 0
18.915164947509766 0
47.28791809082031 0
33.10154342651367 0
33.10154342651367 0
9.457582473754883 0
33.10154342651367 0
14.18637466430664 0
28.37274932861328 0
47.28791809082031 0
4.728791236877441 0
14.18637466430664 0
28.37274932861328 1
7.471019268035889 0
33.10154342651367 0
2.091029167175293 0
3.8035833835601807 0
22.78382682800293 0
39.14900207519531 0
108.32978820800781 0
408.9734802246094 0
44.45363998413086 0
718.7763061523438 0
56.74549865722656 0
47.28791809082031 0
14.18637466430664 0
794.43701171875 0
99.30462646484375 0
14.18637466430664 0
198.6092529296875 0
945.7582397460938 0
217.5244140625 0
80.38945770263672 0
118.21977996826172 0
4.728791236877441 0
1021.4190063476562 0
99.30462646484375 0
160.77891540527344 0
14.18637466430664 0
472.8791198730469 0
255.35475158691406 0
118.21977996826172 0
80.38945770263672 0
397.218505859375 0
217.5244140625 0
127.67737579345703 0
33.10154342651367 0
89.84703826904297 0
33.10154342651367 0
80.38945770263672 0
89.84703826904297 0
4.728791236877441 0
42.559120178222656 0
80.38945770263672 0
9.457582473754883 0
23.643959045410156 0
47.28791809082031 0
56.74549865722656 0
37.83032989501953 0
18.915164947509766 0
28.37274932861328 0
14.18637466430664 0
18.915164947509766 0
14.18637466430664 0
18.915164947509766 0
23.643959045410156 0
14.18637466430664 0
33.10154342651367 1
66.20308685302734 0
14.18637466430664 0
14.18637466430664 0
61.47429275512695 0
2.091029167175293 0
3.8035833835601807 0
5.695956707000732 0
19.574501037597656 0
81.5604019165039 0
254.01467895507812 0
11.206530570983887 0
302.2847595214844 0
151.1423797607422 0
75.5711898803711 0
9.457582473754883 0
42.559120178222656 0
643.1156616210938 0
99.30462646484375 0
14.18637466430664 0
23.643959045410156 0
37.83032989501953 0
510.7095031738281 0
9.457582473754883 0
236.43955993652344 0
179.69407653808594 0
61.47429275512695 0
435.048828125 0
61.47429275512695 0
14.18637466430664 0
37.83032989501953 0
435.048828125 0
127.67737579345703 0
217.5244140625 0
42.559120178222656 0
472.8791198730469 0
47.28791809082031 0
9.457582473754883 0
52.016700744628906 0
160.77891540527344 0
56.74549865722656 0
9.457582473754883 0
137.13494873046875 0
66.20308685302734 0
18.915164947509766 0
80.38945770263672 0
23.643959045410156 0
255.35475158691406 0
61.47429275512695 0
9.457582473754883 0
89.84703826904297 0
9.457582473754883 0
137.13494873046875 0
118.21977996826172 0
14.18637466430664 0
37.83032989501953 0
42.559120178222656 0
14.18637466430664 0
14.18637466430664 0
89.84703826904297 0
4.728791236877441 0
28.37274932861328 0
9.457582473754883 0
61.47429275512695 0
160.77891540527344 0
118.21977996826172 0
89.84703826904297 0
18.915164947509766 0
14.18637466430664 0
14.18637466430664 0
108.76220703125 0
14.18637466430664 0
18.915164947509766 0
37.83032989501953 0
42.559120178222656 0
14.18637466430664 0
9.457582473754883 0
37.83032989501953 0
14.18637466430664 1
16.312084197998047 0
18.67755126953125 0
9.457582473754883 0
23.643959045410156 0
14.18637466430664 0
14.18637466430664 0
23.643959045410156 0
18.915164947509766 0
6.273087501525879 0
7.471019268035889 0
37.83032989501953 0
23.978761672973633 0
1.0455145835876465 0
2.091029167175293 0
3.8035833835601807 0
17.087871551513672 0
8.543935775756836 0
75.03558349609375 0
88.08525085449219 0
11.206530570983887 0
254.01467895507812 0
408.9734802246094 0
4.445363521575928 0
33.10154342651367 0
52.016700744628906 0
28.37274932861328 0
89.84703826904297 0
1097.07958984375 0
61.47429275512695 0
14.18637466430664 0
42.559120178222656 0
146.59254455566406 0
23.643959045410156 0
1740.1953125 0
9.457582473754883 0
14.18637466430664 0
9.457582473754883 0
14.18637466430664 0
70.93186950683594 0
794.43701171875 0
66.20308685302734 0
56.74549865722656 0
14.18637466430664 0
14.18637466430664 0
18.915164947509766 0
127.67737579345703 0
870.09765625 0
23.643959045410156 0
9.457582473754883 0
9.457582473754883 0
14.18637466430664 0
359.3881530761719 0
9.457582473754883 0
293.1850891113281 0
33.10154342651367 0
14.18637466430664 0
28.37274932861328 0
37.83032989501953 0
472.8791198730469 0
18.915164947509766 0
47.28791809082031 0
23.643959045410156 0
160.77891540527344 0
179.69407653808594 0
23.643959045410156 0
42.559120178222656 0
9.457582473754883 0
160.77891540527344 0
18.915164947509766 0
37.83032989501953 0
160.77891540527344 0
14.18637466430664 0
47.28791809082031 0
9.457582473754883 0
33.10154342651367 0
9.457582473754883 0
23.643959045410156 0
146.59254455566406 1
23.643959045410156 0
33.10154342651367 0
179.69407653808594 0
89.84703826904297 0
14.18637466430664 0
3.1365437507629395 0
3.8035833835601807 0
14.23989200592041 0
48.41563415527344 0
17.087871551513672 0
75.03558349609375 0
13.049665451049805 0
45.673831939697266 0
3.7355096340179443 0
18.67755126953125 0
186.77548217773438 0
44.82612228393555 0
35.56290817260742 0
240.04966735839844 0
35.56290817260742 0
8.890727043151855 0
222.26817321777344 0
56.74549865722656 0
255.35475158691406 0
42.559120178222656 0
359.3881530761719 0
359.3881530761719 0
80.38945770263672 0
321.5578308105469 0
179.69407653808594 0
321.5578308105469 0
33.10154342651367 0
397.218505859375 0
28.37274932861328 0
472.8791198730469 0
23.643959045410156 0
2042.8380126953125 0
89.84703826904297 0
108.76220703125 0
33.10154342651367 0
23.643959045410156 0
47.28791809082031 0
18.915164947509766 0
146.59254455566406 0
89.84703826904297 0
70.93186950683594 0
18.915164947509766 0
47.28791809082031 0
28.37274932861328 0
127.67737579345703 0
28.37274932861328 0
146.59254455566406 0
33.10154342651367 0
33.10154342651367 0
99.30462646484375 0
70.93186950683594 0
4.728791236877441 0
160.77891540527344 0
52.016700744628906 0
28.37274932861328 0
89.84703826904297 0
23.643959045410156 0
33.10154342651367 0
37.83032989501953 0
23.643959045410156 0
28.37274932861328 0
28.37274932861328 0
80.38945770263672 0
23.643959045410156 0
66.20308685302734 0
61.47429275512695 0
108.76220703125 0
23.643959045410156 0
28.37274932861328 0
14.18637466430664 0
66.20308685302734 0
9.457582473754883 0
9.457582473754883 0
23.643959045410156 0
31.971681594848633 1
37.83032989501953 0
47.28791809082031 0
14.18637466430664 0
66.20308685302734 0
9.409631729125977 0
26.62508773803711 0
19.017919540405273 0
14.23989200592041 0
5.695956707000732 0
61.98591613769531 0
48.936248779296875 0
3.7355096340179443 0
127.00733947753906 0
11.206530570983887 0
254.01467895507812 0
22.22681999206543 0
35.56290817260742 0
257.8310852050781 0
66.68045806884766 0
373.41058349609375 0
255.35475158691406 0
179.69407653808594 0
643.1156616210938 0
14.18637466430664 0
18.915164947509766 0
18.915164947509766 0
118.21977996826172 0
236.43955993652344 0
435.048828125 0
4.728791236877441 0
9.457582473754883 0
9.457582473754883 0
14.18637466430664 0
179.69407653808594 0
359.3881530761719 0
510.7095031738281 0
70.93186950683594 0
33.10154342651367 0
9.457582473754883 0
9.457582473754883 0
9.457582473754883 0
14.18637466430664 0
160.77891540527344 0
255.35475158691406 0
23.643959045410156 0
160.77891540527344 0
14.18637466430664 0
9.457582473754883 0
47.28791809082031 0
28.37274932861328 0
18.915164947509766 0
66.20308685302734 0
118.21977996826172 0
179.69407653808594 0
23.643959045410156 0
9.457582473754883 0
23.643959045410156 0
198.6092529296875 0
89.84703826904297 0
33.10154342651367 0
99.30462646484375 0
274.2698974609375 0
179.69407653808594 0
23.643959045410156 0
28.37274932861328 0
28.37274932861328 0
70.93186950683594 0
47.28791809082031 0
47.28791809082031 0
89.84703826904297 0
127.67737579345703 0
9.457582473754883 0
118.21977996826172 0
137.13494873046875 0
9.457582473754883 0
9.457582473754883 0
37.83032989501953 0
137.13494873046875 0
9.457582473754883 0
33.10154342651367 0
9.457582473754883 0
37.83032989501953 0
19.154495239257812 1
4.728791236877441 0
4.182058334350586 0
5.7053751945495605 0
37.02371597290039 0
3.262416362762451 0
137.02149963378906 0
14.942038536071777 0
11.206530570983887 0
254.01467895507812 0
11.206530570983887 0
22.413061141967773 0
3.7355096340179443 0
26.672183990478516 0
746.8211669921875 0
13.336091995239258 0
118.21977996826172 0
18.915164947509766 0
9.457582473754883 0
945.7582397460938 0
14.18637466430664 0
198.6092529296875 0
18.915164947509766 0
945.7582397460938 0
33.10154342651367 0
18.915164947509766 0
4.728791236877441 0
18.915164947509766 0
4.728791236877441 0
718.7763061523438 0
66.20308685302734 0
108.76220703125 0
160.77891540527344 0
70.93186950683594 0
643.1156616210938 0
70.93186950683594 0
14.18637466430664 0
42.559120178222656 0
18.915164947509766 0
179.69407653808594 0
14.18637466430664 0
118.21977996826172 0
99.30462646484375 0
9.457582473754883 0
23.643959045410156 0
23.643959045410156 0
23.643959045410156 0
18.915164947509766 0
198.6092529296875 0
33.10154342651367 0
42.559120178222656 0
18.915164947509766 0
23.643959045410156 0
9.457582473754883 0
9.457582473754883 0
4.728791236877441 0
66.20308685302734 0
9.457582473754883 0
23.643959045410156 0
14.18637466430664 0
56.74549865722656 0
47.28791809082031 0
9.457582473754883 0
18.915164947509766 0
70.93186950683594 1
9.457582473754883 0
80.38945770263672 0
14.18637466430664 0
23.643959045410156 0
14.18637466430664 0
2.091029167175293 0
1.9017916917800903 0
22.78382682800293 0
189.2201385498047 0
313.7828674316406 0
37.3551025390625 0
13.336091995239258 0
84.4619140625 0
302.2847595214844 0
99.30462646484375 0
9.457582473754883 0
643.1156616210938 0
321.5578308105469 0
146.59254455566406 0
586.3701782226562 0
66.20308685302734 0
9.457582473754883 0
70.93186950683594 0
794.43701171875 0
18.915164947509766 0
47.28791809082031 0
33.10154342651367 0
118.21977996826172 0
66.20308685302734 0
643.1156616210938 0
9.457582473754883 0
23.643959045410156 0
4.728791236877441 0
146.59254455566406 0
18.915164947509766 0
56.74549865722656 0
321.5578308105469 0
14.18637466430664 0
4.728791236877441 0
52.016700744628906 0
18.915164947509766 0
179.69407653808594 0
33.10154342651367 0
397.218505859375 0
66.20308685302734 0
4.728791236877441 0
4.728791236877441 0
47.28791809082031 0
80.38945770263672 0
160.77891540527344 0
14.18637466430664 0
18.915164947509766 0
18.915164947509766 0
14.18637466430664 0
42.559120178222656 0
23.643959045410156 0
146.59254455566406 0
14.18637466430664 0
89.84703826904297 0
23.643959045410156 0
14.18637466430664 0
14.18637466430664 0
37.83032989501953 0
9.457582473754883 0
14.18637466430664 0
9.457582473754883 0
9.457582473754883 0
37.83032989501953 0
4.728791236877441 0
14.18637466430664 0
42.559120178222656 0
14.18637466430664 0
9.457582473754883 0
28.37274932861328 1
13.336091995239258 0
16.312084197998047 0
19.574501037597656 0
37.83032989501953 0
2.091029167175293 0
3.8035833835601807 0
2.847978353500366 0
22.78382682800293 0
123.97183227539062 0
11.206530570983887 0
70.97468566894531 0
11.206530570983887 0
343.66693115234375 0
889.0726928710938 0
128.91554260253906 0
4.728791236877441 0
255.35475158691406 0
108.76220703125 0
510.7095031738281 0
9.457582473754883 0
510.7095031738281 0
4.728791236877441 0
510.7095031738281 0
37.83032989501953 0
56.74549865722656 0
108.76220703125 0
160.77891540527344 0
510.7095031738281 0
510.7095031738281 0
18.915164947509766 0
70.93186950683594 0
52.016700744628906 0
359.3881530761719 0
18.915164947509766 0
18.915164947509766 0
99.30462646484375 0
42.559120178222656 0
9.457582473754883 0
99.30462646484375 0
66.20308685302734 0
127.67737579345703 0
33.10154342651367 0
18.915164947509766 0
108.76220703125 0
127.67737579345703 0
14.18637466430664 0
14.18637466430664 0
14.18637466430664 0
14.18637466430664 0
217.5244140625 0
89.84703826904297 0
108.76220703125 0
56.74549865722656 0
33.10154342651367 0
28.37274932861328 0
14.18637466430664 0
14.18637466430664 0
4.728791236877441 0
89.84703826904297 0
80.38945770263672 0
23.643959045410156 1
18.915164947509766 0
14.18637466430664 0
66.20308685302734 0
18.915164947509766 0
4.728791236877441 0
3.1365437507629395 0
3.8035833835601807 0
11.391913414001465 0
31.3277587890625 0
8.543935775756836 0
88.08525085449219 0
3.7355096340179443 0
7.471019268035889 0
254.01467895507812 0
22.413061141967773 0
275.6125793457031 0
22.22681999206543 0
47.28791809082031 0
9.457582473754883 0
9.457582473754883 0
4.728791236877441 0
472.8791198730469 0
397.218505859375 0
70.93186950683594 0
99.30462646484375 0
643.1156616210938 0
47.28791809082031 0
14.18637466430664 0
14.18637466430664 0
179.69407653808594 0
1172.7403564453125 0
321.5578308105469 0
14.18637466430664 0
9.457582473754883 0
18.915164947509766 0
4.728791236877441 0
510.7095031738281 0
33.10154342651367 0
14.18637466430664 0
118.21977996826172 0
14.18637466430664 0
14.18637466430664 0
397.218505859375 0
321.5578308105469 0
23.643959045410156 0
137.13494873046875 0
14.18637466430664 0
28.37274932861328 0
4.728791236877441 0
33.10154342651367 0
217.5244140625 0
33.10154342651367 0
14.18637466430664 0
14.18637466430664 0
99.30462646484375 0
9.457582473754883 0
28.37274932861328 0
28.37274932861328 0
4.728791236877441 0
4.728791236877441 0
66.20308685302734 0
28.37274932861328 0
4.728791236877441 0
61.47429275512695 0
80.38945770263672 0
9.457582473754883 0
9.457582473754883 0
18.915164947509766 0
61.47429275512695 0
127.67737579345703 0
9.457582473754883 0
99.30462646484375 1
33.10154342651367 0
23.643959045410156 0
61.47429275512695 0
9.457582473754883 0
9.457582473754883 0
3.1365437507629395 0
26.62508773803711 0
31.3277587890625 0
13.049665451049805 0
16.312084197998047 0
201.71754455566406 0
111.13408660888672 0
817.9469604492188 0
14.18637466430664 0
945.7582397460938 0
47.28791809082031 0
28.37274932861328 0
52.016700744628906 0
137.13494873046875 0
794.43701171875 0
42.559120178222656 0
9.457582473754883 0
4.728791236877441 0
718.7763061523438 0
33.10154342651367 0
9.457582473754883 0
28.37274932861328 0
9.457582473754883 0
70.93186950683594 0
56.74549865722656 0
718.7763061523438 0
160.77891540527344 0
9.457582473754883 0
14.18637466430664 0
548.539794921875 0
9.457582473754883 0
28.37274932861328 0
137.13494873046875 0
18.915164947509766 0
4.728791236877441 0
33.10154342651367 0
47.28791809082031 0
14.18637466430664 0
56.74549865722656 0
359.3881530761719 0
18.915164947509766 0
9.457582473754883 0
18.915164947509766 0
255.35475158691406 0
118.21977996826172 0
56.74549865722656 0
9.457582473754883 0
28.37274932861328 0
14.18637466430664 0
61.47429275512695 0
217.5244140625 0
9.457582473754883 0
9.457582473754883 0
18.915164947509766 0
9.457582473754883 0
56.74549865722656 0
4.728791236877441 0
4.728791236877441 0
56.74549865722656 0
118.21977996826172 0
70.93186950683594 0
137.13494873046875 0
33.10154342651367 0
4.728791236877441 0
37.83032989501953 0
9.457582473754883 0
52.016700744628906 0
28.37274932861328 0
33.10154342651367 0
12.769662857055664 1
26.672183990478516 0
42.559120178222656 0
18.915164947509766 0
4.728791236877441 0
14.18637466430664 0
2.091029167175293 0
19.017919540405273 0
5.695956707000732 0
101.1349105834961 0
141.94937133789062 0
35.56290817260742 0
53.34436798095703 0
222.26817321777344 0
31.1175479888916 0
17.78145408630371 0
17.78145408630371 0
4.445363521575928 0
23.643959045410156 0
14.18637466430664 0
23.643959045410156 0
718.7763061523438 0
14.18637466430664 0
397.218505859375 0
18.915164947509766 0
794.43701171875 0
61.47429275512695 0
33.10154342651367 0
99.30462646484375 0
80.38945770263672 0
47.28791809082031 0
718.7763061523438 0
4.728791236877441 0
56.74549865722656 0
435.048828125 0
510.7095031738281 0
37.83032989501953 0
9.457582473754883 0
42.559120178222656 0
160.77891540527344 0
397.218505859375 0
14.18637466430664 0
18.915164947509766 0
9.457582473754883 0
255.35475158691406 0
80.38945770263672 0
217.5244140625 0
61.47429275512695 0
80.38945770263672 0
47.28791809082031 0
89.84703826904297 0
23.643959045410156 0
9.457582473754883 0
18.915164947509766 0
56.74549865722656 0
42.559120178222656 0
108.76220703125 0
127.67737579345703 0
70.93186950683594 0
47.28791809082031 0
61.47429275512695 0
23.643959045410156 0
18.915164947509766 0
18.915164947509766 0
33.10154342651367 0
9.457582473754883 0
14.18637466430664 0
14.18637466430664 0
14.18637466430664 0
4.728791236877441 0
198.6092529296875 0
14.18637466430664 0
4.728791236877441 0
9.457582473754883 1
14.18637466430664 0
9.457582473754883 0
47.28791809082031 0
47.28791809082031 0
2.091029167175293 0
20.919708251953125 0
11.391913414001465 0
28.47978401184082 0
61.98591613769531 0
26.09933090209961 0
22.413061141967773 0
11.206530570983887 0
108.32978820800781 0
22.22681999206543 0
26.672183990478516 0
75.5711898803711 0
675.6953125 0
31.1175479888916 0
14.18637466430664 0
89.84703826904297 0
42.559120178222656 0
137.13494873046875 0
397.218505859375 0
23.643959045410156 0
643.1156616210938 0
18.915164947509766 0
66.20308685302734 0
4.728791236877441 0
9.457582473754883 0
9.457582473754883 0
127.67737579345703 0
945.7582397460938 0
321.5578308105469 0
28.37274932861328 0
9.457582473754883 0
4.728791236877441 0
4.728791236877441 0
23.643959045410156 0
108.76220703125 0
66.20308685302734 0
321.5578308105469 0
397.218505859375 0
56.74549865722656 0
52.016700744628906 0
510.7095031738281 0
359.3881530761719 0
198.6092529296875 0
255.35475158691406 0
47.28791809082031 0
14.18637466430664 0
9.457582473754883 0
255.35475158691406 0
321.5578308105469 0
56.74549865722656 0
9.457582473754883 0
14.18637466430664 0
52.016700744628906 0
4.728791236877441 0
28.37274932861328 0
33.10154342651367 0
18.915164947509766 0
52.016700744628906 0
70.93186950683594 0
18.915164947509766 0
33.10154342651367 0
56.74549865722656 0
14.18637466430664 0
37.83032989501953 0
47.28791809082031 0
18.915164947509766 0
52.016700744628906 0
28.37274932861328 0
14.18637466430664 0
14.18637466430664 0
4.728791236877441 0
33.10154342651367 0
33.10154342651367 0
18.915164947509766 0
89.84703826904297 1
108.76220703125 0
9.457582473754883 0
47.28791809082031 0
56.74549865722656 0
8.364116668701172 0
32.33045959472656 0
1.9017916917800903 0
19.935848236083984 0
42.411415100097656 0
78.44571685791016 0
93.38774108886719 0
257.8310852050781 0
321.5578308105469 0
99.30462646484375 0
586.3701782226562 0
14.18637466430664 0
127.67737579345703 0
66.20308685302734 0
435.048828125 0
108.76220703125 0
18.915164947509766 0
794.43701171875 0
47.28791809082031 0
61.47429275512695 0
99.30462646484375 0
9.457582473754883 0
37.83032989501953 0
9.457582473754883 0
4.728791236877441 0
718.7763061523438 0
28.37274932861328 0
61.47429275512695 0
548.539794921875 0
9.457582473754883 0
28.37274932861328 0
47.28791809082031 0
37.83032989501953 0
18.915164947509766 0
472.8791198730469 0
108.76220703125 0
146.59254455566406 0
47.28791809082031 0
18.915164947509766 0
37.83032989501953 0
108.76220703125 0
217.5244140625 0
47.28791809082031 0
4.728791236877441 0
14.18637466430664 0
18.915164947509766 0
127.67737579345703 0
47.28791809082031 0
179.69407653808594 0
108.76220703125 0
18.915164947509766 0
160.77891540527344 0
108.76220703125 0
89.84703826904297 0
23.643959045410156 0
28.37274932861328 0
9.457582473754883 0
42.559120178222656 0
42.559120178222656 0
146.59254455566406 0
14.18637466430664 0
80.38945770263672 0
4.728791236877441 0
14.18637466430664 0
18.915164947509766 0
23.643959045410156 0
9.457582473754883 0
9.457582473754883 0
4.728791236877441 0
33.10154342651367 0
9.457582473754883 0
42.559120178222656 1
14.942038536071777 0
47.28791809082031 0
118.21977996826172 0
28.37274932861328 0
89.84703826904297 0
14.18637466430664 0
28.37274932861328 0
7.318602085113525 0
2.091029167175293 0
3.8035833835601807 0
8.543935775756836 0
9.787250518798828 0
3.7355096340179443 0
52.297142028808594 0
283.89874267578125 0
26.148571014404297 0
604.5695190429688 0
102.24337005615234 0
26.672183990478516 0
66.20308685302734 0
435.048828125 0
198.6092529296875 0
794.43701171875 0
99.30462646484375 0
18.915164947509766 0
33.10154342651367 0
23.643959045410156 0
643.1156616210938 0
99.30462646484375 0
198.6092529296875 0
179.69407653808594 0
61.47429275512695 0
18.915164947509766 0
510.7095031738281 0
23.643959045410156 0
14.18637466430664 0
80.38945770263672 0
42.559120178222656 0
18.915164947509766 0
643.1156616210938 0
80.38945770263672 0
28.37274932861328 0
274.2698974609375 0
33.10154342651367 0
18.915164947509766 0
18.915164947509766 0
33.10154342651367 0
28.37274932861328 0
137.13494873046875 0
236.43955993652344 0
52.016700744628906 0
4.728791236877441 0
9.457582473754883 0
198.6092529296875 0
52.016700744628906 0
37.83032989501953 0
146.59254455566406 0
37.83032989501953 0
18.915164947509766 0
52.016700744628906 0
23.643959045410156 0
42.559120178222656 0
4.728791236877441 0
28.37274932861328 0
179.69407653808594 0
66.20308685302734 0
28.37274932861328 0
70.93186950683594 0
37.83032989501953 0
4.728791236877441 0
28.37274932861328 0
18.915164947509766 0
66.20308685302734 0
23.643959045410156 0
28.37274932861328 0
37.83032989501953 1
47.28791809082031 0
4.445363521575928 0
9.457582473754883 0
89.84703826904297 0
4.728791236877441 0
28.37274932861328 0
33.10154342651367 0
3.1365437507629395 0
3.8035833835601807 0
8.543935775756836 0
55.461082458496094 0
68.51074981689453 0
41.090606689453125 0
41.090606689453125 0
156.8914337158203 0
3.7355096340179443 0
22.22681999206543 0
35.56290817260742 0
93.35264587402344 0
84.4619140625 0
889.0726928710938 0
66.20308685302734 0
179.69407653808594 0
9.457582473754883 0
397.218505859375 0
70.93186950683594 0
37.83032989501953 0
108.76220703125 0
586.3701782226562 0
66.20308685302734 0
47.28791809082031 0
179.69407653808594 0
510.7095031738281 0
236.43955993652344 0
89.84703826904297 0
89.84703826904297 0
870.09765625 0
66.20308685302734 0
236.43955993652344 0
4.728791236877441 0
236.43955993652344 0
293.1850891113281 0
9.457582473754883 0
255.35475158691406 0
42.559120178222656 0
52.016700744628906 0
52.016700744628906 0
179.69407653808594 0
37.83032989501953 0
160.77891540527344 0
33.10154342651367 0
4.728791236877441 0
89.84703826904297 0
4.728791236877441 0
4.728791236877441 0
56.74549865722656 0
99.30462646484375 0
66.20308685302734 0
9.457582473754883 0
89.84703826904297 0
42.559120178222656 0
42.559120178222656 0
14.18637466430664 0
18.915164947509766 0
37.83032989501953 0
28.37274932861328 0
23.643959045410156 0
80.38945770263672 0
52.016700744628906 0
42.559120178222656 0
23.643959045410156 0
33.10154342651367 0
12.769662857055664 0
23.978761672973633 1
14.18637466430664 0
18.915164947509766 0
18.915164947509766 0
4.728791236877441 0
3.1365437507629395 0
5.7053751945495605 0
22.78382682800293 0
94.61006927490234 0
283.89874267578125 0
44.82612228393555 0
675.6953125 0
57.789730072021484 0
53.34436798095703 0
56.74549865722656 0
794.43701171875 0
160.77891540527344 0
179.69407653808594 0
47.28791809082031 0
4.728791236877441 0
9.457582473754883 0
23.643959045410156 0
1172.7403564453125 0
14.18637466430664 0
33.10154342651367 0
28.37274932861328 0
52.016700744628906 0
586.3701782226562 0
56.74549865722656 0
548.539794921875 0
18.915164947509766 0
1097.07958984375 0
70.93186950683594 0
99.30462646484375 0
435.048828125 0
61.47429275512695 0
160.77891540527344 0
42.559120178222656 0
42.559120178222656 0
33.10154342651367 0
56.74549865722656 0
179.69407653808594 0
37.83032989501953 0
9.457582473754883 0
108.76220703125 0
14.18637466430664 0
37.83032989501953 0
80.38945770263672 0
42.559120178222656 0
33.10154342651367 0
66.20308685302734 0
47.28791809082031 0
23.643959045410156 0
108.76220703125 0
89.84703826904297 0
23.643959045410156 0
28.37274932861328 0
14.18637466430664 0
18.915164947509766 0
89.84703826904297 0
89.84703826904297 0
14.18637466430664 0
52.016700744628906 0
9.457582473754883 0
18.915164947509766 0
14.18637466430664 0
42.559120178222656 0
33.10154342651367 0
89.84703826904297 0
18.915164947509766 0
14.18637466430664 0
198.6092529296875 0
472.8791198730469 0
37.83032989501953 0
14.18637466430664 0
4.728791236877441 0
95.91504669189453 1
2.091029167175293 0
18.915164947509766 0
47.28791809082031 0
33.10154342651367 0
14.18637466430664 0
56.74549865722656 0
9.457582473754883 0
2.091029167175293 0
3.1365437507629395 0
3.8035833835601807 0
25.631803512573242 0
3.262416362762451 0
110.92216491699219 0
201.71754455566406 0
48.89899826049805 0
337.84765625 0
23.643959045410156 0
160.77891540527344 0
643.1156616210938 0
89.84703826904297 0
14.18637466430664 0
510.7095031738281 0
66.20308685302734 0
56.74549865722656 0
4.728791236877441 0
643.1156616210938 0
14.18637466430664 0
9.457582473754883 0
108.76220703125 0
4.728791236877441 0
160.77891540527344 0
42.559120178222656 0
359.3881530761719 0
14.18637466430664 0
37.83032989501953 0
397.218505859375 0
198.6092529296875 0
28.37274932861328 0
52.016700744628906 0
18.915164947509766 0
42.559120178222656 0
9.457582473754883 0
4.728791236877441 0
66.20308685302734 0
56.74549865722656 0
397.218505859375 0
9.457582473754883 0
80.38945770263672 0
33.10154342651367 0
255.35475158691406 0
14.18637466430664 0
4.728791236877441 0
18.915164947509766 0
56.74549865722656 0
61.47429275512695 0
70.93186950683594 0
14.18637466430664 0
42.559120178222656 0
108.76220703125 0
9.457582473754883 0
14.18637466430664 0
47.28791809082031 0
9.457582473754883 0
33.10154342651367 0
4.728791236877441 1
4.728791236877441 0
2.091029167175293 0
3.8035833835601807 0
11.391913414001465 0
6.524832725524902 0
14.942038536071777 0
7.471019268035889 0
75.5711898803711 0
198.6092529296875 0
9.457582473754883 0
321.5578308105469 0
42.559120178222656 0
794.43701171875 0
14.18637466430664 0
643.1156616210938 0
47.28791809082031 0
42.559120178222656 0
28.37274932861328 0
4.728791236877441 0
870.09765625 0
359.3881530761719 0
14.18637466430664 0
146.59254455566406 0
718.7763061523438 0
18.915164947509766 0
37.83032989501953 0
118.21977996826172 0
28.37274932861328 0
9.457582473754883 0
255.35475158691406 0
472.8791198730469 0
89.84703826904297 0
28.37274932861328 0
47.28791809082031 0
18.915164947509766 0
14.18637466430664 0
23.643959045410156 0
127.67737579345703 0
18.915164947509766 0
14.18637466430664 0
179.69407653808594 0
14.18637466430664 0
9.457582473754883 0
9.457582473754883 0
18.915164947509766 0
70.93186950683594 0
108.76220703125 0
37.83032989501953 0
18.915164947509766 0
14.18637466430664 0
14.18637466430664 0
89.84703826904297 0
99.30462646484375 0
4.728791236877441 0
118.21977996826172 0
66.20308685302734 0
18.915164947509766 0
14.18637466430664 0
80.38945770263672 0
4.728791236877441 0
33.10154342651367 0
47.28791809082031 0
18.915164947509766 0
56.74549865722656 0
15.985840797424316 1
4.728791236877441 0
14.18637466430664 0
4.728791236877441 0
14.18637466430664 0
52.016700744628906 0
3.1365437507629395 0
3.8035833835601807 0
14.23989200592041 0
16.312084197998047 0
26.148571014404297 0
283.89874267578125 0
11.206530570983887 0
11.206530570983887 0
444.5363464355469 0
17.78145408630371 0
794.43701171875 0
47.28791809082031 0
18.915164947509766 0
18.915164947509766 0
1021.4190063476562 0
127.67737579345703 0
4.728791236877441 0
42.559120178222656 0
33.10154342651367 0
718.7763061523438 0
89.84703826904297 0
160.77891540527344 0
14.18637466430664 0
37.83032989501953 0
9.457582473754883 0
794.43701171875 0
23.643959045410156 0
23.643959045410156 0
18.915164947509766 0
4.728791236877441 0
33.10154342651367 0
293.1850891113281 0
137.13494873046875 0
52.016700744628906 0
37.83032989501953 0
99.30462646484375 0
274.2698974609375 0
4.728791236877441 0
14.18637466430664 0
236.43955993652344 0
52.016700744628906 0
61.47429275512695 0
37.83032989501953 0
52.016700744628906 0
33.10154342651367 0
28.37274932861328 0
18.915164947509766 0
52.016700744628906 0
66.20308685302734 0
66.20308685302734 0
4.728791236877441 0
14.18637466430664 0
14.18637466430664 0
33.10154342651367 0
108.76220703125 0
4.728791236877441 0
28.37274932861328 0
18.915164947509766 0
61.47429275512695 0
33.10154342651367 0
14.18637466430664 1
26.09933090209961 0
57.789730072021484 0
89.84703826904297 0
70.93186950683594 0
47.28791809082031 0
28.37274932861328 0
52.016700744628906 0
2.091029167175293 0
5.7053751945495605 0
5.695956707000732 0
221.84432983398438 0
6.524832725524902 0
3.7355096340179443 0
567.7974853515625 0
3.7355096340179443 0
57.789730072021484 0
53.34436798095703 0
8.890727043151855 0
817.9469604492188 0
53.34436798095703 0
66.20308685302734 0
14.18637466430664 0
1286.2313232421875 0
179.69407653808594 0
14.18637466430664 0
66.20308685302734 0
14.18637466430664 0
14.18637466430664 0
435.048828125 0
435.048828125 0
108.76220703125 0
321.5578308105469 0
359.3881530761719 0
4.728791236877441 0
70.93186950683594 0
37.83032989501953 0
42.559120178222656 0
99.30462646484375 0
321.5578308105469 0
179.69407653808594 0
52.016700744628906 0
23.643959045410156 0
47.28791809082031 0
37.83032989501953 0
118.21977996826172 0
14.18637466430664 0
236.43955993652344 0
37.83032989501953 0
28.37274932861328 0
61.47429275512695 0
80.38945770263672 0
70.93186950683594 0
255.35475158691406 0
14.18637466430664 0
4.728791236877441 0
4.728791236877441 0
28.37274932861328 0
18.915164947509766 0
146.59254455566406 0
28.37274932861328 0
52.016700744628906 0
42.559120178222656 0
42.559120178222656 0
4.728791236877441 0
33.10154342651367 0
37.83032989501953 0
14.18637466430664 0
9.457582473754883 0
18.915164947509766 0
28.37274932861328 0
56.74549865722656 0
4.728791236877441 0
111.90089416503906 1
4.728791236877441 0
28.37274932861328 0
47.28791809082031 0
14.18637466430664 0
18.915164947509766 0
18.915164947509766 0
18.915164947509766 0
3.262416362762451 0
5.227572917938232 0
19.017919540405273 0
22.78382682800293 0
55.461082458496094 0
186.77548217773438 0
13.336091995239258 0
337.84765625 0
255.35475158691406 0
118.21977996826172 0
18.915164947509766 0
472.8791198730469 0
56.74549865722656 0
42.559120178222656 0
66.20308685302734 0
718.7763061523438 0
198.6092529296875 0
18.915164947509766 0
14.18637466430664 0
28.37274932861328 0
9.457582473754883 0
61.47429275512695 0
4.728791236877441 0
643.1156616210938 0
23.643959045410156 0
42.559120178222656 0
37.83032989501953 0
14.18637466430664 0
510.7095031738281 0
118.21977996826172 0
33.10154342651367 0
9.457582473754883 0
70.93186950683594 0
42.559120178222656 0
718.7763061523438 0
33.10154342651367 0
23.643959045410156 0
28.37274932861328 0
28.37274932861328 0
397.218505859375 0
70.93186950683594 0
33.10154342651367 0
47.28791809082031 0
9.457582473754883 0
217.5244140625 0
33.10154342651367 0
56.74549865722656 0
4.728791236877441 0
198.6092529296875 0
14.18637466430664 0
66.20308685302734 0
52.016700744628906 0
4.728791236877441 0
89.84703826904297 0
42.559120178222656 0
14.18637466430664 0
80.38945770263672 0
14.18637466430664 0
47.28791809082031 0
4.728791236877441 0
52.016700744628906 0
18.915164947509766 0
14.18637466430664 0
9.457582473754883 0
14.18637466430664 0
4.728791236877441 0
42.559120178222656 0
28.37274932861328 0
18.915164947509766 0
23.643959045410156 0
9.457582473754883 1
18.915164947509766 0
9.457582473754883 0
4.728791236877441 0
83.00282287597656 0
6.273087501525879 0
11.410750389099121 0
8.543935775756836 0
82.59136199951172 0
163.1208038330078 0
22.413061141967773 0
254.01467895507812 0
66.68045806884766 0
57.789730072021484 0
337.84765625 0
9.457582473754883 0
33.10154342651367 0
472.8791198730469 0
9.457582473754883 0
179.69407653808594 0
794.43701171875 0
37.83032989501953 0
33.10154342651367 0
4.728791236877441 0
80.38945770263672 0
548.539794921875 0
33.10154342651367 0
80.38945770263672 0
33.10154342651367 0
80.38945770263672 0
510.7095031738281 0
37.83032989501953 0
14.18637466430664 0
52.016700744628906 0
236.43955993652344 0
70.93186950683594 0
359.3881530761719 0
42.559120178222656 0
52.016700744628906 0
28.37274932861328 0
56.74549865722656 0
89.84703826904297 0
9.457582473754883 0
89.84703826904297 0
179.69407653808594 0
23.643959045410156 0
9.457582473754883 0
4.728791236877441 0
14.18637466430664 0
23.643959045410156 0
217.5244140625 0
4.728791236877441 0
14.18637466430664 0
14.18637466430664 0
47.28791809082031 0
89.84703826904297 0
28.37274932861328 0
33.10154342651367 0
14.18637466430664 0
23.643959045410156 0
4.728791236877441 0
18.915164947509766 0
108.76220703125 0
66.20308685302734 0
47.957523345947266 1
18.915164947509766 0
33.10154342651367 0
3.1365437507629395 0
11.410750389099121 0
8.543935775756836 0
5.695956707000732 0
39.87169647216797 0
19.574501037597656 0
75.03558349609375 0
186.77548217773438 0
11.206530570983887 0
171.83346557617188 0
22.413061141967773 0
373.41058349609375 0
66.20308685302734 0
42.559120178222656 0
643.1156616210938 0
37.83032989501953 0
586.3701782226562 0
14.18637466430664 0
4.728791236877441 0
23.643959045410156 0
61.47429275512695 0
1286.2313232421875 0
89.84703826904297 0
14.18637466430664 0
33.10154342651367 0
47.28791809082031 0
397.218505859375 0
18.915164947509766 0
89.84703826904297 0
870.09765625 0
4.728791236877441 0
127.67737579345703 0
548.539794921875 0
23.643959045410156 0
61.47429275512695 0
4.728791236877441 0
14.18637466430664 0
179.69407653808594 0
118.21977996826172 0
321.5578308105469 0
56.74549865722656 0
47.28791809082031 0
37.83032989501953 0
9.457582473754883 0
33.10154342651367 0
42.559120178222656 0
108.76220703125 0
18.915164947509766 0
23.643959045410156 0
89.84703826904297 0
137.13494873046875 0
61.47429275512695 0
28.37274932861328 0
4.728791236877441 0
198.6092529296875 0
52.016700744628906 0
28.37274932861328 0
70.93186950683594 0
80.38945770263672 0
18.915164947509766 0
23.643959045410156 0
42.559120178222656 0
28.37274932861328 0
4.728791236877441 0
37.83032989501953 0
23.643959045410156 0
14.18637466430664 1
4.728791236877441 0
13.591691017150879 0
7.607166767120361 0
15.214333534240723 0
22.78382682800293 0
59.80754852294922 0
22.836915969848633 0
352.34100341796875 0
22.413061141967773 0
433.31915283203125 0
14.942038536071777 0
8.890727043151855 0
817.9469604492188 0
17.78145408630371 0
13.336091995239258 0
9.457582473754883 0
61.47429275512695 0
14.18637466430664 0
1021.4190063476562 0
9.457582473754883 0
718.7763061523438 0
47.28791809082031 0
108.76220703125 0
56.74549865722656 0
61.47429275512695 0
4.728791236877441 0
56.74549865722656 0
33.10154342651367 0
435.048828125 0
52.016700744628906 0
217.5244140625 0
23.643959045410156 0
146.59254455566406 0
472.8791198730469 0
14.18637466430664 0
66.20308685302734 0
217.5244140625 0
89.84703826904297 0
42.559120178222656 0
127.67737579345703 0
14.18637466430664 0
198.6092529296875 0
14.18637466430664 0
18.915164947509766 0
4.728791236877441 0
52.016700744628906 0
89.84703826904297 0
99.30462646484375 0
42.559120178222656 0
33.10154342651367 0
33.10154342651367 0
18.915164947509766 0
99.30462646484375 0
4.728791236877441 0
99.30462646484375 0
28.37274932861328 0
28.37274932861328 0
56.74549865722656 0
9.457582473754883 0
4.728791236877441 0
28.37274932861328 0
28.37274932861328 0
18.915164947509766 0
14.18637466430664 0
33.10154342651367 0
14.18637466430664 1
14.18637466430664 0
33.10154342651367 0
2.091029167175293 0
3.8035833835601807 0
59.80754852294922 0
34.175743103027344 0
75.03558349609375 0
19.574501037597656 0
115.80081176757812 0
201.71754455566406 0
746.8211669921875 0
75.5711898803711 0
8.890727043151855 0
17.78145408630371 0
1097.07958984375 0
33.10154342651367 0
18.915164947509766 0
397.218505859375 0
18.915164947509766 0
9.457582473754883 0
56.74549865722656 0
870.09765625 0
33.10154342651367 0
14.18637466430664 0
18.915164947509766 0
52.016700744628906 0
4.728791236877441 0
14.18637466430664 0
321.5578308105469 0
198.6092529296875 0
18.915164947509766 0
9.457582473754883 0
359.3881530761719 0
42.559120178222656 0
33.10154342651367 0
28.37274932861328 0
99.30462646484375 0
14.18637466430664 0
9.457582473754883 0
321.5578308105469 0
37.83032989501953 0
14.18637466430664 0
9.457582473754883 0
89.84703826904297 0
160.77891540527344 0
33.10154342651367 0
321.5578308105469 0
56.74549865722656 0
70.93186950683594 0
14.18637466430664 0
89.84703826904297 0
14.18637466430664 0
37.83032989501953 0
80.38945770263672 0
9.457582473754883 0
42.559120178222656 0
118.21977996826172 0
37.83032989501953 0
14.18637466430664 0
99.30462646484375 0
37.83032989501953 0
4.728791236877441 1
4.728791236877441 0
19.574501037597656 0
23.643959045410156 0
4.728791236877441 0
3.1365437507629395 0
3.8035833835601807 0
17.087871551513672 0
8.543935775756836 0
29.361745834350586 0
433.31915283203125 0
14.942038536071777 0
515.6621704101562 0
26.672183990478516 0
80.38945770263672 0
945.7582397460938 0
33.10154342651367 0
236.43955993652344 0
9.457582473754883 0
4.728791236877441 0
14.18637466430664 0
4.728791236877441 0
945.7582397460938 0
435.048828125 0
4.728791236877441 0
9.457582473754883 0
472.8791198730469 0
293.1850891113281 0
18.915164947509766 0
42.559120178222656 0
52.016700744628906 0
23.643959045410156 0
643.1156616210938 0
56.74549865722656 0
321.5578308105469 0
33.10154342651367 0
23.643959045410156 0
23.643959045410156 0
18.915164947509766 0
217.5244140625 0
47.28791809082031 0
160.77891540527344 0
14.18637466430664 0
33.10154342651367 0
9.457582473754883 0
9.457582473754883 0
18.915164947509766 0
179.69407653808594 0
33.10154342651367 0
108.76220703125 0
42.559120178222656 0
118.21977996826172 0
9.457582473754883 0
14.18637466430664 0
52.016700744628906 0
179.69407653808594 0
42.559120178222656 0
99.30462646484375 0
89.84703826904297 0
23.643959045410156 0
14.18637466430664 0
137.13494873046875 0
23.643959045410156 0
9.457582473754883 0
179.69407653808594 0
61.47429275512695 0
18.915164947509766 0
18.915164947509766 0
42.559120178222656 0
179.69407653808594 0
28.37274932861328 0
23.643959045410156 0
9.457582473754883 0
4.728791236877441 0
37.83032989501953 1
4.728791236877441 0
29.884077072143555 0
4.728791236877441 0
14.18637466430664 0
9.457582473754883 0
37.83032989501953 0
3.1365437507629395 0
3.8035833835601807 0
17.087871551513672 0
11.391913414001465 0
2.847978353500366 0
61.98591613769531 0
186.77548217773438 0
18.67755126953125 0
44.82612228393555 0
22.22681999206543 0
48.89899826049805 0
515.6621704101562 0
14.18637466430664 0
472.8791198730469 0
47.28791809082031 0
359.3881530761719 0
37.83032989501953 0
61.47429275512695 0
23.643959045410156 0
510.7095031738281 0
14.18637466430664 0
18.915164947509766 0
18.915164947509766 0
52.016700744628906 0
718.7763061523438 0
33.10154342651367 0
4.728791236877441 0
179.69407653808594 0
23.643959045410156 0
37.83032989501953 0
4.728791236877441 0
718.7763061523438 0
18.915164947509766 0
14.18637466430664 0
9.457582473754883 0
510.7095031738281 0
14.18637466430664 0
18.915164947509766 0
255.35475158691406 0
4.728791236877441 0
18.915164947509766 0
4.728791236877441 0
42.559120178222656 0
179.69407653808594 0
255.35475158691406 0
28.37274932861328 0
23.643959045410156 0
89.84703826904297 0
80.38945770263672 0
118.21977996826172 0
33.10154342651367 0
4.728791236877441 0
18.915164947509766 0
28.37274932861328 0
9.457582473754883 0
52.016700744628906 0
14.18637466430664 0
127.67737579345703 1
18.915164947509766 0
23.643959045410156 0
18.915164947509766 0
4.728791236877441 0
2.091029167175293 0
5.7053751945495605 0
76.89541625976562 0
8.543935775756836 0
14.23989200592041 0
110.92216491699219 0
9.787250518798828 0
201.71754455566406 0
171.83346557617188 0
18.67755126953125 0
11.206530570983887 0
4.445363521575928 0
26.672183990478516 0
960.1986694335938 0
120.02483367919922 0
4.445363521575928 0
4.728791236877441 0
70.93186950683594 0
945.7582397460938 0
643.1156616210938 0
198.6092529296875 0
56.74549865722656 0
18.915164947509766 0
9.457582473754883 0
108.76220703125 0
510.7095031738281 0
137.13494873046875 0
198.6092529296875 0
4.728791236877441 0
80.38945770263672 0
52.016700744628906 0
28.37274932861328 0
18.915164947509766 0
160.77891540527344 0
236.43955993652344 0
23.643959045410156 0
28.37274932861328 0
42.559120178222656 0
37.83032989501953 0
37.83032989501953 0
548.539794921875 0
274.2698974609375 0
9.457582473754883 0
108.76220703125 0
61.47429275512695 0
33.10154342651367 0
179.69407653808594 0
160.77891540527344 0
4.728791236877441 0
23.643959045410156 0
99.30462646484375 0
137.13494873046875 0
89.84703826904297 0
160.77891540527344 0
4.728791236877441 0
56.74549865722656 0
23.643959045410156 0
23.643959045410156 0
47.28791809082031 0
9.457582473754883 0
70.93186950683594 0
33.10154342651367 0
89.84703826904297 0
127.67737579345703 0
80.38945770263672 0
18.915164947509766 0
9.457582473754883 0
4.728791236877441 0
23.643959045410156 0
70.93186950683594 0
9.457582473754883 0
4.728791236877441 0
23.643959045410156 0
9.457582473754883 0
18.915164947509766 0
18.915164947509766 0
47.28791809082031 0
28.37274932861328 1
4.445363521575928 0
9.457582473754883 0
33.10154342651367 0
31.971681594848633 0
2.091029167175293 0
1.0455145835876465 0
2.091029167175293 0
5.7053751945495605 0
31.3277587890625 0
88.08525085449219 0
201.71754455566406 0
302.2847595214844 0
435.048828125 0
4.728791236877441 0
18.915164947509766 0
9.457582473754883 0
18.915164947509766 0
1172.7403564453125 0
28.37274932861328 0
14.18637466430664 0
66.20308685302734 0
643.1156616210938 0
108.76220703125 0
23.643959045410156 0
66.20308685302734 0
42.559120178222656 0
14.18637466430664 0
548.539794921875 0
14.18637466430664 0
14.18637466430664 0
56.74549865722656 0
23.643959045410156 0
472.8791198730469 0
61.47429275512695 0
23.643959045410156 0
56.74549865722656 0
9.457582473754883 0
33.10154342651367 0
28.37274932861328 0
23.643959045410156 0
321.5578308105469 0
4.728791236877441 0
18.915164947509766 0
47.28791809082031 0
108.76220703125 0
80.38945770263672 0
70.93186950683594 0
23.643959045410156 0
56.74549865722656 0
108.76220703125 0
9.457582473754883 0
4.728791236877441 0
89.84703826904297 0
255.35475158691406 0
9.457582473754883 0
37.83032989501953 0
89.84703826904297 0
89.84703826904297 0
18.915164947509766 0
52.016700744628906 0
18.915164947509766 0
160.77891540527344 0
118.21977996826172 0
28.37274932861328 0
14.18637466430664 0
80.38945770263672 0
23.643959045410156 0
15.985840797424316 1
4.728791236877441 0
9.457582473754883 0
18.915164947509766 0
14.18637466430664 0
3.1365437507629395 0
5.7053751945495605 0
54.11158752441406 0
61.98591613769531 0
108.32978820800781 0
4.445363521575928 0
31.1175479888916 0
31.1175479888916 0
675.6953125 0
9.457582473754883 0
472.8791198730469 0
9.457582473754883 0
14.18637466430664 0
9.457582473754883 0
1021.4190063476562 0
18.915164947509766 0
146.59254455566406 0
160.77891540527344 0
37.83032989501953 0
945.7582397460938 0
4.728791236877441 0
14.18637466430664 0
18.915164947509766 0
127.67737579345703 0
9.457582473754883 0
643.1156616210938 0
66.20308685302734 0
23.643959045410156 0
28.37274932861328 0
9.457582473754883 0
108.76220703125 0
9.457582473754883 0
548.539794921875 0
37.83032989501953 0
18.915164947509766 0
33.10154342651367 0
23.643959045410156 0
293.1850891113281 0
118.21977996826172 0
198.6092529296875 0
37.83032989501953 0
146.59254455566406 0
66.20308685302734 0
118.21977996826172 0
14.18637466430664 0
28.37274932861328 0
160.77891540527344 0
80.38945770263672 0
99.30462646484375 0
137.13494873046875 0
28.37274932861328 0
52.016700744628906 0
4.728791236877441 0
14.18637466430664 0
37.83032989501953 0
37.83032989501953 0
9.457582473754883 0
9.457582473754883 0
52.016700744628906 0
14.18637466430664 0
18.915164947509766 0
18.915164947509766 0
9.457582473754883 0
23.643959045410156 0
33.10154342651367 0
23.643959045410156 0
18.915164947509766 0
14.18637466430664 0
47.28791809082031 1
41.090606689453125 0
13.336091995239258 0
14.18637466430664 0
9.457582473754883 0
56.74549865722656 0
31.3277587890625 0
2.091029167175293 0
3.8035833835601807 0
28.47978401184082 0
6.524832725524902 0
94.61006927490234 0
156.8914337158203 0
604.5695190429688 0
17.78145408630371 0
870.09765625 0
89.84703826904297 0
99.30462646484375 0
18.915164947509766 0
870.09765625 0
37.83032989501953 0
510.7095031738281 0
99.30462646484375 0
137.13494873046875 0
118.21977996826172 0
23.643959045410156 0
18.915164947509766 0
42.559120178222656 0
718.7763061523438 0
18.915164947509766 0
61.47429275512695 0
18.915164947509766 0
14.18637466430664 0
137.13494873046875 0
435.048828125 0
18.915164947509766 0
118.21977996826172 0
4.728791236877441 0
293.1850891113281 0
9.457582473754883 0
18.915164947509766 0
33.10154342651367 0
66.20308685302734 0
33.10154342651367 0
47.28791809082031 0
14.18637466430664 0
160.77891540527344 0
118.21977996826172 0
23.643959045410156 0
9.457582473754883 0
23.643959045410156 0
9.457582473754883 0
56.74549865722656 0
28.37274932861328 0
18.915164947509766 0
14.18637466430664 0
9.457582473754883 0
9.457582473754883 0
127.67737579345703 0
99.30462646484375 0
61.47429275512695 0
14.18637466430664 0
28.37274932861328 0
19.154495239257812 0
111.90089416503906 1
37.83032989501953 0
42.559120178222656 0
14.18637466430664 0
23.643959045410156 0
4.728791236877441 0
118.21977996826172 0
4.728791236877441 0
2.091029167175293 0
17.77374839782715 0
2.091029167175293 0
28.526880264282227 0
7.607166767120361 0
5.695956707000732 0
34.175743103027344 0
5.695956707000732 0
61.98591613769531 0
32.624168395996094 0
9.787250518798828 0
6.524832725524902 0
13.049665451049805 0
70.97468566894531 0
26.148571014404297 0
56.03265380859375 0
201.71754455566406 0
7.471019268035889 0
93.35264587402344 0
444.5363464355469 0
8.890727043151855 0
75.5711898803711 0
17.78145408630371 0
17.78145408630371 0
47.28791809082031 0
9.457582473754883 0
127.67737579345703 0
643.1156616210938 0
52.016700744628906 0
586.3701782226562 0
14.18637466430664 0
28.37274932861328 0
61.47429275512695 0
18.915164947509766 0
146.59254455566406 0
794.43701171875 0
37.83032989501953 0
255.35475158691406 0
61.47429275512695 0
18.915164947509766 0
42.559120178222656 0
321.5578308105469 0
89.84703826904297 0
397.218505859375 0
33.10154342651367 0
70.93186950683594 0
28.37274932861328 0
160.77891540527344 0
359.3881530761719 0
9.457582473754883 0
160.77891540527344 0
18.915164947509766 0
397.218505859375 0
9.457582473754883 0
89.84703826904297 0
14.18637466430664 0
99.30462646484375 0
217.5244140625 0
37.83032989501953 0
14.18637466430664 0
66.20308685302734 0
14.18637466430664 0
14.18637466430664 0
80.38945770263672 0
293.1850891113281 0
52.016700744628906 0
4.728791236877441 0
33.10154342651367 0
28.37274932861328 0
4.728791236877441 0
80.38945770263672 0
160.77891540527344 0
28.37274932861328 0
118.21977996826172 0
14.18637466430664 0
23.643959045410156 0
28.37274932861328 0
66.20308685302734 0
47.28791809082031 0
66.20308685302734 0
18.915164947509766 0
4.728791236877441 0
18.915164947509766 0
52.016700744628906 0
14.18637466430664 0
9.457582473754883 0
33.10154342651367 0
89.84703826904297 1
18.915164947509766 0
18.915164947509766 0
9.457582473754883 0
47.28791809082031 0
28.37274932861328 0
5.227572917938232 0
11.410750389099121 0
5.695956707000732 0
19.574501037597656 0
55.461082458496094 0
108.32978820800781 0
7.471019268035889 0
11.206530570983887 0
35.56290817260742 0
817.9469604492188 0
4.728791236877441 0
14.18637466430664 0
236.43955993652344 0
23.643959045410156 0
794.43701171875 0
18.915164947509766 0
137.13494873046875 0
14.18637466430664 0
28.37274932861328 0
28.37274932861328 0
37.83032989501953 0
794.43701171875 0
52.016700744628906 0
108.76220703125 0
47.28791809082031 0
18.915164947509766 0
9.457582473754883 0
718.7763061523438 0
274.2698974609375 0
137.13494873046875 0
99.30462646484375 0
66.20308685302734 0
14.18637466430664 0
61.47429275512695 0
18.915164947509766 0
42.559120178222656 0
643.1156616210938 0
47.28791809082031 0
236.43955993652344 0
14.18637466430664 0
23.643959045410156 0
47.28791809082031 0
4.728791236877441 0
397.218505859375 0
23.643959045410156 0
146.59254455566406 0
179.69407653808594 0
33.10154342651367 0
89.84703826904297 0
66.20308685302734 0
160.77891540527344 0
127.67737579345703 0
52.016700744628906 0
52.016700744628906 0
37.83032989501953 0
66.20308685302734 0
18.915164947509766 0
14.18637466430664 0
14.18637466430664 0
14.18637466430664 0
9.457582473754883 0
66.20308685302734 0
23.643959045410156 0
28.37274932861328 0
18.915164947509766 0
4.728791236877441 0
9.457582473754883 1
9.457582473754883 0
28.37274932861328 0
28.37274932861328 0
3.1365437507629395 0
5.7053751945495605 0
71.19945526123047 0
189.2201385498047 0
41.090606689453125 0
463.2032470703125 0
7.471019268035889 0
4.445363521575928 0
17.78145408630371 0
515.6621704101562 0
18.915164947509766 0
236.43955993652344 0
586.3701782226562 0
160.77891540527344 0
255.35475158691406 0
274.2698974609375 0
89.84703826904297 0
99.30462646484375 0
718.7763061523438 0
47.28791809082031 0
127.67737579345703 0
198.6092529296875 0
510.7095031738281 0
14.18637466430664 0
118.21977996826172 0
274.2698974609375 0
61.47429275512695 0
118.21977996826172 0
718.7763061523438 0
28.37274932861328 0
23.643959045410156 0
4.728791236877441 0
236.43955993652344 0
23.643959045410156 0
146.59254455566406 0
14.18637466430664 0
4.728791236877441 0
42.559120178222656 0
160.77891540527344 0
4.728791236877441 0
80.38945770263672 0
61.47429275512695 0
160.77891540527344 0
99.30462646484375 0
33.10154342651367 0
37.83032989501953 0
47.28791809082031 0
47.28791809082031 0
61.47429275512695 0
47.28791809082031 0
9.457582473754883 0
9.457582473754883 0
42.559120178222656 0
9.457582473754883 0
9.457582473754883 0
28.37274932861328 0
37.83032989501953 0
4.728791236877441 0
9.457582473754883 1
2.091029167175293 0
3.8035833835601807 0
11.391913414001465 0
39.14900207519531 0
85.91673278808594 0
26.672183990478516 0
120.02483367919922 0
127.67737579345703 0
4.728791236877441 0
28.37274932861328 0
255.35475158691406 0
18.915164947509766 0
236.43955993652344 0
9.457582473754883 0
118.21977996826172 0
18.915164947509766 0
89.84703826904297 0
359.3881530761719 0
33.10154342651367 0
236.43955993652344 0
14.18637466430664 0
217.5244140625 0
14.18637466430664 0
28.37274932861328 0
28.37274932861328 0
160.77891540527344 0
14.18637466430664 0
9.457582473754883 0
179.69407653808594 0
127.67737579345703 0
18.915164947509766 0
435.048828125 0
359.3881530761719 0
321.5578308105469 0
9.457582473754883 0
47.28791809082031 0
14.18637466430664 0
718.7763061523438 0
9.457582473754883 0
28.37274932861328 0
179.69407653808594 0
217.5244140625 0
23.643959045410156 0
118.21977996826172 0
28.37274932861328 0
28.37274932861328 0
89.84703826904297 0
9.457582473754883 0
80.38945770263672 0
127.67737579345703 0
80.38945770263672 0
47.28791809082031 0
14.18637466430664 0
42.559120178222656 0
14.18637466430664 0
4.728791236877441 0
28.37274932861328 0
14.18637466430664 0
47.28791809082031 0
42.559120178222656 0
23.643959045410156 0
4.728791236877441 0
80.38945770263672 0
52.016700744628906 0
14.18637466430664 0
14.18637466430664 0
18.915164947509766 0
15.985840797424316 1
22.413061141967773 0
42.559120178222656 0
33.10154342651367 0
33.10154342651367 0
14.18637466430664 0
47.28791809082031 0
2.091029167175293 0
5.7053751945495605 0
22.78382682800293 0
13.049665451049805 0
221.84432983398438 0
18.67755126953125 0
343.66693115234375 0
66.68045806884766 0
675.6953125 0
22.22681999206543 0
8.890727043151855 0
4.445363521575928 0
4.445363521575928 0
28.37274932861328 0
945.7582397460938 0
127.67737579345703 0
61.47429275512695 0
18.915164947509766 0
14.18637466430664 0
1286.2313232421875 0
14.18637466430664 0
70.93186950683594 0
61.47429275512695 0
9.457582473754883 0
108.76220703125 0
586.3701782226562 0
18.915164947509766 0
80.38945770263672 0
4.728791236877441 0
23.643959045410156 0
108.76220703125 0
1021.4190063476562 0
137.13494873046875 0
14.18637466430664 0
70.93186950683594 0
14.18637466430664 0
9.457582473754883 0
18.915164947509766 0
89.84703826904297 0
586.3701782226562 0
14.18637466430664 0
108.76220703125 0
37.83032989501953 0
37.83032989501953 0
118.21977996826172 0
18.915164947509766 0
52.016700744628906 0
9.457582473754883 0
14.18637466430664 0
4.728791236877441 0
14.18637466430664 0
70.93186950683594 0
23.643959045410156 0
56.74549865722656 0
18.915164947509766 0
9.457582473754883 0
23.643959045410156 0
14.18637466430664 0
9.457582473754883 0
70.93186950683594 0
4.728791236877441 0
80.38945770263672 1
33.10154342651367 0
118.21977996826172 0
28.37274932861328 0
18.915164947509766 0
2.091029167175293 0
5.7053751945495605 0
5.695956707000732 0
19.935848236083984 0
75.03558349609375 0
9.787250518798828 0
171.83346557617188 0
408.9734802246094 0
61.47429275512695 0
718.7763061523438 0
9.457582473754883 0
137.13494873046875 0
870.09765625 0
9.457582473754883 0
47.28791809082031 0
33.10154342651367 0
66.20308685302734 0
33.10154342651367 0
870.09765625 0
18.915164947509766 0
14.18637466430664 0
42.559120178222656 0
66.20308685302734 0
9.457582473754883 0
548.539794921875 0
28.37274932861328 0
33.10154342651367 0
9.457582473754883 0
61.47429275512695 0
137.13494873046875 0
945.7582397460938 0
9.457582473754883 0
321.5578308105469 0
47.28791809082031 0
70.93186950683594 0
9.457582473754883 0
548.539794921875 0
127.67737579345703 0
108.76220703125 0
4.728791236877441 0
397.218505859375 0
89.84703826904297 0
14.18637466430664 0
127.67737579345703 0
28.37274932861328 0
52.016700744628906 0
118.21977996826172 0
9.457582473754883 0
9.457582473754883 0
14.18637466430664 0
52.016700744628906 0
137.13494873046875 0
33.10154342651367 0
89.84703826904297 0
37.83032989501953 0
18.915164947509766 0
37.83032989501953 0
18.915164947509766 0
9.457582473754883 1
2.091029167175293 0
3.8035833835601807 0
8.543935775756836 0
9.787250518798828 0
22.413061141967773 0
115.80081176757812 0
13.336091995239258 0
137.80628967285156 0
337.84765625 0
9.457582473754883 0
127.67737579345703 0
99.30462646484375 0
586.3701782226562 0
255.35475158691406 0
56.74549865722656 0
42.559120178222656 0
9.457582473754883 0
510.7095031738281 0
4.728791236877441 0
33.10154342651367 0
236.43955993652344 0
28.37274932861328 0
33.10154342651367 0
718.7763061523438 0
56.74549865722656 0
397.218505859375 0
28.37274932861328 0
28.37274932861328 0
274.2698974609375 0
42.559120178222656 0
80.38945770263672 0
108.76220703125 0
14.18637466430664 0
28.37274932861328 0
42.559120178222656 0
359.3881530761719 0
18.915164947509766 0
179.69407653808594 0
18.915164947509766 0
14.18637466430664 0
321.5578308105469 0
42.559120178222656 0
28.37274932861328 0
47.28791809082031 0
118.21977996826172 0
99.30462646484375 0
9.457582473754883 0
179.69407653808594 0
89.84703826904297 0
37.83032989501953 0
28.37274932861328 0
18.915164947509766 0
23.643959045410156 0
56.74549865722656 0
33.10154342651367 0
14.18637466430664 0
18.915164947509766 0
42.559120178222656 0
4.728791236877441 0
52.016700744628906 0
47.28791809082031 0
28.37274932861328 0
18.915164947509766 0
99.30462646484375 0
66.20308685302734 0
47.28791809082031 0
66.20308685302734 0
18.915164947509766 1
23.643959045410156 0
89.84703826904297 0
179.69407653808594 0
3.1365437507629395 0
3.8035833835601807 0
8.543935775756836 0
39.87169647216797 0
137.02149963378906 0
22.836915969848633 0
156.8914337158203 0
14.942038536071777 0
85.91673278808594 0
463.2032470703125 0
22.22681999206543 0
604.5695190429688 0
8.890727043151855 0
17.78145408630371 0
4.445363521575928 0
204.4867401123047 0
22.22681999206543 0
127.67737579345703 0
108.76220703125 0
870.09765625 0
42.559120178222656 0
23.643959045410156 0
359.3881530761719 0
99.30462646484375 0
4.728791236877441 0
274.2698974609375 0
9.457582473754883 0
18.915164947509766 0
321.5578308105469 0
99.30462646484375 0
472.8791198730469 0
23.643959045410156 0
56.74549865722656 0
18.915164947509766 0
255.35475158691406 0
28.37274932861328 0
52.016700744628906 0
14.18637466430664 0
9.457582473754883 0
160.77891540527344 0
4.728791236877441 0
4.728791236877441 0
56.74549865722656 0
37.83032989501953 0
236.43955993652344 0
18.915164947509766 0
9.457582473754883 0
118.21977996826172 0
23.643959045410156 0
146.59254455566406 0
14.18637466430664 0
118.21977996826172 0
61.47429275512695 0
47.28791809082031 0
108.76220703125 0
61.47429275512695 0
9.457582473754883 0
9.457582473754883 0
89.84703826904297 0
236.43955993652344 0
14.18637466430664 0
70.93186950683594 0
42.559120178222656 0
14.18637466430664 0
70.93186950683594 0
80.38945770263672 0
56.74549865722656 0
47.28791809082031 0
9.457582473754883 0
31.92416000366211 0
23.978761672973633 0
39.964603424072266 1
14.18637466430664 0
18.915164947509766 0
4.728791236877441 0
2.091029167175293 0
5.7053751945495605 0
22.78382682800293 0
123.97183227539062 0
29.884077072143555 0
7.471019268035889 0
254.01467895507812 0
11.206530570983887 0
22.413061141967773 0
22.413061141967773 0
4.445363521575928 0
17.78145408630371 0
515.6621704101562 0
40.008270263671875 0
8.890727043151855 0
28.37274932861328 0
70.93186950683594 0
359.3881530761719 0
80.38945770263672 0
28.37274932861328 0
4.728791236877441 0
56.74549865722656 0
160.77891540527344 0
643.1156616210938 0
33.10154342651367 0
61.47429275512695 0
397.218505859375 0
255.35475158691406 0
397.218505859375 0
18.915164947509766 0
9.457582473754883 0
28.37274932861328 0
18.915164947509766 0
255.35475158691406 0
472.8791198730469 0
23.643959045410156 0
37.83032989501953 0
14.18637466430664 0
4.728791236877441 0
146.59254455566406 0
14.18637466430664 0
23.643959045410156 0
61.47429275512695 0
198.6092529296875 0
255.35475158691406 0
217.5244140625 0
108.76220703125 0
359.3881530761719 0
42.559120178222656 0
18.915164947509766 0
14.18637466430664 0
37.83032989501953 0
52.016700744628906 0
99.30462646484375 0
52.016700744628906 0
9.457582473754883 0
23.643959045410156 0
89.84703826904297 0
118.21977996826172 0
23.643959045410156 0
33.10154342651367 0
14.18637466430664 0
56.74549865722656 0
14.18637466430664 0
9.457582473754883 0
9.457582473754883 0
4.728791236877441 0
4.728791236877441 0
9.457582473754883 0
33.10154342651367 0
33.10154342651367 0
37.83032989501953 0
89.84703826904297 0
37.83032989501953 0
70.93186950683594 0
4.728791236877441 1
9.409631729125977 0
70.93186950683594 0
28.37274932861328 0
5.695956707000732 0
4.728791236877441 0
3.1365437507629395 0
5.7053751945495605 0
39.87169647216797 0
81.5604019165039 0
29.884077072143555 0
41.090606689453125 0
40.008270263671875 0
44.45363998413086 0
359.3881530761719 0
255.35475158691406 0
472.8791198730469 0
42.559120178222656 0
66.20308685302734 0
18.915164947509766 0
1097.07958984375 0
56.74549865722656 0
548.539794921875 0
4.728791236877441 0
4.728791236877441 0
18.915164947509766 0
321.5578308105469 0
255.35475158691406 0
18.915164947509766 0
472.8791198730469 0
9.457582473754883 0
18.915164947509766 0
28.37274932861328 0
70.93186950683594 0
586.3701782226562 0
33.10154342651367 0
4.728791236877441 0
198.6092529296875 0
4.728791236877441 0
293.1850891113281 0
14.18637466430664 0
23.643959045410156 0
23.643959045410156 0
179.69407653808594 0
33.10154342651367 0
14.18637466430664 0
28.37274932861328 0
9.457582473754883 0
321.5578308105469 0
14.18637466430664 0
33.10154342651367 0
198.6092529296875 0
18.915164947509766 0
70.93186950683594 0
66.20308685302734 0
23.643959045410156 0
14.18637466430664 0
108.76220703125 0
127.67737579345703 0
14.18637466430664 0
137.13494873046875 0
99.30462646484375 0
14.18637466430664 0
47.28791809082031 0
18.915164947509766 0
70.93186950683594 0
61.47429275512695 0
42.559120178222656 0
137.13494873046875 0
23.643959045410156 0
52.016700744628906 0
4.728791236877441 0
18.915164947509766 0
4.728791236877441 0
9.457582473754883 0
9.457582473754883 0
28.37274932861328 0
89.84703826904297 1
80.38945770263672 0
42.559120178222656 0
37.83032989501953 0
4.182058334350586 0
2.091029167175293 0
5.7053751945495605 0
5.695956707000732 0
55.461082458496094 0
127.00733947753906 0
37.3551025390625 0
222.26817321777344 0
515.6621704101562 0
14.18637466430664 0
42.559120178222656 0
435.048828125 0
47.28791809082031 0
52.016700744628906 0
9.457582473754883 0
14.18637466430664 0
23.643959045410156 0
586.3701782226562 0
9.457582473754883 0
14.18637466430664 0
321.5578308105469 0
9.457582473754883 0
236.43955993652344 0
14.18637466430664 0
28.37274932861328 0
643.1156616210938 0
56.74549865722656 0
4.728791236877441 0
80.38945770263672 0
472.8791198730469 0
99.30462646484375 0
28.37274932861328 0
52.016700744628906 0
37.83032989501953 0
359.3881530761719 0
14.18637466430664 0
89.84703826904297 0
146.59254455566406 0
28.37274932861328 0
28.37274932861328 0
14.18637466430664 0
321.5578308105469 0
9.457582473754883 0
47.28791809082031 0
47.28791809082031 0
9.457582473754883 0
14.18637466430664 0
9.457582473754883 0
37.83032989501953 0
56.74549865722656 0
9.457582473754883 0
9.457582473754883 0
80.38945770263672 0
47.28791809082031 0
61.47429275512695 0
18.915164947509766 0
23.643959045410156 0
33.10154342651367 0
14.18637466430664 0
28.37274932861328 0
14.18637466430664 0
80.38945770263672 0
14.18637466430664 0
14.18637466430664 0
9.457582473754883 1
14.18637466430664 0
6.524832725524902 0
28.37274932861328 0
18.915164947509766 0
28.37274932861328 0
23.643959045410156 0
18.915164947509766 0
6.273087501525879 0
3.8035833835601807 0
2.847978353500366 0
5.695956707000732 0
39.14900207519531 0
33.61958694458008 0
120.02483367919922 0
118.21977996826172 0
435.048828125 0
14.18637466430664 0
870.09765625 0
14.18637466430664 0
18.915164947509766 0
80.38945770263672 0
1437.5526123046875 0
28.37274932861328 0
80.38945770263672 0
33.10154342651367 0
14.18637466430664 0
89.84703826904297 0
61.47429275512695 0
1021.4190063476562 0
9.457582473754883 0
37.83032989501953 0
586.3701782226562 0
198.6092529296875 0
4.728791236877441 0
14.18637466430664 0
359.3881530761719 0
160.77891540527344 0
9.457582473754883 0
66.20308685302734 0
236.43955993652344 0
52.016700744628906 0
9.457582473754883 0
118.21977996826172 0
18.915164947509766 0
14.18637466430664 0
42.559120178222656 0
321.5578308105469 0
37.83032989501953 0
127.67737579345703 0
70.93186950683594 0
18.915164947509766 0
4.728791236877441 0
61.47429275512695 0
4.728791236877441 0
9.457582473754883 0
56.74549865722656 0
14.18637466430664 0
28.37274932861328 0
33.10154342651367 0
18.915164947509766 0
9.457582473754883 0
4.728791236877441 1
9.457582473754883 0
37.83032989501953 0
2.091029167175293 0
3.8035833835601807 0
5.695956707000732 0
55.461082458496094 0
7.471019268035889 0
41.090606689453125 0
57.789730072021484 0
111.13408660888672 0
23.643959045410156 0
472.8791198730469 0
80.38945770263672 0
643.1156616210938 0
108.76220703125 0
127.67737579345703 0
643.1156616210938 0
52.016700744628906 0
14.18637466430664 0
108.76220703125 0
28.37274932861328 0
137.13494873046875 0
179.69407653808594 0
1172.7403564453125 0
89.84703826904297 0
14.18637466430664 0
945.7582397460938 0
37.83032989501953 0
217.5244140625 0
14.18637466430664 0
4.728791236877441 0
9.457582473754883 0
510.7095031738281 0
14.18637466430664 0
52.016700744628906 0
18.915164947509766 0
137.13494873046875 0
80.38945770263672 0
14.18637466430664 0
359.3881530761719 0
14.18637466430664 0
52.016700744628906 0
28.37274932861328 0
28.37274932861328 0
4.728791236877441 0
42.559120178222656 0
70.93186950683594 0
14.18637466430664 0
28.37274932861328 0
14.18637466430664 0
89.84703826904297 0
18.915164947509766 0
14.18637466430664 0
80.38945770263672 0
28.37274932861328 0
18.915164947509766 0
42.559120178222656 0
18.915164947509766 0
9.457582473754883 0
18.915164947509766 0
14.18637466430664 0
4.728791236877441 0
28.37274932861328 0
23.643959045410156 0
47.28791809082031 0
14.18637466430664 0
33.10154342651367 0
23.643959045410156 0
52.016700744628906 0
14.18637466430664 0
61.47429275512695 0
9.457582473754883 0
28.37274932861328 0
18.915164947509766 0
18.915164947509766 0
18.915164947509766 1
14.18637466430664 0
80.38945770263672 0
14.18637466430664 0
18.915164947509766 0
8.890727043151855 0
33.10154342651367 0
2.091029167175293 0
5.227572917938232 0
3.8035833835601807 0
22.78382682800293 0
94.61006927490234 0
156.8914337158203 0
433.31915283203125 0
337.84765625 0
4.445363521575928 0
61.47429275512695 0
18.915164947509766 0
160.77891540527344 0
18.915164947509766 0
472.8791198730469 0
52.016700744628906 0
870.09765625 0
9.457582473754883 0
18.915164947509766 0
14.18637466430664 0
108.76220703125 0
14.18637466430664 0
198.6092529296875 0
108.76220703125 0
321.5578308105469 0
127.67737579345703 0
718.7763061523438 0
118.21977996826172 0
56.74549865722656 0
108.76220703125 0
14.18637466430664 0
4.728791236877441 0
321.5578308105469 0
127.67737579345703 0
321.5578308105469 0
18.915164947509766 0
37.83032989501953 0
4.728791236877441 0
236.43955993652344 0
14.18637466430664 0
52.016700744628906 0
9.457582473754883 0
198.6092529296875 0
18.915164947509766 0
146.59254455566406 0
198.6092529296875 0
37.83032989501953 0
4.728791236877441 0
9.457582473754883 0
89.84703826904297 0
80.38945770263672 0
14.18637466430664 0
4.728791236877441 0
14.18637466430664 0
14.18637466430664 0
4.728791236877441 0
14.18637466430664 0
14.18637466430664 0
108.76220703125 0
9.457582473754883 0
146.59254455566406 0
80.38945770263672 0
23.643959045410156 0
14.18637466430664 0
4.728791236877441 1
19.935848236083984 0
14.18637466430664 0
23.643959045410156 0
89.84703826904297 0
18.915164947509766 0
93.35264587402344 0
5.227572917938232 0
3.8035833835601807 0
5.695956707000732 0
26.09933090209961 0
70.97468566894531 0
337.84765625 0
102.24337005615234 0
198.6092529296875 0
9.457582473754883 0
794.43701171875 0
14.18637466430664 0
794.43701171875 0
47.28791809082031 0
236.43955993652344 0
472.8791198730469 0
9.457582473754883 0
4.728791236877441 0
14.18637466430664 0
397.218505859375 0
14.18637466430664 0
18.915164947509766 0
18.915164947509766 0
14.18637466430664 0
255.35475158691406 0
89.84703826904297 0
89.84703826904297 0
14.18637466430664 0
23.643959045410156 0
14.18637466430664 0
99.30462646484375 0
80.38945770263672 0
52.016700744628906 0
198.6092529296875 0
321.5578308105469 0
99.30462646484375 0
61.47429275512695 0
9.457582473754883 0
28.37274932861328 0
4.728791236877441 0
23.643959045410156 0
52.016700744628906 0
9.457582473754883 0
118.21977996826172 0
23.643959045410156 0
198.6092529296875 0
127.67737579345703 0
14.18637466430664 0
118.21977996826172 0
108.76220703125 0
160.77891540527344 0
9.457582473754883 0
9.457582473754883 0
37.83032989501953 0
18.915164947509766 0
23.643959045410156 0
9.457582473754883 0
18.915164947509766 0
66.20308685302734 0
70.93186950683594 0
4.728791236877441 0
52.016700744628906 0
9.457582473754883 0
37.83032989501953 0
89.84703826904297 0
80.38945770263672 0
80.38945770263672 0
118.21977996826172 1
33.10154342651367 0
30.319921493530273 0
4.728791236877441 0
14.18637466430664 0
33.10154342651367 0
3.1365437507629395 0
3.8035833835601807 0
37.02371597290039 0
48.936248779296875 0
94.61006927490234 0
63.50366973876953 0
127.00733947753906 0
35.56290817260742 0
151.1423797607422 0
604.5695190429688 0
4.445363521575928 0
204.4867401123047 0
118.21977996826172 0
56.74549865722656 0
274.2698974609375 0
397.218505859375 0
4.728791236877441 0
18.915164947509766 0
179.69407653808594 0
472.8791198730469 0
146.59254455566406 0
236.43955993652344 0
14.18637466430664 0
47.28791809082031 0
137.13494873046875 0
33.10154342651367 0
274.2698974609375 0
146.59254455566406 0
70.93186950683594 0
236.43955993652344 0
14.18637466430664 0
146.59254455566406 0
23.643959045410156 0
66.20308685302734 0
160.77891540527344 0
179.69407653808594 0
52.016700744628906 0
397.218505859375 0
9.457582473754883 0
70.93186950683594 0
255.35475158691406 0
70.93186950683594 0
14.18637466430664 0
37.83032989501953 0
80.38945770263672 0
108.76220703125 0
28.37274932861328 0
18.915164947509766 0
23.643959045410156 0
28.37274932861328 0
70.93186950683594 0
28.37274932861328 0
14.18637466430664 0
9.457582473754883 0
18.915164947509766 0
9.457582473754883 0
14.18637466430664 0
9.457582473754883 0
33.10154342651367 0
14.18637466430664 1
18.915164947509766 0
28.47978401184082 0
37.83032989501953 0
47.28791809082031 0
9.457582473754883 0
33.10154342651367 0
52.016700744628906 0
6.273087501525879 0
2.091029167175293 0
9.508959770202637 0
7.607166767120361 0
39.87169647216797 0
108.22317504882812 0
35.88657760620117 0
123.97183227539062 0
75.03558349609375 0
56.03265380859375 0
22.413061141967773 0
3.7355096340179443 0
403.4350891113281 0
33.61958694458008 0
13.336091995239258 0
48.89899826049805 0
35.56290817260742 0
675.6953125 0
14.18637466430664 0
80.38945770263672 0
28.37274932861328 0
870.09765625 0
9.457582473754883 0
118.21977996826172 0
56.74549865722656 0
33.10154342651367 0
33.10154342651367 0
18.915164947509766 0
61.47429275512695 0
870.09765625 0
18.915164947509766 0
33.10154342651367 0
28.37274932861328 0
52.016700744628906 0
28.37274932861328 0
23.643959045410156 0
472.8791198730469 0
37.83032989501953 0
179.69407653808594 0
42.559120178222656 0
510.7095031738281 0
14.18637466430664 0
28.37274932861328 0
9.457582473754883 0
137.13494873046875 0
118.21977996826172 0
9.457582473754883 0
18.915164947509766 0
28.37274932861328 0
435.048828125 0
14.18637466430664 0
127.67737579345703 0
18.915164947509766 0
80.38945770263672 0
33.10154342651367 0
61.47429275512695 0
160.77891540527344 0
23.643959045410156 0
9.457582473754883 0
14.18637466430664 0
80.38945770263672 0
14.18637466430664 0
9.457582473754883 0
66.20308685302734 0
9.457582473754883 0
89.84703826904297 0
33.10154342651367 0
9.457582473754883 0
66.20308685302734 0
9.457582473754883 1
18.915164947509766 0
33.10154342651367 0
37.83032989501953 0
47.28791809082031 0
9.457582473754883 0
18.915164947509766 0
4.728791236877441 0
42.559120178222656 0
8.364116668701172 0
3.8035833835601807 0
5.695956707000732 0
6.524832725524902 0
7.471019268035889 0
141.94937133789062 0
66.68045806884766 0
48.89899826049805 0
93.35264587402344 0
817.9469604492188 0
8.890727043151855 0
66.20308685302734 0
14.18637466430664 0
14.18637466430664 0
37.83032989501953 0
146.59254455566406 0
1021.4190063476562 0
14.18637466430664 0
23.643959045410156 0
179.69407653808594 0
718.7763061523438 0
14.18637466430664 0
4.728791236877441 0
9.457582473754883 0
18.915164947509766 0
9.457582473754883 0
359.3881530761719 0
945.7582397460938 0
4.728791236877441 0
9.457582473754883 0
42.559120178222656 0
108.76220703125 0
397.218505859375 0
18.915164947509766 0
61.47429275512695 0
18.915164947509766 0
14.18637466430664 0
643.1156616210938 0
108.76220703125 0
18.915164947509766 0
18.915164947509766 0
18.915164947509766 0
217.5244140625 0
18.915164947509766 0
37.83032989501953 0
198.6092529296875 0
160.77891540527344 0
61.47429275512695 0
18.915164947509766 0
28.37274932861328 0
80.38945770263672 0
14.18637466430664 0
14.18637466430664 0
47.28791809082031 0
42.559120178222656 0
56.74549865722656 0
9.457582473754883 0
137.13494873046875 0
14.18637466430664 0
28.37274932861328 0
9.457582473754883 0
160.77891540527344 0
18.915164947509766 0
9.457582473754883 1
14.23989200592041 0
52.016700744628906 0
37.83032989501953 0
1.0455145835876465 0
70.93186950683594 0
3.1365437507629395 0
5.7053751945495605 0
65.50350189208984 0
110.92216491699219 0
41.090606689453125 0
313.7828674316406 0
551.2251586914062 0
17.78145408630371 0
4.445363521575928 0
31.1175479888916 0
33.10154342651367 0
870.09765625 0
274.2698974609375 0
4.728791236877441 0
160.77891540527344 0
1286.2313232421875 0
33.10154342651367 0
23.643959045410156 0
42.559120178222656 0
870.09765625 0
70.93186950683594 0
9.457582473754883 0
9.457582473754883 0
472.8791198730469 0
37.83032989501953 0
23.643959045410156 0
28.37274932861328 0
42.559120178222656 0
321.5578308105469 0
80.38945770263672 0
56.74549865722656 0
14.18637466430664 0
137.13494873046875 0
14.18637466430664 0
42.559120178222656 0
99.30462646484375 0
37.83032989501953 0
14.18637466430664 0
14.18637466430664 0
56.74549865722656 0
70.93186950683594 0
14.18637466430664 0
14.18637466430664 0
56.74549865722656 0
47.28791809082031 0
4.728791236877441 0
18.915164947509766 0
61.47429275512695 0
28.37274932861328 0
61.47429275512695 0
28.37274932861328 0
33.10154342651367 0
33.10154342651367 0
9.457582473754883 0
14.18637466430664 0
18.915164947509766 0
23.643959045410156 0
23.643959045410156 0
23.643959045410156 1
4.728791236877441 0
18.915164947509766 0
99.30462646484375 0
18.915164947509766 0
23.643959045410156 0
4.728791236877441 0
2.091029167175293 0
3.1365437507629395 0
3.8035833835601807 0
5.7053751945495605 0
5.695956707000732 0
3.262416362762451 0
9.787250518798828 0
55.461082458496094 0
11.206530570983887 0
186.77548217773438 0
14.942038536071777 0
22.22681999206543 0
93.35264587402344 0
8.890727043151855 0
337.84765625 0
44.45363998413086 0
99.30462646484375 0
586.3701782226562 0
14.18637466430664 0
321.5578308105469 0
397.218505859375 0
137.13494873046875 0
255.35475158691406 0
33.10154342651367 0
9.457582473754883 0
56.74549865722656 0
52.016700744628906 0
548.539794921875 0
18.915164947509766 0
47.28791809082031 0
23.643959045410156 0
127.67737579345703 0
359.3881530761719 0
9.457582473754883 0
56.74549865722656 0
23.643959045410156 0
61.47429275512695 0
137.13494873046875 0
255.35475158691406 0
52.016700744628906 0
14.18637466430664 0
18.915164947509766 0
217.5244140625 0
9.457582473754883 0
137.13494873046875 0
47.28791809082031 0
4.728791236877441 0
9.457582473754883 0
9.457582473754883 0
33.10154342651367 0
118.21977996826172 0
9.457582473754883 0
9.457582473754883 0
47.28791809082031 0
127.67737579345703 0
14.18637466430664 0
56.74549865722656 0
14.18637466430664 0
56.74549865722656 0
160.77891540527344 0
14.18637466430664 0
80.38945770263672 0
14.18637466430664 0
23.643959045410156 0
4.728791236877441 0
14.18637466430664 0
37.83032989501953 0
4.728791236877441 0
14.18637466430664 0
28.37274932861328 0
9.457582473754883 0
127.67737579345703 0
118.21977996826172 0
80.38945770263672 0
33.10154342651367 0
55.95044708251953 1
8.543935775756836 0
66.20308685302734 0
33.10154342651367 0
47.28791809082031 0
3.7355096340179443 0
14.18637466430664 0
28.37274932861328 0
1.0455145835876465 0
4.182058334350586 0
7.318602085113525 0
11.500659942626953 0
3.8035833835601807 0
14.23989200592041 0
59.80754852294922 0
5.695956707000732 0
123.97183227539062 0
33.61958694458008 0
141.94937133789062 0
75.5711898803711 0
84.4619140625 0
675.6953125 0
102.24337005615234 0
28.37274932861328 0
99.30462646484375 0
359.3881530761719 0
14.18637466430664 0
127.67737579345703 0
23.643959045410156 0
548.539794921875 0
80.38945770263672 0
33.10154342651367 0
236.43955993652344 0
33.10154342651367 0
18.915164947509766 0
1097.07958984375 0
56.74549865722656 0
18.915164947509766 0
255.35475158691406 0
293.1850891113281 0
435.048828125 0
160.77891540527344 0
70.93186950683594 0
28.37274932861328 0
321.5578308105469 0
9.457582473754883 0
9.457582473754883 0
14.18637466430664 0
89.84703826904297 0
198.6092529296875 0
70.93186950683594 0
137.13494873046875 0
4.728791236877441 0
89.84703826904297 0
9.457582473754883 0
66.20308685302734 0
198.6092529296875 0
321.5578308105469 0
160.77891540527344 0
80.38945770263672 0
56.74549865722656 0
18.915164947509766 0
33.10154342651367 0
9.457582473754883 0
80.38945770263672 0
14.18637466430664 0
33.10154342651367 0
14.18637466430664 0
23.643959045410156 0
66.20308685302734 0
42.559120178222656 0
47.28791809082031 0
14.18637466430664 0
9.457582473754883 0
4.728791236877441 1
4.728791236877441 0
4.182058334350586 0
3.8035833835601807 0
14.23989200592041 0
26.09933090209961 0
18.67755126953125 0
85.91673278808594 0
257.8310852050781 0
186.70529174804688 0
255.35475158691406 0
137.13494873046875 0
643.1156616210938 0
42.559120178222656 0
9.457582473754883 0
23.643959045410156 0
217.5244140625 0
198.6092529296875 0
718.7763061523438 0
18.915164947509766 0
52.016700744628906 0
137.13494873046875 0
870.09765625 0
127.67737579345703 0
14.18637466430664 0
28.37274932861328 0
37.83032989501953 0
359.3881530761719 0
137.13494873046875 0
321.5578308105469 0
9.457582473754883 0
9.457582473754883 0
37.83032989501953 0
198.6092529296875 0
89.84703826904297 0
643.1156616210938 0
198.6092529296875 0
18.915164947509766 0
23.643959045410156 0
108.76220703125 0
217.5244140625 0
14.18637466430664 0
179.69407653808594 0
274.2698974609375 0
14.18637466430664 0
4.728791236877441 0
23.643959045410156 0
80.38945770263672 0
56.74549865722656 0
28.37274932861328 0
28.37274932861328 0
89.84703826904297 0
18.915164947509766 0
23.643959045410156 0
33.10154342651367 0
61.47429275512695 0
4.728791236877441 0
14.18637466430664 0
14.18637466430664 0
87.92212677001953 1
17.087871551513672 0
56.74549865722656 0
18.915164947509766 0
56.74549865722656 0
28.37274932861328 0
2.091029167175293 0
5.7053751945495605 0
39.87169647216797 0
163.1208038330078 0
3.262416362762451 0
93.38774108886719 0
44.82612228393555 0
35.56290817260742 0
444.5363464355469 0
56.74549865722656 0
643.1156616210938 0
160.77891540527344 0
47.28791809082031 0
4.728791236877441 0
9.457582473754883 0
14.18637466430664 0
18.915164947509766 0
127.67737579345703 0
1021.4190063476562 0
137.13494873046875 0
47.28791809082031 0
42.559120178222656 0
510.7095031738281 0
18.915164947509766 0
160.77891540527344 0
37.83032989501953 0
4.728791236877441 0
118.21977996826172 0
236.43955993652344 0
472.8791198730469 0
99.30462646484375 0
179.69407653808594 0
18.915164947509766 0
4.728791236877441 0
23.643959045410156 0
293.1850891113281 0
108.76220703125 0
99.30462646484375 0
4.728791236877441 0
52.016700744628906 0
14.18637466430664 0
18.915164947509766 0
70.93186950683594 0
23.643959045410156 0
14.18637466430664 0
18.915164947509766 0
23.643959045410156 0
255.35475158691406 0
33.10154342651367 0
80.38945770263672 0
18.915164947509766 0
42.559120178222656 0
23.643959045410156 0
14.18637466430664 0
28.37274932861328 0
9.457582473754883 0
52.016700744628906 0
80.38945770263672 0
80.38945770263672 0
14.18637466430664 0
9.457582473754883 0
18.915164947509766 0
33.10154342651367 0
23.643959045410156 0
14.18637466430664 0
9.457582473754883 0
4.728791236877441 0
18.915164947509766 1
14.18637466430664 0
37.83032989501953 0
9.457582473754883 0
14.18637466430664 0
80.38945770263672 0
3.1365437507629395 0
3.8035833835601807 0
48.41563415527344 0
189.2201385498047 0
171.83346557617188 0
337.84765625 0
9.457582473754883 0
472.8791198730469 0
118.21977996826172 0
160.77891540527344 0
23.643959045410156 0
9.457582473754883 0
14.18637466430664 0
23.643959045410156 0
945.7582397460938 0
61.47429275512695 0
66.20308685302734 0
4.728791236877441 0
18.915164947509766 0
586.3701782226562 0
198.6092529296875 0
37.83032989501953 0
33.10154342651367 0
18.915164947509766 0
18.915164947509766 0
397.218505859375 0
37.83032989501953 0
52.016700744628906 0
23.643959045410156 0
255.35475158691406 0
146.59254455566406 0
89.84703826904297 0
33.10154342651367 0
127.67737579345703 0
37.83032989501953 0
89.84703826904297 0
47.28791809082031 0
108.76220703125 0
146.59254455566406 0
108.76220703125 0
18.915164947509766 0
198.6092529296875 0
33.10154342651367 0
217.5244140625 0
18.915164947509766 0
42.559120178222656 0
89.84703826904297 0
14.18637466430664 0
23.643959045410156 0
23.643959045410156 0
146.59254455566406 0
42.559120178222656 0
28.37274932861328 0
14.18637466430664 0
18.915164947509766 0
23.643959045410156 0
18.915164947509766 0
18.915164947509766 0
28.37274932861328 0
14.18637466430664 0
4.728791236877441 0
14.18637466430664 0
52.016700744628906 0
23.643959045410156 0
9.457582473754883 0
33.10154342651367 0
70.93186950683594 0
52.016700744628906 0
18.915164947509766 0
18.915164947509766 0
66.20308685302734 0
28.37274932861328 0
31.971681594848633 1
8.890727043151855 0
18.915164947509766 0
42.559120178222656 0
14.18637466430664 0
56.74549865722656 0
14.18637466430664 0
33.10154342651367 0
37.02371597290039 0
2.091029167175293 0
5.7053751945495605 0
28.47978401184082 0
45.673831939697266 0
110.92216491699219 0
56.03265380859375 0
343.66693115234375 0
186.70529174804688 0
604.5695190429688 0
61.47429275512695 0
52.016700744628906 0
794.43701171875 0
14.18637466430664 0
4.728791236877441 0
9.457582473754883 0
4.728791236877441 0
293.1850891113281 0
18.915164947509766 0
643.1156616210938 0
4.728791236877441 0
9.457582473754883 0
217.5244140625 0
61.47429275512695 0
23.643959045410156 0
66.20308685302734 0
510.7095031738281 0
37.83032989501953 0
28.37274932861328 0
4.728791236877441 0
14.18637466430664 0
179.69407653808594 0
70.93186950683594 0
52.016700744628906 0
397.218505859375 0
4.728791236877441 0
14.18637466430664 0
108.76220703125 0
118.21977996826172 0
9.457582473754883 0
89.84703826904297 0
274.2698974609375 0
9.457582473754883 0
14.18637466430664 0
160.77891540527344 0
89.84703826904297 0
4.728791236877441 0
18.915164947509766 0
127.67737579345703 0
89.84703826904297 0
42.559120178222656 0
9.457582473754883 0
9.457582473754883 0
23.643959045410156 0
42.559120178222656 0
89.84703826904297 0
56.74549865722656 0
56.74549865722656 0
14.18637466430664 0
4.728791236877441 0
70.93186950683594 0
47.28791809082031 0
9.457582473754883 0
14.18637466430664 0
89.84703826904297 0
89.84703826904297 0
18.915164947509766 0
37.83032989501953 0
18.915164947509766 0
33.10154342651367 1
17.77374839782715 0
47.28791809082031 0
9.457582473754883 0
61.47429275512695 0
7.318602085113525 0
15.214333534240723 0
54.11158752441406 0
221.84432983398438 0
9.787250518798828 0
156.8914337158203 0
14.942038536071777 0
373.55096435546875 0
48.56163024902344 0
48.89899826049805 0
22.22681999206543 0
746.8211669921875 0
22.22681999206543 0
37.83032989501953 0
255.35475158691406 0
14.18637466430664 0
4.728791236877441 0
1097.07958984375 0
14.18637466430664 0
33.10154342651367 0
99.30462646484375 0
643.1156616210938 0
18.915164947509766 0
23.643959045410156 0
28.37274932861328 0
108.76220703125 0
472.8791198730469 0
9.457582473754883 0
179.69407653808594 0
99.30462646484375 0
80.38945770263672 0
472.8791198730469 0
28.37274932861328 0
56.74549865722656 0
23.643959045410156 0
9.457582473754883 0
33.10154342651367 0
23.643959045410156 0
14.18637466430664 0
321.5578308105469 0
9.457582473754883 0
89.84703826904297 0
14.18637466430664 0
9.457582473754883 0
127.67737579345703 0
80.38945770263672 0
70.93186950683594 0
18.915164947509766 0
160.77891540527344 0
42.559120178222656 0
18.915164947509766 0
23.643959045410156 0
18.915164947509766 0
9.457582473754883 0
14.18637466430664 0
47.28791809082031 0
56.74549865722656 0
18.915164947509766 1
47.28791809082031 0
4.728791236877441 0
28.37274932861328 0
61.47429275512695 0
99.30462646484375 0
37.83032989501953 0
95.7724838256836 0
2.091029167175293 0
3.8035833835601807 0
22.78382682800293 0
22.836915969848633 0
141.94937133789062 0
102.24337005615234 0
275.6125793457031 0
28.37274932861328 0
14.18637466430664 0
274.2698974609375 0
14.18637466430664 0
37.83032989501953 0
643.1156616210938 0
14.18637466430664 0
52.016700744628906 0
18.915164947509766 0
9.457582473754883 0
1021.4190063476562 0
61.47429275512695 0
28.37274932861328 0
66.20308685302734 0
1097.07958984375 0
70.93186950683594 0
47.28791809082031 0
33.10154342651367 0
4.728791236877441 0
37.83032989501953 0
718.7763061523438 0
9.457582473754883 0
61.47429275512695 0
18.915164947509766 0
99.30462646484375 0
4.728791236877441 0
18.915164947509766 0
14.18637466430664 0
9.457582473754883 0
179.69407653808594 0
9.457582473754883 0
472.8791198730469 0
33.10154342651367 0
236.43955993652344 0
70.93186950683594 0
80.38945770263672 0
66.20308685302734 0
14.18637466430664 0
217.5244140625 0
47.28791809082031 0
217.5244140625 0
9.457582473754883 0
89.84703826904297 0
23.643959045410156 0
47.28791809082031 0
37.83032989501953 0
61.47429275512695 0
37.83032989501953 0
42.559120178222656 0
9.457582473754883 0
18.915164947509766 0
14.18637466430664 0
255.35475158691406 0
47.28791809082031 0
9.457582473754883 0
28.37274932861328 0
42.559120178222656 0
14.18637466430664 0
52.016700744628906 0
18.915164947509766 0
42.559120178222656 0
18.915164947509766 0
80.38945770263672 0
9.457582473754883 0
28.37274932861328 0
37.83032989501953 0
18.915164947509766 0
9.457582473754883 0
14.18637466430664 1
80.38945770263672 0
70.93186950683594 0
23.643959045410156 0
14.18637466430664 0
47.28791809082031 0
18.915164947509766 0
2.091029167175293 0
3.8035833835601807 0
8.543935775756836 0
9.787250518798828 0
16.312084197998047 0
37.3551025390625 0
4.445363521575928 0
168.923828125 0
84.4619140625 0
8.890727043151855 0
99.30462646484375 0
42.559120178222656 0
37.83032989501953 0
472.8791198730469 0
33.10154342651367 0
4.728791236877441 0
33.10154342651367 0
14.18637466430664 0
643.1156616210938 0
56.74549865722656 0
472.8791198730469 0
23.643959045410156 0
47.28791809082031 0
89.84703826904297 0
99.30462646484375 0
643.1156616210938 0
274.2698974609375 0
118.21977996826172 0
274.2698974609375 0
99.30462646484375 0
643.1156616210938 0
9.457582473754883 0
37.83032989501953 0
42.559120178222656 0
236.43955993652344 0
28.37274932861328 0
66.20308685302734 0
4.728791236877441 0
61.47429275512695 0
9.457582473754883 0
66.20308685302734 0
359.3881530761719 0
9.457582473754883 0
4.728791236877441 0
118.21977996826172 0
61.47429275512695 0
236.43955993652344 0
146.59254455566406 0
23.643959045410156 0
33.10154342651367 0
472.8791198730469 0
137.13494873046875 0
80.38945770263672 0
9.457582473754883 0
127.67737579345703 0
14.18637466430664 0
56.74549865722656 0
61.47429275512695 0
47.28791809082031 0
56.74549865722656 0
23.643959045410156 0
33.10154342651367 0
37.83032989501953 0
14.18637466430664 0
23.643959045410156 0
23.643959045410156 0
14.18637466430664 0
52.016700744628906 0
42.559120178222656 0
18.915164947509766 0
23.643959045410156 0
61.47429275512695 0
18.915164947509766 0
83.00282287597656 1
33.10154342651367 0
14.18637466430664 0
14.18637466430664 0
4.182058334350586 0
2.091029167175293 0
3.8035833835601807 0
34.175743103027344 0
14.23989200592041 0
45.673831939697266 0
6.524832725524902 0
7.471019268035889 0
70.97468566894531 0
8.890727043151855 0
151.1423797607422 0
14.18637466430664 0
89.84703826904297 0
472.8791198730469 0
9.457582473754883 0
14.18637466430664 0
18.915164947509766 0
718.7763061523438 0
52.016700744628906 0
118.21977996826172 0
9.457582473754883 0
99.30462646484375 0
794.43701171875 0
118.21977996826172 0
4.728791236877441 0
127.67737579345703 0
70.93186950683594 0
794.43701171875 0
28.37274932861328 0
33.10154342651367 0
127.67737579345703 0
23.643959045410156 0
472.8791198730469 0
23.643959045410156 0
28.37274932861328 0
23.643959045410156 0
52.016700744628906 0
47.28791809082031 0
397.218505859375 0
18.915164947509766 0
42.559120178222656 0
61.47429275512695 0
198.6092529296875 0
66.20308685302734 0
179.69407653808594 0
89.84703826904297 0
236.43955993652344 0
42.559120178222656 0
4.728791236877441 0
18.915164947509766 0
66.20308685302734 0
99.30462646484375 0
274.2698974609375 0
18.915164947509766 0
28.37274932861328 0
61.47429275512695 0
47.28791809082031 0
14.18637466430664 0
18.915164947509766 0
118.21977996826172 0
23.643959045410156 0
99.30462646484375 0
80.38945770263672 0
47.28791809082031 0
14.18637466430664 0
14.18637466430664 0
15.985840797424316 1
48.56163024902344 0
42.559120178222656 0
9.457582473754883 0
14.18637466430664 0
2.091029167175293 0
9.508959770202637 0
31.3277587890625 0
19.935848236083984 0
221.84432983398438 0
48.56163024902344 0
52.297142028808594 0
373.55096435546875 0
48.56163024902344 0
8.890727043151855 0
84.4619140625 0
22.22681999206543 0
960.1986694335938 0
31.1175479888916 0
14.18637466430664 0
127.67737579345703 0
33.10154342651367 0
37.83032989501953 0
1021.4190063476562 0
80.38945770263672 0
47.28791809082031 0
4.728791236877441 0
52.016700744628906 0
9.457582473754883 0
80.38945770263672 0
870.09765625 0
23.643959045410156 0
14.18637466430664 0
47.28791809082031 0
359.3881530761719 0
18.915164947509766 0
14.18637466430664 0
643.1156616210938 0
99.30462646484375 0
47.28791809082031 0
33.10154342651367 0
397.218505859375 0
37.83032989501953 0
99.30462646484375 0
321.5578308105469 0
18.915164947509766 0
80.38945770263672 0
89.84703826904297 0
9.457582473754883 0
23.643959045410156 0
14.18637466430664 0
179.69407653808594 0
42.559120178222656 0
28.37274932861328 0
9.457582473754883 0
9.457582473754883 0
37.83032989501953 0
23.643959045410156 0
42.559120178222656 0
37.83032989501953 0
56.74549865722656 0
14.18637466430664 0
14.18637466430664 0
14.18637466430664 1
23.643959045410156 0
9.457582473754883 0
33.10154342651367 0
14.18637466430664 0
4.728791236877441 0
2.091029167175293 0
11.410750389099121 0
11.410750389099121 0
1.9017916917800903 0
8.543935775756836 0
19.574501037597656 0
110.92216491699219 0
41.090606689453125 0
41.090606689453125 0
186.77548217773438 0
7.471019268035889 0
22.22681999206543 0
337.84765625 0
13.336091995239258 0
222.26817321777344 0
23.643959045410156 0
397.218505859375 0
870.09765625 0
52.016700744628906 0
397.218505859375 0
28.37274932861328 0
435.048828125 0
14.18637466430664 0
118.21977996826172 0
137.13494873046875 0
321.5578308105469 0
472.8791198730469 0
9.457582473754883 0
14.18637466430664 0
293.1850891113281 0
42.559120178222656 0
127.67737579345703 0
274.2698974609375 0
37.83032989501953 0
28.37274932861328 0
99.30462646484375 0
28.37274932861328 0
160.77891540527344 0
198.6092529296875 0
23.643959045410156 0
4.728791236877441 0
14.18637466430664 0
14.18637466430664 0
14.18637466430664 0
236.43955993652344 0
61.47429275512695 0
179.69407653808594 0
56.74549865722656 0
70.93186950683594 0
28.37274932861328 0
18.915164947509766 0
37.83032989501953 0
80.38945770263672 0
255.35475158691406 0
14.18637466430664 0
47.28791809082031 0
9.457582473754883 0
18.915164947509766 0
9.457582473754883 0
89.84703826904297 0
33.10154342651367 0
9.457582473754883 0
66.20308685302734 0
4.728791236877441 0
14.18637466430664 0
9.457582473754883 0
80.38945770263672 0
28.37274932861328 0
23.643959045410156 0
14.18637466430664 0
9.457582473754883 1
18.915164947509766 0
18.915164947509766 0
52.016700744628906 0
14.18637466430664 0
10.455145835876465 0
2.091029167175293 0
3.8035833835601807 0
42.71967697143555 0
163.1208038330078 0
3.7355096340179443 0
141.94937133789062 0
373.41058349609375 0
8.890727043151855 0
675.6953125 0
9.457582473754883 0
146.59254455566406 0
4.728791236877441 0
870.09765625 0
47.28791809082031 0
37.83032989501953 0
33.10154342651367 0
56.74549865722656 0
255.35475158691406 0
586.3701782226562 0
56.74549865722656 0
23.643959045410156 0
9.457582473754883 0
14.18637466430664 0
146.59254455566406 0
14.18637466430664 0
548.539794921875 0
80.38945770263672 0
14.18637466430664 0
127.67737579345703 0
435.048828125 0
14.18637466430664 0
42.559120178222656 0
47.28791809082031 0
61.47429275512695 0
293.1850891113281 0
359.3881530761719 0
28.37274932861328 0
70.93186950683594 0
42.559120178222656 0
293.1850891113281 0
146.59254455566406 0
4.728791236877441 0
23.643959045410156 0
28.37274932861328 0
18.915164947509766 0
4.728791236877441 0
18.915164947509766 0
37.83032989501953 0
198.6092529296875 0
23.643959045410156 0
28.37274932861328 0
14.18637466430664 0
89.84703826904297 0
66.20308685302734 0
42.559120178222656 0
236.43955993652344 0
146.59254455566406 0
108.76220703125 0
18.915164947509766 0
42.559120178222656 0
28.37274932861328 0
23.643959045410156 0
18.915164947509766 1
9.457582473754883 0
61.47429275512695 0
4.728791236877441 0
28.37274932861328 0
14.18637466430664 0
2.091029167175293 0
5.7053751945495605 0
25.631803512573242 0
28.47978401184082 0
19.574501037597656 0
88.08525085449219 0
33.61958694458008 0
186.77548217773438 0
63.50366973876953 0
26.672183990478516 0
8.890727043151855 0
604.5695190429688 0
47.28791809082031 0
643.1156616210938 0
89.84703826904297 0
28.37274932861328 0
217.5244140625 0
23.643959045410156 0
643.1156616210938 0
4.728791236877441 0
23.643959045410156 0
56.74549865722656 0
586.3701782226562 0
118.21977996826172 0
52.016700744628906 0
37.83032989501953 0
18.915164947509766 0
9.457582473754883 0
472.8791198730469 0
80.38945770263672 0
9.457582473754883 0
99.30462646484375 0
80.38945770263672 0
37.83032989501953 0
9.457582473754883 0
52.016700744628906 0
435.048828125 0
14.18637466430664 0
28.37274932861328 0
18.915164947509766 0
1097.07958984375 0
4.728791236877441 0
18.915164947509766 0
80.38945770263672 0
9.457582473754883 0
28.37274932861328 0
548.539794921875 0
61.47429275512695 0
52.016700744628906 0
274.2698974609375 0
14.18637466430664 0
18.915164947509766 0
89.84703826904297 0
80.38945770263672 0
28.37274932861328 0
9.457582473754883 0
80.38945770263672 0
37.83032989501953 0
160.77891540527344 0
18.915164947509766 0
61.47429275512695 0
56.74549865722656 0
9.457582473754883 0
9.457582473754883 0
28.37274932861328 0
18.915164947509766 0
137.13494873046875 0
99.30462646484375 0
14.18637466430664 0
4.728791236877441 0
9.457582473754883 0
9.457582473754883 0
80.38945770263672 0
42.559120178222656 0
47.28791809082031 1
14.18637466430664 0
28.37274932861328 0
3.1365437507629395 0
5.7053751945495605 0
108.22317504882812 0
110.92216491699219 0
7.471019268035889 0
216.65957641601562 0
33.61958694458008 0
8.890727043151855 0
26.672183990478516 0
168.923828125 0
257.8310852050781 0
108.76220703125 0
586.3701782226562 0
255.35475158691406 0
14.18637466430664 0
9.457582473754883 0
236.43955993652344 0
52.016700744628906 0
794.43701171875 0
42.559120178222656 0
9.457582473754883 0
61.47429275512695 0
586.3701782226562 0
146.59254455566406 0
23.643959045410156 0
18.915164947509766 0
23.643959045410156 0
52.016700744628906 0
4.728791236877441 0
217.5244140625 0
14.18637466430664 0
61.47429275512695 0
160.77891540527344 0
435.048828125 0
179.69407653808594 0
28.37274932861328 0
9.457582473754883 0
61.47429275512695 0
14.18637466430664 0
321.5578308105469 0
293.1850891113281 0
37.83032989501953 0
397.218505859375 0
66.20308685302734 0
28.37274932861328 0
66.20308685302734 0
70.93186950683594 0
9.457582473754883 0
18.915164947509766 0
137.13494873046875 0
42.559120178222656 0
18.915164947509766 0
61.47429275512695 0
56.74549865722656 0
42.559120178222656 0
14.18637466430664 0
146.59254455566406 0
37.83032989501953 0
33.10154342651367 0
66.20308685302734 0
37.83032989501953 0
118.21977996826172 0
28.37274932861328 0
14.18637466430664 0
14.18637466430664 0
160.77891540527344 0
70.93186950683594 0
33.10154342651367 0
37.83032989501953 0
33.10154342651367 0
28.37274932861328 0
14.18637466430664 0
137.13494873046875 0
4.728791236877441 1
42.559120178222656 0
9.457582473754883 0
9.457582473754883 0
3.1365437507629395 0
13.312543869018555 0
48.41563415527344 0
2.847978353500366 0
26.09933090209961 0
75.03558349609375 0
3.7355096340179443 0
156.8914337158203 0
48.89899826049805 0
35.56290817260742 0
4.445363521575928 0
186.70529174804688 0
56.74549865722656 0
359.3881530761719 0
160.77891540527344 0
255.35475158691406 0
42.559120178222656 0
42.559120178222656 0
4.728791236877441 0
198.6092529296875 0
33.10154342651367 0
643.1156616210938 0
14.18637466430664 0
42.559120178222656 0
718.7763061523438 0
146.59254455566406 0
99.30462646484375 0
127.67737579345703 0
37.83032989501953 0
9.457582473754883 0
435.048828125 0
14.18637466430664 0
42.559120178222656 0
23.643959045410156 0
33.10154342651367 0
18.915164947509766 0
42.559120178222656 0
217.5244140625 0
9.457582473754883 0
89.84703826904297 0
18.915164947509766 0
70.93186950683594 0
198.6092529296875 0
14.18637466430664 0
397.218505859375 0
23.643959045410156 0
89.84703826904297 0
217.5244140625 0
14.18637466430664 0
14.18637466430664 0
89.84703826904297 0
80.38945770263672 0
4.728791236877441 0
80.38945770263672 0
23.643959045410156 0
4.728791236877441 0
14.18637466430664 0
47.28791809082031 0
52.016700744628906 0
18.915164947509766 0
47.28791809082031 0
70.93186950683594 0
61.47429275512695 0
4.728791236877441 0
28.37274932861328 0
9.457582473754883 0
18.915164947509766 0
12.769662857055664 0
23.978761672973633 1
18.67755126953125 0
33.10154342651367 0
18.915164947509766 0
4.728791236877441 0
80.38945770263672 0
56.74549865722656 0
4.728791236877441 0
23.978761672973633 0
14.18637466430664 0
10.455145835876465 0
7.607166767120361 0
5.7053751945495605 0
39.87169647216797 0
26.09933090209961 0
110.92216491699219 0
201.71754455566406 0
11.206530570983887 0
275.6125793457031 0
26.672183990478516 0
14.18637466430664 0
643.1156616210938 0
9.457582473754883 0
4.728791236877441 0
359.3881530761719 0
42.559120178222656 0
14.18637466430664 0
510.7095031738281 0
61.47429275512695 0
137.13494873046875 0
586.3701782226562 0
198.6092529296875 0
14.18637466430664 0
9.457582473754883 0
28.37274932861328 0
643.1156616210938 0
70.93186950683594 0
23.643959045410156 0
179.69407653808594 0
28.37274932861328 0
18.915164947509766 0
37.83032989501953 0
643.1156616210938 0
23.643959045410156 0
4.728791236877441 0
23.643959045410156 0
61.47429275512695 0
9.457582473754883 0
321.5578308105469 0
137.13494873046875 0
160.77891540527344 0
9.457582473754883 0
14.18637466430664 0
9.457582473754883 0
9.457582473754883 0
359.3881530761719 0
52.016700744628906 0
14.18637466430664 0
52.016700744628906 0
4.728791236877441 0
47.28791809082031 0
9.457582473754883 0
18.915164947509766 0
33.10154342651367 0
14.18637466430664 0
18.915164947509766 0
14.18637466430664 0
70.93186950683594 0
89.84703826904297 0
66.20308685302734 0
18.915164947509766 0
28.37274932861328 0
217.5244140625 1
14.18637466430664 0
16.312084197998047 0
4.728791236877441 0
9.457582473754883 0
80.38945770263672 0
2.091029167175293 0
3.8035833835601807 0
28.47978401184082 0
59.80754852294922 0
22.78382682800293 0
28.47978401184082 0
221.84432983398438 0
26.09933090209961 0
18.67755126953125 0
313.7828674316406 0
283.89874267578125 0
151.1423797607422 0
48.89899826049805 0
373.41058349609375 0
444.5363464355469 0
53.34436798095703 0
56.74549865722656 0
9.457582473754883 0
255.35475158691406 0
4.728791236877441 0
359.3881530761719 0
14.18637466430664 0
18.915164947509766 0
70.93186950683594 0
80.38945770263672 0
14.18637466430664 0
70.93186950683594 0
28.37274932861328 0
61.47429275512695 0
510.7095031738281 0
23.643959045410156 0
321.5578308105469 0
4.728791236877441 0
4.728791236877441 0
4.728791236877441 0
89.84703826904297 0
4.728791236877441 0
80.38945770263672 0
14.18637466430664 0
435.048828125 0
397.218505859375 0
23.643959045410156 0
9.457582473754883 0
47.28791809082031 0
99.30462646484375 0
4.728791236877441 0
9.457582473754883 0
137.13494873046875 0
435.048828125 0
47.28791809082031 0
14.18637466430664 0
28.37274932861328 0
14.18637466430664 0
146.59254455566406 0
198.6092529296875 0
108.76220703125 0
52.016700744628906 0
14.18637466430664 0
28.37274932861328 0
70.93186950683594 0
217.5244140625 0
18.915164947509766 0
4.728791236877441 0
47.28791809082031 0
33.10154342651367 0
9.457582473754883 0
23.643959045410156 0
4.728791236877441 0
23.643959045410156 0
42.559120178222656 0
9.457582473754883 0
80.38945770263672 0
28.37274932861328 0
14.18637466430664 0
127.67737579345703 0
33.10154342651367 0
18.915164947509766 0
52.016700744628906 0
33.10154342651367 0
9.457582473754883 1
9.457582473754883 0
89.84703826904297 0
3.1365437507629395 0
5.7053751945495605 0
39.87169647216797 0
55.461082458496094 0
127.00733947753906 0
515.6621704101562 0
42.559120178222656 0
1097.07958984375 0
23.643959045410156 0
14.18637466430664 0
4.728791236877441 0
718.7763061523438 0
9.457582473754883 0
37.83032989501953 0
146.59254455566406 0
794.43701171875 0
89.84703826904297 0
47.28791809082031 0
28.37274932861328 0
9.457582473754883 0
23.643959045410156 0
718.7763061523438 0
33.10154342651367 0
127.67737579345703 0
510.7095031738281 0
61.47429275512695 0
28.37274932861328 0
4.728791236877441 0
70.93186950683594 0
9.457582473754883 0
472.8791198730469 0
70.93186950683594 0
4.728791236877441 0
52.016700744628906 0
18.915164947509766 0
9.457582473754883 0
4.728791236877441 0
28.37274932861328 0
9.457582473754883 0
4.728791236877441 0
9.457582473754883 0
217.5244140625 0
4.728791236877441 0
47.28791809082031 0
28.37274932861328 0
236.43955993652344 0
61.47429275512695 0
42.559120178222656 0
14.18637466430664 0
18.915164947509766 0
52.016700744628906 0
89.84703826904297 0
28.37274932861328 0
274.2698974609375 0
23.643959045410156 0
66.20308685302734 0
9.457582473754883 0
14.18637466430664 1
